"key","en","fr","ge","sp","ch","jp"
,,,,,,
"UNIVERSAL KEYS",,,,,,
,,,,,,
"Rarity_Common","Common","xxxx","1",,,
"Rarity_Rare","Rare","xxxx","1",,,
"Rarity_Epic","Epic","xxxx","1",,,
"Rarity_Legendary","Legendary","xxxx","1",,,
,,,"",,,
"ItemType_Recipe","Recipe","xxxx","1",,,
"ItemType_Ingredient","Ingredient","xxxx","1",,,
"ItemType_Consumable","Consumable","xxxx","1",,,
"ItemType_ConsumableIngredient","Consumable Ingredient","xxxx","2",,,
"ItemType_Equipment","Equipment","xxxx","1",,,
,,,,,,
,,,,,,
,,,,,,
"ITEM TYPES",,,,,,
,,,,,,
"Item_Ingredient","Ingredient","xxxx","1",,,
"Item_Equipment","Equipment","xxxx","1",,,
"Item_Consumable","Consumable","xxxx","1",,,
"Item_Material","Raw Material","xxxx","2",,,
"Item_Tool","Tool","xxxx","1",,,
"Item_Gift","Gift","xxxx","1",,,
"Item_Quest","Key Item","xxxx","2",,,
"Item_BrewingProduct","Brewing Product","xxxx","2",,,
"Item_Seed","Seed","xxxx","1",,,
"Item_PaperRecipe","Recipe","xxxx","1",,,
"Item_Dish","Dish","xxxx","1",,,
"Item_Takeout","Takeout","xxxx","1",,,
"Item_Blueprint","Blueprint","xxxx","1",,,
"Item_Note","Note","xxxx","1",,,
,,,,,,
,,,,,,
"PRESTIGE",,,,,,
,,,,,,
"Prestige_0_WhiteAshHarbor_Name","Unknown Chef","xxxx","2",,,
"Prestige_1_WhiteAshHarbor_Name","Humble Chef","xxxx","2",,,
"Prestige_2_WhiteAshHarbor_Name","Up-and-Coming","xxxx","1",,,
"Prestige_3_WhiteAshHarbor_Name","Seasoned Chef","xxxx","2",,,
"Prestige_4_WhiteAshHarbor_Name","Culinary Luminary","xxxx","2",,,
"Prestige_5_WhiteAshHarbor_Name","Rising Star","xxxx","2",,,
"Prestige_6_WhiteAshHarbor_Name","Elite Chef","xxxx","2",,,
"Prestige_7_WhiteAshHarbor_Name","Prestigious","xxxx","1",,,
"Prestige_8_WhiteAshHarbor_Name","Savant of Flavor","xxxx","3",,,
"Prestige_9_WhiteAshHarbor_Name","Virtuoso","xxxx","1",,,
"Prestige_10_WhiteAshHarbor_Name","Culinary Innovator","xxxx","2",,,
,,,,,,
,,,,,,
,,,,,,
"HAIRSTYLES",,,,,,
,,,,,,
"Hair_M_Afro","Afro","xxxx","1",,,
"Hair_M_Atlas","Atlas","xxxx","1",,,
"Hair_M_Bald","Bald","xxxx","1",,,
"Hair_M_Beard","Beard","xxxx","1",,,
"Hair_M_Billy","Billy","xxxx","1",,,
"Hair_M_Blacksmith","Blacksmith","xxxx","1",,,
"Hair_M_BowlCut","Bowl Cut","xxxx","2",,,
"Hair_M_Casanova","Casanova","xxxx","1",,,
"Hair_M_Combover","Combover","xxxx","1",,,
"Hair_M_CoolFlip","Cool Flip","xxxx","2",,,
"Hair_M_Gladiator","Gladiator","xxxx","1",,,
"Hair_M_Horizon","Horizon","xxxx","1",,,
"Hair_M_IcyFlow","Icy Flow","xxxx","2",,,
"Hair_M_LionMane","Lion Mane","xxxx","2",,,
"Hair_M_Longbeard","Longbeard","xxxx","1",,,
"Hair_M_Lucius","Lucius","xxxx","1",,,
"Hair_M_Majestic","Majestic","xxxx","1",,,
"Hair_M_ManBun","Man Bun","xxxx","2",,,
"Hair_M_Maverick","Maverick","xxxx","1",,,
"Hair_M_Metal","Metal","xxxx","1",,,
"Hair_M_MiddlePart","Middle Part","xxxx","2",,,
"Hair_M_Mohawk","Mohawk","xxxx","1",,,
"Hair_M_Mustache","Mustache","xxxx","1",,,
"Hair_M_Nomad","Nomad","xxxx","1",,,
"Hair_M_Oppa","Oppa","xxxx","1",,,
"Hair_M_Phil","Phil","xxxx","1",,,
"Hair_M_Preppy","Preppy","xxxx","1",,,
"Hair_M_Raider","Raider","xxxx","1",,,
"Hair_M_Raze","Raze","xxxx","1",,,
"Hair_M_Rebel","Rebel","xxxx","1",,,
"Hair_M_Rockstar","Rockstar","xxxx","1",,,
"Hair_M_Sergeant","Sergeant","xxxx","1",,,
"Hair_M_Shadow","Shadow","xxxx","1",,,
"Hair_M_Shaggy","Shaggy","xxxx","1",,,
"Hair_M_Suave","Suave","xxxx","1",,,
"Hair_M_Tempest","Tempest","xxxx","1",,,
"Hair_M_TheGrit","The Grit","xxxx","2",,,
"Hair_M_TheStorm","The Storm","xxxx","2",,,
,,,,,,
"Hair_F_Afro","Afro","xxxx","1",,,
"Hair_F_Asymmetric","Asymmetric","xxxx","1",,,
"Hair_F_Aurora","Aurora","xxxx","1",,,
"Hair_F_Bald","Bald","xxxx","1",,,
"Hair_F_Ballroom","Ballroom","xxxx","1",,,
"Hair_F_Carla","Carla","xxxx","1",,,
"Hair_F_Celeste","Celeste","xxxx","1",,,
"Hair_F_Dahlia","Dahlia","xxxx","1",,,
"Hair_F_Diva","Diva","xxxx","1",,,
"Hair_F_DoubleBun","Double Bun","xxxx","2",,,
"Hair_F_DoublePonytail","Double Ponytail","xxxx","2",,,
"Hair_F_DoubleStreaks","Double Streaks","xxxx","2",,,
"Hair_F_Emelia","Emelia","xxxx","1",,,
"Hair_F_Jolie","Jolie","xxxx","1",,,
"Hair_F_Lana","Lana","xxxx","1",,,
"Hair_F_Leia","Leia","xxxx","1",,,
"Hair_F_LonelyBun","Lonely Bun","xxxx","2",,,
"Hair_F_LongBangs","Long Bangs","xxxx","2",,,
"Hair_F_LongCurls","Long Curls","xxxx","2",,,
"Hair_F_Midnight","Midnight","xxxx","1",,,
"Hair_F_MiniBun","Mini Bun","xxxx","2",,,
"Hair_F_Mirage","Mirage","xxxx","1",,,
"Hair_F_Mohawk","Mohawk","xxxx","1",,,
"Hair_F_NaturalFlow","Natural Flow","xxxx","2",,,
"Hair_F_Nova","Nova","xxxx","1",,,
"Hair_F_OnTheEdge","On the Edge","xxxx","3",,,
"Hair_F_Ponytail","Ponytail","xxxx","1",,,
"Hair_F_Raven","Raven","xxxx","1",,,
"Hair_F_Sato","Sato","xxxx","1",,,
"Hair_F_ShortBob","Short Bob","xxxx","2",,,
"Hair_F_Straight","Straight","xxxx","1",,,
"Hair_F_Stream","Stream","xxxx","1",,,
"Hair_F_Suave","Suave","xxxx","1",,,
"Hair_F_Tornado","Tornado","xxxx","1",,,
"Hair_F_Waltz","Waltz","xxxx","1",,,
"Hair_F_Willow","Willow","xxxx","1",,,
,,,,,,
,,,,,,
"FUNCTION",,,,,,
,,,,,,
"Buy_For_Credits","Buy for (price) Credits.","xxxx","4",,,
"Sell_For_Credits","Sell for (price) Credits.","xxxx","4",,,
"Redeem_For_Tickets","Redeem for (price) Peony Tickets.","xxxx","5",,,
,,,,,,
"FURNITURE",,,,,,
,,,,,,
"FurnitureType_Appliance","Appliance","xxxx","1",,,
"FurnitureType_Bed","Bed","xxxx","1",,,
"FurnitureType_Cabinet","Cabinet","xxxx","1",,,
"FurnitureType_Counter","Counter","xxxx","1",,,
"FurnitureType_DiningChair","Dining Chair","xxxx","2",,,
"FurnitureType_DiningTable","Dining Table","xxxx","2",,,
"FurnitureType_Carpet","Carpet","xxxx","1",,,
"FurnitureType_Heater","Heater","xxxx","1",,,
"FurnitureType_LoungeChair","Lounge Chair","xxxx","2",,,
"FurnitureType_LoungeTable","Lounge Table","xxxx","2",,,
"FurnitureType_Computer","Computer","xxxx","1",,,
"FurnitureType_Plant","Plant","xxxx","1",,,
"FurnitureType_WaterFeature","Water Feature","xxxx","2",,,
"FurnitureType_Refridgerator","Refrigerator","xxxx","1",,,
"FurnitureType_Shower","Shower","xxxx","1",,,
"FurnitureType_Sink","Sink","xxxx","1",,,
"FurnitureType_Storage","Storage","xxxx","1",,,
"FurnitureType_WallDecoration","Wall Decoration","xxxx","2",,,
"FurnitureType_Art","Art","xxxx","1",,,
"FurnitureType_Brewing","Brewing","xxxx","1",,,
"FurnitureType_FloorTile","Floor Tile","xxxx","2",,,
,,,,,,
,,,,,,
"FurnitureCategory_House","House","xxxx","1",,,
"FurnitureCategory_Restaurant","Restaurant","xxxx","1",,,
"FurnitureCategory_Table","Dining Table","xxxx","2",,,
"FurnitureCategory_Chair","Dining Chair","xxxx","2",,,
"FurnitureCategory_Floor","Flooring","xxxx","1",,,
"FurnitureCategory_Walls","Wall Decor","xxxx","2",,,
"FurnitureCategory_Misc","Misc","xxxx","1",,,
"FurnitureCategory_Plants","Vegetation","xxxx","1",,,
,,,,,,
,,,,,,
"FurnitureStyle_Rustic","Rustic","xxxx","1",,,
"FurnitureStyle_Classical","Classical","xxxx","1",,,
"FurnitureStyle_Modern","Modern","xxxx","1",,,
"FurnitureStyle_SciFi","Sci-Fi","xxxx","1",,,
"FurnitureStyle_Opulent","Opulent","xxxx","1",,,
"FurnitureStyle_Fantasy","Fantasy","xxxx","1",,,
"FurnitureStyle_Industrial","Industrial","xxxx","1",,,
"FurnitureStyle_ArtDeco","Art Deco","xxxx","2",,,
"FurnitureStyle_Retro","Retro","xxxx","1",,,
"FurnitureStyle_Festive","Festive","xxxx","1",,,
"FurnitureStyle_Cute","Cute","xxxx","1",,,
,,,,,,
,,,,,,
,,,,,,
"FOOD RELATED",,,,,,
,,,,,,
"RecipeType_Appetizer","Appetizer","xxxx","1",,,
"RecipeType_MainCourse","Main Course","xxxx","2",,,
"RecipeType_Dessert","Dessert","xxxx","1",,,
"RecipeType_Beverage","Beverage","xxxx","1",,,
,,,"",,,
"ApplianceType_Counter","Chef Counter","xxxx","2",,,
"ApplianceType_Stove","Stove","xxxx","1",,,
"ApplianceType_Oven","Oven","xxxx","1",,,
"ApplianceType_Steamer","Steamer","xxxx","1",,,
"ApplianceType_Frier","Frier","xxxx","1",,,
"ApplianceType_Blender","Blender","xxxx","1",,,
"ApplianceType_IceCreamMachine","Ice Cream Machine","xxxx","3",,,
"ApplianceType_BaristaMachine","Barista Machine","xxxx","2",,,
"ApplianceType_Grill","Grill","xxxx","1",,,
,,,,,,
"Random_Recipe_Appetizer","Random Appetizer Recipe","xxxx","3",,,
"Random_Recipe_MainCourse","Random Main Recipe","xxxx","3",,,
"Random_Recipe_Dessert","Random Dessert Recipe","xxxx","3",,,
"Random_Recipe_Beverage","Random Beverage Recipe","xxxx","3",,,
"Paper_Recipe_Unlock","Right click to unlock recipe.","xxxx","5",,,
,,,,,,
"Takeout_Generic_Description","A pre-packaged dish to go.","xxxx","5",,,
,,,,,,
"FoodCategory_None","None","xxxx","1",,,
"FoodCategory_Flexible","Flexible","xxxx","1",,,
"FoodCategory_BBQ","BBQ","xxxx","1",,,
"FoodCategory_Baked","Baked","xxxx","1",,,
"FoodCategory_Seafood","Seafood","xxxx","1",,,
"FoodCategory_Mixology","Mixology","xxxx","1",,,
"FoodCategory_Molecular","Molecular","xxxx","1",,,
"FoodCategory_Vegetarian","Vegi","xxxx","1",,,
,,,"",,,
"MeatVegan_Flexible","Flexible","xxxx","1",,,
"MeatVegan_Meat","Meat","xxxx","1",,,
"MeatVegan_Vegetarian","Vegetarian","xxxx","1",,,
"MeatVegan_Vegan","Vegan","xxxx","1",,,
,,,,,,
,,,,,,
"WILD PLANTS",,,,,,
,,,,,,
"AppleTree_Name","Apple Tree","xxxx","2",,,
"AppleTree_Description","It's rare to see a wild apple tree growing this big. The apples look crispy and juicy.","xxxx","17",,,
,,,,,,
"AsparagusPlant_Name","Asparagus","xxxx","1",,,
"AsparagusPlant_Description","These green shoots are highly nutritious plant that offers both culinary delight and ecological benefits.","xxxx","15",,,
,,,,,,
"BeehiveTree_Name","Beehive Tree","xxxx","2",,,
"BeehiveTree_Description","Maybe I can knock this down from far away . . .","xxxx","12",,,
,,,,,,
"CaveMushroom_Name","Cave Mushroom","xxxx","2",,,
"CaveMushroom_Description","The damp and dark environment seem like a perfect habitat for these strange mushrooms.","xxxx","14",,,
,,,,,,
"ChiliBush_Name","Chili Bush","xxxx","2",,,
"ChiliBush_Description","These spicy bushes require a lot of sunlight to grow.","xxxx","10",,,
,,,,,,
"CranberryBush_Name","Cranberry Bush","xxxx","2",,,
"CranberryBush_Description","The cranberries look like little red marbles. I bet they taste great!","xxxx","12",,,
,,,,,,
"ElderberryBush_Name","Elderberry Bush","xxxx","2",,,
"ElderberryBush_Description","What makes an elderberry 'elder'? Is it because the berry has gone old?","xxxx","13",,,
,,,,,,
"MintLeaf_Name","Mint Leaf","xxxx","2",,,
"MintLeaf_Description","The refreshing scent from these leaves makes you think of a nice spring breeze.","xxxx","14",,,
,,,,,,
"RaspberryBush_Name","Raspberry Bush","xxxx","2",,,
"RaspberryBush_Description","These vibrant raspberries look ripe and delicious. The culinary possibilities are endless.","xxxx","12",,,
,,,"",,,
"SorghumPlant_Name","Sorghum Plant","xxxx","2",,,
"SorghumPlant_Description","A tall grain that grows in warm climates. You can make flour and brew alcohol with this.","xxxx","17",,,
,,,"",,,
"StrawberryBush_Name","Strawberry Bush","xxxx","2",,,
"StrawberryBush_Description","An elegant looking bush with plump strawberries growing on its stems.","xxxx","11",,,
,,,"",,,
"SugarCane_Name","Sugar Cane","xxxx","2",,,
"SugarCane_Description","I wonder how you are supposed to eat this?","xxxx","9",,,
,,,"",,,
"TeaLeaves_Name","Tea Leaves","xxxx","2",,,
"TeaLeaves_Description","You make tea using almost anything, but these leaves are always the foundation of a good brew.","xxxx","17",,,
,,,"",,,
"WildWatercress_Name","Wild Watercress","xxxx","2",,,
"WildWatercress_Description","This leafy plant typically grows in shallow, slow-moving freshwater. The swamp is a perfect home for this.","xxxx","17",,,
,,,"",,,
"WildCarrot_Name","Wild Carrot","xxxx","2",,,
"WildCarrot_Description","These are smaller than cultivated carrots, but they possess some unique, earthy flavors.","xxxx","13",,,
,,,"",,,
"WildLettuce_Name","Wild Lettuce","xxxx","2",,,
"WildLettuce_Description","This should be great in salads and soups.","xxxx","8",,,
,,,"",,,
"WildMushroom_Name","Wild Mushroom","xxxx","2",,,
"WildMushroom_Description","The aroma from this musrhoom smells sweet and earthy. Think if all the possibilities!","xxxx","14",,,
,,,"",,,
"WildRice_Name","Wild Rice","xxxx","2",,,
"WildRice_Description","This is a staple in Asian cuisine. I should use a scythe to harvest this.","xxxx","15",,,
,,,"",,,
"WildSpinach_Name","Wild Spinach","xxxx","2",,,
"WildSpinach_Description","A source for a healthy and nutricious meal. However, it will be difficult to draw great flavors from this.","xxxx","19",,,
,,,,,,
,,,,,,
,,,,,,
"FARMED PLANTS",,,,,,
,,,,,,
"BarleyPlant_Name","Barley Plant","xxxx","2",,,
"BarleyPlant_Description","A commonly cultivated grain with a variety of uses.","xxxx","9",,,
,,,"",,,
"BellPepperPlant_Name","Bell Pepper Plant","xxxx","3",,,
"BellPepperPlant_Description","This will yield a juicy and tasty pepper.","xxxx","8",,,
,,,,,,
"CacaoTree_Name","Cacao Tree","xxxx","2",,,
"CacaoTree_Description","The strangely shaped beans contains the essence of chocolate.","xxxx","9",,,
,,,"",,,
"CinnamonTree_Name","Cinnamon Tree","xxxx","2",,,
"CinnamonTree_Description","Once fully grown, the bark of the tree can be peeled off to make cinnamon sticks.","xxxx","16",,,
,,,"",,,
"CoconutTree_Name","Coconut Tree","xxxx","2",,,
"CoconutTree_Description","This tree is difficult to grow and requires a lot of sunlight.","xxxx","12",,,
,,,"",,,
"CoffeePlant_Name","Coffee Plant","xxxx","2",,,
"CoffeePlant_Description","If this produces beans fast enough, you can have free coffee every day!","xxxx","13",,,
,,,"",,,
"CottonPlant_Name","Cotton Plant","xxxx","2",,,
"CottonPlant_Description","A unique plant that grows Cotton for making clothes.","xxxx","9",,,
,,,"",,,
"DaikonPlant_Name","Daikon Plant","xxxx","2",,,
"DaikonPlant_Description","A type of root vegetable that grows into the soil.","xxxx","10",,,
,,,"",,,
"EggplantPlant_Name","Eggplant","xxxx","1",,,
"EggplantPlant_Description","The fruits grown from this plant possess endless culinary possibilities.","xxxx","10",,,
,,,"",,,
"GingerPlant_Name","Ginger Plant","xxxx","2",,,
"GingerPlant_Description","This flowering plant has a distinct, aromatic scent.","xxxx","8",,,
,,,"",,,
"Grapevine_Name","Grapevine","xxxx","1",,,
"Grapevine_Description","Think of all the wine you could make!","xxxx","8",,,
,,,"",,,
"LemonTree_Name","Lemon Tree","xxxx","2",,,
"LemonTree_Description","It's time to expand your lemonade empire.","xxxx","7",,,
,,,"",,,
"OnionPlant_Name","Onion Plant","xxxx","2",,,
"OnionPlant_Description","A commonly used ingredient in cooking. It is also quick and easy to grow.","xxxx","14",,,
,,,"",,,
"OrangeTree_Name","Orange Tree","xxxx","2",,,
"OrangeTree_Description","This citrus tree requires a lot of sunlight and warmth to grow.","xxxx","12",,,
,,,"",,,
"PineapplePlant_Name","Pineapple Plant","xxxx","2",,,
"PineapplePlant_Description","It looks pointy everywhere . . . Better be careful with this.","xxxx","12",,,
,,,"",,,
"PotatoPlant_Name","Potato Plant","xxxx","2",,,
"PotatoPlant_Description","The potato is still a staple in the cuisine of most cultures.","xxxx","12",,,
,,,"",,,
"PumpkinPlant_Name","Pumpkin Plant","xxxx","2",,,
"PumpkinPlant_Description","Let's hope the pumpkin grows to be big and round.","xxxx","10",,,
,,,,,,
"SquashPlant_Name","Squash Plant","xxxx","2",,,
"SquashPlant_Description","This requires a lot of sunlight to grow well.","xxxx","9",,,
,,,"",,,
"TomatoPlant_Name","Tomato Plant","xxxx","2",,,
"TomatoPlant_Description","This little plant is the basis of Italian cuisine.","xxxx","9",,,
,,,"",,,
"TwistedTree_Name","Twisted Root Tree","xxxx","3",,,
"TwistedTree_Description","These roots are tangled together in unexpected ways.","xxxx","8",,,
,,,"",,,
"VanillaPlant_Name","Vanilla Plant","xxxx","2",,,
"VanillaPlant_Description","It smells very sweet and aromatic.","xxxx","6",,,
,,,"",,,
"WheatPlant_Name","Wheat Plant","xxxx","2",,,
"WheatPlant_Description","So this is where the life of a pastry begins.","xxxx","10",,,
,,,"",,,
,,,"",,,
,,,"",,,
,,,"",,,
"INGREDIENTS",,,"",,,
,,,"",,,
"Aperol_Ingredient_Name","Aperol","xxxx","1",,,
"Aperol_Ingredient_Description","A bright orange alcohol.","xxxx","4",,,
,,,"",,,
"Asparagus_Ingredient_Name","Asparagus","xxxx","1",,,
"Asparagus_Ingredient_Description","Green, shooted vegetables that taste better than it looks.","xxxx","9",,,
,,,"",,,
"Baijiu_Ingredient_Name","Baijiu","xxxx","1",,,
"Baijiu_Ingredient_Description","A very popular Chinese liquor. It's as clear as water.","xxxx","10",,,
,,,"",,,
"Banana_Ingredient_Name","Banana","xxxx","1",,,
"Banana_Ingredient_Description","Banamama!","xxxx","1",,,
,,,"",,,
"Barley_Ingredient_Name","Barley","xxxx","1",,,
"Barley_Ingredient_Description","This grain is useful for brewing alcohols.","xxxx","7",,,
,,,"",,,
"Beer_Ingredient_Name","Beer!","xxxx","1",,,
"Beer_Ingredient_Description","Nothing beats a cold one on a hot summer day.","xxxx","10",,,
,,,"",,,
"BellPepper_Ingredient_Name","Bell Pepper","xxxx","2",,,
"BellPepper_Ingredient_Description","Yellow variant of a mild pepper.","xxxx","6",,,
,,,"",,,
"Blueberry_Ingredient_Name","Blueberry","xxxx","1",,,
"Blueberry_Ingredient_Description","Deep blue berry that contains various health benefits.","xxxx","8",,,
,,,"",,,
"BoarMeat_Ingredient_Name","Boar Meat","xxxx","2",,,
"BoarMeat_Ingredient_Description","Leaner than pork, but still delicious.","xxxx","6",,,
,,,"",,,
"Brandy_Ingredient_Name","Brandy","xxxx","1",,,
"Brandy_Ingredient_Description","A golden liquor created from distilling wine.","xxxx","7",,,
,,,"",,,
"Cachaca_Ingredient_Name","Cachaca","xxxx","1",,,
"Cachaca_Ingredient_Description","A popular Brazilian alcohol made from sugarcane juice.","xxxx","8",,,
,,,"",,,
"Caviar_Ingredient_Name","Caviar","xxxx","1",,,
"Caviar_Ingredient_Description","This highly sought-after delicacy can only be found in Sturgeon.","xxxx","10",,,
,,,"",,,
"Cheese_Ingredient_Name","Cheese","xxxx","1",,,
"Cheese_Ingredient_Description","Holey.","xxxx","1",,,
,,,"",,,
"Cherry_Ingredient_Name","Cherry","xxxx","1",,,
"Cherry_Ingredient_Description","A tasty red fruit. Hard to find these days.","xxxx","9",,,
,,,"",,,
"Chili_Ingredient_Name","Chili","xxxx","1",,,
"Chili_Ingredient_Description","Better be careful eating this.","xxxx","5",,,
,,,"",,,
"Cider_Ingredient_Name","Cider","xxxx","1",,,
"Cider_Ingredient_Description","Made from fermented apple juice.","xxxx","5",,,
,,,"",,,
"Cinnamon_Ingredient_Name","Cinnamon","xxxx","1",,,
"Cinnamon_Ingredient_Description","What a great smell!","xxxx","4",,,
,,,"",,,
"Clam_Ingredient_Name","Clam","xxxx","1",,,
"Clam_Ingredient_Description","This was just laying on the beach.","xxxx","7",,,
,,,"",,,
"CocoaBean_Ingredient_Name","Cocoa Bean","xxxx","2",,,
"CocoaBean_Ingredient_Description","How does this become chocolate?","xxxx","5",,,
,,,"",,,
"Coconut_Ingredient_Name","Coconut","xxxx","1",,,
"Coconut_Ingredient_Description","Gotta open this up first.","xxxx","5",,,
,,,"",,,
"CoffeeBeans_Ingredient_Name","Coffee Beans","xxxx","2",,,
"CoffeeBeans_Ingredient_Description","The source of all productivity.","xxxx","5",,,
,,,"",,,
"CrabMeat_Ingredient_Name","Crab Meat","xxxx","2",,,
"CrabMeat_Ingredient_Description","This delicious crustacean has endless culinary possibilities!","xxxx","7",,,
,,,"",,,
"Cranberry_Ingredient_Name","Cranberry","xxxx","1",,,
"Cranberry_Ingredient_Description","Surprisingly sour, but could be useful for salads and beverages.","xxxx","10",,,
,,,"",,,
"Cream_Ingredient_Name","Cream","xxxx","1",,,
"Cream_Ingredient_Description","Makes food creamier.","xxxx","3",,,
,,,"",,,
"DaikonRadish_Ingredient_Name","Daikon Radish","xxxx","2",,,
"DaikonRadish_Ingredient_Description","A nutritious root vegetable popular in Asian cuisines.","xxxx","8",,,
,,,"",,,
"DarkChocolate_Ingredient_Name","Dark Chocolate","xxxx","2",,,
"DarkChocolate_Ingredient_Description","A bitter cocoa treat.","xxxx","4",,,
,,,"",,,
"Egg_Ingredient_Name","Egg","xxxx","1",,,
"Egg_Ingredient_Description","Which one came first?","xxxx","4",,,
,,,"",,,
"Eggplant_Ingredient_Name","Eggplant","xxxx","1",,,
"Eggplant_Ingredient_Description","Apparently, this is a berry.","xxxx","5",,,
,,,"",,,
"Elderberries_Ingredient_Name","Elderberries","xxxx","1",,,
"Elderberries_Ingredient_Description","Tastes better in a jam.","xxxx","5",,,
,,,"",,,
"ElkRib_Ingredient_Name","Elk Rib","xxxx","2",,,
"ElkRib_Ingredient_Description","Beef-like taste with an added nutty flavor.","xxxx","7",,,
,,,"",,,
"Flour_Ingredient_Name","Flour","xxxx","1",,,
"Flour_Ingredient_Description","The source of all pastries.","xxxx","5",,,
,,,"",,,
"Ginger_Ingredient_Name","Ginger","xxxx","1",,,
"Ginger_Ingredient_Description","A strange looking root.","xxxx","4",,,
,,,"",,,
"Ginseng_Ingredient_Name","Ginseng","xxxx","1",,,
"Ginseng_Ingredient_Description","This golden root has incredible health properties.","xxxx","7",,,
,,,"",,,
"Grapes_Ingredient_Name","Grapes","xxxx","1",,,
"Grapes_Ingredient_Description","It has a sweet and tangy flavor. You can make wine from this.","xxxx","13",,,
,,,"",,,
"Honeycomb_Ingredient_Name","Honeycomb","xxxx","1",,,
"Honeycomb_Ingredient_Description","Keep away from Winnie.","xxxx","4",,,
,,,"",,,
"Lemon_Ingredient_Name","Lemon","xxxx","1",,,
"Lemon_Ingredient_Description","Sour!","xxxx","1",,,
,,,"",,,
"Lettuce_Ingredient_Name","Lettuce","xxxx","1",,,
"Lettuce_Ingredient_Description","Perfect for salads and burgers.","xxxx","5",,,
,,,"",,,
"Lobster_Ingredient_Name","Lobster","xxxx","1",,,
"Lobster_Ingredient_Description","It's got a thick shell.","xxxx","5",,,
,,,"",,,
"Mango_Ingredient_Name","Mango","xxxx","1",,,
"Mango_Ingredient_Description","Delicious tropical fruit.","xxxx","3",,,
,,,"",,,
"Mead_Ingredient_Name","Mead","xxxx","1",,,
"Mead_Ingredient_Description","A golden liquor made from fermented honey water.","xxxx","8",,,
,,,"",,,
"Milk_Ingredient_Name","Milk","xxxx","1",,,
"Milk_Ingredient_Description","A staple ingredient in all cuisines. Creamy!","xxxx","7",,,
,,,"",,,
"MintLeaf_Ingredient_Name","Mint Leaf","xxxx","2",,,
"MintLeaf_Ingredient_Description","Smells like springtime.","xxxx","3",,,
,,,"",,,
"Mushroom_Ingredient_Name","Mushroom","xxxx","1",,,
"Mushroom_Ingredient_Description","It's a brown Cremini mushroom.","xxxx","5",,,
,,,"",,,
"Onion_Ingredient_Name","Onion","xxxx","1",,,
"Onion_Ingredient_Description","A staple ingredient in many dishes.","xxxx","6",,,
,,,"",,,
"Orange_Ingredient_Name","Orange","xxxx","1",,,
"Orange_Ingredient_Description","Your daily dose of vitamin C.","xxxx","6",,,
,,,"",,,
"Pumpkin_Ingredient_Name","Pumpkin","xxxx","1",,,
"Pumpkin_Ingredient_Description","Hehehe, happy Halloween!","xxxx","3",,,
,,,"",,,
"Potato_Ingredient_Name","Potato","xxxx","1",,,
"Potato_Ingredient_Description","It's a little bit dirty.","xxxx","5",,,
,,,"",,,
"Raki_Ingredient_Name","Raki","xxxx","1",,,
"Raki_Ingredient_Description","A Turkish spirit made through distilling fermented grape juice.","xxxx","9",,,
,,,"",,,
"Raspberry_Ingredient_Name","Raspberry","xxxx","1",,,
"Raspberry_Ingredient_Description","Great for use in desserts.","xxxx","5",,,
,,,"",,,
"Pineapple_Ingredient_Name","Pineapple","xxxx","1",,,
"Pineapple_Ingredient_Description","A delicious tropical fruit. It's hard to find these days.","xxxx","10",,,
,,,"",,,
"RawPheasant_Ingredient_Name","Raw Pheasant","xxxx","2",,,
"RawPheasant_Ingredient_Description","An ancient relative of the domestic chicken.","xxxx","7",,,
,,,"",,,
"PheasantStock_Ingredient_Name","Pheasant Stock","xxxx","2",,,
"PheasantStock_Ingredient_Description","Soup base made from pheasant.","xxxx","5",,,
,,,"",,,
"Pumpkin_Ingredient_Name","Pumpkin","xxxx","1",,,
"PheasantStock_Ingredient_Description","Hehehe, happy Halloween!","xxxx","3",,,
,,,"",,,
"RedApple_Ingredient_Name","Red Apple","xxxx","2",,,
"RedApple_Ingredient_Description","An apple a day keeps the doctor away!","xxxx","8",,,
,,,"",,,
"RedWine_Ingredient_Name","Red Wine","xxxx","2",,,
"RedWine_Ingredient_Description","Dark red alcohol made from grapes.","xxxx","6",,,
,,,"",,,
"RancidAlcohol_Ingredient_Name","Rancid Alcohol","xxxx","2",,,
"RancidAlcohol_Ingredient_Description","The result of a failed brewing experiment.","xxxx","7",,,
,,,"",,,
"Rum_Ingredient_Name","Rum","xxxx","1",,,
"Rum_Ingredient_Description","Popular alcohol originating from sugar canes.","xxxx","6",,,
,,,"",,,
"Saffron_Ingredient_Name","Saffron","xxxx","1",,,
"Saffron_Ingredient_Description","This is the most expensive spice on the planet. It can only be found on the rare Crocus flower.","xxxx","19",,,
,,,"",,,
"Sake_Ingredient_Name","Sake","xxxx","1",,,
"Sake_Ingredient_Description","A Japanese rice wine that goes great with a variety of foods. Kanpai!","xxxx","13",,,
,,,"",,,
"Salmon_Ingredient_Name","Salmon","xxxx","1",,,
"Salmon_Ingredient_Description","A common fish. It can be made into a variety of dishes.","xxxx","12",,,
,,,"",,,
"SalmonRoe_Ingredient_Name","Salmon Roe","xxxx","2",,,
"SalmonRoe_Ingredient_Description","Little balls of concentrated flavor.","xxxx","5",,,
,,,"",,,
"Scallop_Ingredient_Name","Scallop","xxxx","1",,,
"Scallop_Ingredient_Description","There is some meaty goodness inside this shell.","xxxx","8",,,
,,,"",,,
"SeaUrchin_Ingredient_Name","Sea Urchin","xxxx","2",,,
"SeaUrchin_Ingredient_Description","Can you eat this thing?","xxxx","5",,,
,,,"",,,
"Seaweed_Ingredient_Name","Seaweed","xxxx","1",,,
"Seaweed_Ingredient_Description","Is this what the sea tastes like?","xxxx","7",,,
,,,"",,,
"Shrimp_Ingredient_Name","Shrimp","xxxx","1",,,
"Shrimp_Ingredient_Description","A small crustacean.","xxxx","3",,,
,,,"",,,
"Soju_Ingredient_Name","Soju","xxxx","1",,,
"Soju_Ingredient_Description","A Korean alcohol made from rice.","xxxx","6",,,
,,,"",,,
"Sorghum_Ingredient_Name","Sorghum","xxxx","1",,,
"Sorghum_Ingredient_Description","A nutritious grain with a variety of uses.","xxxx","8",,,
,,,"",,,
"SparklingWine_Ingredient_Name","Sparkling Wine","xxxx","2",,,
"SparklingWine_Ingredient_Description","This wine bubbles and fizzles. Watch out for the cork!","xxxx","10",,,
,,,"",,,
"Squash_Ingredient_Name","Squash","xxxx","1",,,
"Squash_Ingredient_Description","A strangely-shaped gourd.","xxxx","3",,,
,,,"",,,
"Squid_Ingredient_Name","Squid","xxxx","1",,,
"Squid_Ingredient_Description","A long, slimy mollusc found in the ocean.","xxxx","8",,,
,,,"",,,
"Spinach_Ingredient_Name","Spinach","xxxx","1",,,
"Spinach_Ingredient_Description","Very green and very healthy.","xxxx","5",,,
,,,"",,,
"Strawberry_Ingredient_Name","Strawberry","xxxx","1",,,
"Strawberry_Ingredient_Description","Delicious red fruit that's hard to find these days.","xxxx","9",,,
,,,"",,,
"SugarCane_Ingredient_Name","Sugar Cane","xxxx","2",,,
"SugarCane_Ingredient_Description","Sweet when you chew on this.","xxxx","6",,,
,,,"",,,
"Takuan_Ingredient_Name","Takuan","xxxx","1",,,
"Takuan_Ingredient_Description","Made of preserved radishes.","xxxx","4",,,
,,,"",,,
"TeaLeaves_Ingredient_Name","Tea Leaves","xxxx","2",,,
"TeaLeaves_Ingredient_Description","Would you like some tea?","xxxx","5",,,
,,,"",,,
"Truffle_Ingredient_Name","Truffle","xxxx","1",,,
"Truffle_Ingredient_Description","This extremely rare mushroom can sometimes be found growing underground, often attached to tree roots.","xxxx","15",,,
,,,"",,,
"Tuna_Ingredient_Name","Tuna","xxxx","1",,,
"Tuna_Ingredient_Description","Huuuge fish.","xxxx","2",,,
,,,"",,,
"Vanilla_Ingredient_Name","Vanilla","xxxx","1",,,
"Vanilla_Ingredient_Description","A spice derived from orchids.","xxxx","5",,,
,,,"",,,
"Vodka_Ingredient_Name","Vodka","xxxx","1",,,
"Vodka_Ingredient_Description","A clear liquor made from potato mash.","xxxx","7",,,
,,,"",,,
"WagyuSteak_Ingredient_Name","Wagyu Steak","xxxx","2",,,
"WagyuSteak_Ingredient_Description","The meat that surpasses all others.","xxxx","6",,,
,,,"",,,
"Watermelon_Ingredient_Name","Watermelon","xxxx","1",,,
"Watermelon_Ingredient_Description","Perfect for a hot, sunny day.","xxxx","6",,,
,,,"",,,
"Watercress_Ingredient_Name","Watercress","xxxx","1",,,
"Watercress_Ingredient_Description","A common edible plant found in bodies of water.","xxxx","9",,,
,,,"",,,
"Wheat_Ingredient_Name","Wheat","xxxx","1",,,
"Wheat_Ingredient_Description","You can make flour and several kinds of alcohol with these.","xxxx","11",,,
,,,"",,,
"Whisky_Ingredient_Name","Whisky","xxxx","1",,,
"Whisky_Ingredient_Description","Brown liquor made from fermented grain mash.","xxxx","7",,,
,,,"",,,
"WildCarrot_Ingredient_Name","Wild Carrot","xxxx","2",,,
"WildCarrot_Ingredient_Description","Bunnies love this.","xxxx","3",,,
,,,"",,,
"WildTomato_Ingredient_Name","Wild Tomato","xxxx","2",,,
"WildTomato_Ingredient_Description","Fresh and ripe.","xxxx","3",,,
,,,"",,,
"WildRice_Ingredient_Name","Wild Rice","xxxx","2",,,
"WildRice_Ingredient_Description","Harvested from the wild rice plant found in bodies of water.","xxxx","11",,,
,,,"",,,
"Yellowtail_Ingredient_Name","Yellowtail","xxxx","1",,,
"Yellowtail_Ingredient_Description","What a catch!","xxxx","3",,,
,,,"",,,
,,,"",,,
,,,"",,,
,,,"",,,
"SEEDS",,,"",,,
,,,"",,,
"AppleSeed_Name","Apple Tree Seeds","xxxx","3",,,
"AppleSeed_Description","Plant this to grow an apple tree.","xxxx","7",,,
,,,"",,,
"AsparagusSeed_Ingredient_Name","Asparagus Seeds","xxxx","2",,,
"AsparagusSeed_Ingredient_Description","Plant this to grow an asparagus plant.","xxxx","7",,,
,,,"",,,
"BananaSeed_Name","Banana Tree Seeds","xxxx","3",,,
"BananaSeed_Description","Plant this to grow a banana tree.","xxxx","7",,,
,,,"",,,
"BarleySeed_Name","Barley Seeds","xxxx","2",,,
"BarleySeed_Description","Plant this to grow barley.","xxxx","5",,,
,,,"",,,
"BellPepperSeed_Name","Bell Pepper Seeds","xxxx","3",,,
"BellPepperSeed_Description","Plant this to grow a bell pepper plant.","xxxx","8",,,
,,,"",,,
"CarrotSeed_Name","Carrot Seeds","xxxx","2",,,
"CarrotSeed_Description","Plant this to grow a carrot plant.","xxxx","7",,,
,,,"",,,
"CherrySeed_Name","Cherry Tree Seeds","xxxx","3",,,
"CherrySeed_Description","Plant this to grow a cherry tree.","xxxx","7",,,
,,,"",,,
"CinnamonSeed_Name","Cinnamon Tree Seeds","xxxx","3",,,
"CinnamonSeed_Description","Plant this to grow a cinnamon tree.","xxxx","7",,,
,,,"",,,
"CocoaSeed_Name","Cocoa Tree Seeds","xxxx","3",,,
"CocoaSeed_Description","Plant this to grow a cocoa tree.","xxxx","7",,,
,,,"",,,
"CoconutSeed_Name","Coconut Tree Seeds","xxxx","3",,,
"CoconutSeed_Description","Plant this to grow a coconut tree.","xxxx","7",,,
,,,"",,,
"CoffeeSeed_Name","Coffea Seeds","xxxx","2",,,
"CoffeeSeed_Description","Plant this to grow a coffea plant.","xxxx","7",,,
,,,"",,,
"CottonSeed_Name","Cotton Seeds","xxxx","2",,,
"CottonSeed_Description","Plant this to grow a cotton plant.","xxxx","7",,,
,,,"",,,
"CranberrySeed_Name","Cranberry Bush Seeds","xxxx","3",,,
"CranberrySeed_Description","Plant this to grow a cranberry bush.","xxxx","7",,,
,,,"",,,
"DaikonSeed_Name","Daikon Seeds","xxxx","2",,,
"DaikonSeed_Description","Plant this to grow a daikon plant.","xxxx","7",,,
,,,"",,,
"EggplantSeed_Name","Eggplant Seeds","xxxx","2",,,
"EggplantSeed_Description","Plant this to grow an eggplant plant.","xxxx","7",,,
,,,"",,,
"ElderberrySeed_Name","Elderberry Bush Seeds","xxxx","3",,,
"ElderberrySeed_Description","Plant this to grow an elderberry bush.","xxxx","7",,,
,,,"",,,
"GingerSeed_Name","Ginger Seeds","xxxx","2",,,
"GingerSeed_Description","Plant this to grow a ginger plant.","xxxx","7",,,
,,,"",,,
"GrapeSeed_Name","Grapevine Seeds","xxxx","2",,,
"GrapeSeed_Description","Plant this to grow a grapevine.","xxxx","6",,,
,,,"",,,
"HotPepperSeed_Name","Hot Pepper Bush Seeds","xxxx","4",,,
"HotPepperSeed_Description","Plant this to grow a hot pepper bush.","xxxx","8",,,
,,,"",,,
"LemonSeed_Name","Lemon Tree Seeds","xxxx","3",,,
"LemonSeed_Description","Plant this to grow a lemon tree.","xxxx","7",,,
,,,"",,,
"LettuceSeed_Name","Lettuce Seeds","xxxx","2",,,
"LettuceSeed_Description","Plant this to grow a lettuce plant.","xxxx","7",,,
,,,"",,,
"MangoSeed_Name","Mango Tree Seeds","xxxx","3",,,
"MangoSeed_Description","Plant this to grow a mango tree.","xxxx","7",,,
,,,"",,,
"MintSeed_Name","Mint Seeds","xxxx","2",,,
"MintSeed_Description","Plant this to grow a mint plant.","xxxx","7",,,
,,,"",,,
"MushroomSeed_Name","Mycelium","xxxx","1",,,
"MushroomSeed_Description","Plant this to grow mushrooms.","xxxx","5",,,
,,,"",,,
"OnionSeed_Name","Onion Seed","xxxx","2",,,
"OnionSeed_Description","Plant this to grow onions.","xxxx","5",,,
,,,"",,,
"OrangeSeed_Name","Orange Tree Seeds","xxxx","3",,,
"OrangeSeed_Description","Plant this to grow an orange tree.","xxxx","7",,,
,,,"",,,
"PineappleSeed_Name","Pineapple Seeds","xxxx","2",,,
"PineappleSeed_Description","Plant this to grow a pineapple plant.","xxxx","7",,,
,,,"",,,
"PotatoSeed_Name","Potato Seeds","xxxx","2",,,
"PotatoSeed_Description","Plant this to grow potatoes.","xxxx","5",,,
,,,"",,,
"PumpkinSeed_Name","Pumpkin Seeds","xxxx","2",,,
"PumpkinSeed_Description","Plant this to grow pumpkins.","xxxx","5",,,
,,,"",,,
"RaspberrySeed_Name","Raspberry Bush Seeds","xxxx","3",,,
"RaspberrySeed_Description","Plant this to grow a raspberry bush.","xxxx","7",,,
,,,"",,,
"RiceSeed_Name","Rice Seeds","xxxx","2",,,
"RiceSeed_Description","Plant this to grow a rice plant.","xxxx","7",,,
,,,"",,,
"SorghumSeed_Name","Sorghum Seed","xxxx","2",,,
"SorghumSeed_Description","Plant this to grow sorghum.","xxxx","5",,,
,,,"",,,
"SpinachSeed_Name","Spinach Seeds","xxxx","2",,,
"SpinachSeed_Description","Plant this to grow a spinach plant.","xxxx","7",,,
,,,"",,,
"SquashSeed_Name","Squash Seeds","xxxx","2",,,
"SquashSeed_Description","Plant this to grow a squash plant.","xxxx","7",,,
,,,"",,,
"StrawberrySeed_Name","Strawberry Bush Seeds","xxxx","3",,,
"StrawberrySeed_Description","Plant this to grow a strawberry bush.","xxxx","7",,,
,,,"",,,
"SugarcaneSeed_Name","Sugarcane Seeds","xxxx","2",,,
"SugarcaneSeed_Description","Plant this to grow a sugarcane plant.","xxxx","7",,,
,,,"",,,
"TomatoSeed_Name","Tomato Seeds","xxxx","2",,,
"TomatoSeed_Description","Plant this to grow a tomato vine.","xxxx","7",,,
,,,"",,,
"VanillaSeed_Name","Vanilla Seeds","xxxx","2",,,
"VanillaSeed_Description","Plant this to grow a vanilla plant.","xxxx","7",,,
,,,"",,,
"WatermelonSeed_Name","Watermelon Seeds","xxxx","2",,,
"WatermelonSeed_Description","Plant this to grow a watermelon plant.","xxxx","7",,,
,,,"",,,
"WheatSeed_Name","Wheat Seeds","xxxx","2",,,
"WheatSeed_Description","Plant this to grow wheat.","xxxx","5",,,
,,,"",,,
,,,"",,,
"MATERIALS",,,"",,,
,,,"",,,
"PlantRoots_Name","Plant Roots","xxxx","2",,,
"PlantRoots_Description","This fibrous material is collected from dug up vegetation.","xxxx","9",,,
"AnimalHide_Name","Animal Hide","xxxx","2",,,
"AnimalHide_Description","A large piece of animal skin useful for crafting various clothing.","xxxx","11",,,
"TwistedTreeRoot_Name","Twisted Root","xxxx","2",,,
"TwistedTreeRoot_Description","It's rare to find such a large and beautifully twisted root. Artists would love to have this.","xxxx","17",,,
"Sulphur_Name","Sulphur","xxxx","1",,,
"Sulphur_Description","This bright yellow crystal has a wide variety of uses in modern-day industry.","xxxx","13",,,
"Cotton_Name","Cotton","xxxx","1",,,
"Cotton_Description","Soft and fluffy!","xxxx","3",,,
"Silk_Name","Silk","xxxx","1",,,
"Silk_Description","A valuable textile originating from silkworms.","xxxx","6",,,
"Silicon_Name","Silicon","xxxx","1",,,
"Silicon_Description","A commonly found mineral used as a semiconductor in various electronics.","xxxx","11",,,
"Kevlar_Name","Kevlar","xxxx","1",,,
"Kevlar_Description","An extremely strong material made of synthetic fibers. This stuff can stop bullets.","xxxx","13",,,
"UncutQuartz_Name","Quartz","xxxx","1",,,
"UncutQuartz_Description","A commonly found crystal. This raw material is often used in construction and technologies.","xxxx","14",,,
"UncutEmerald_Name","Emerald","xxxx","1",,,
"UncutEmerald_Description","A valuable green gemstone.","xxxx","4",,,
"UncutRuby_Name","Ruby","xxxx","1",,,
"UncutRuby_Description","A valuable red gemstone.","xxxx","4",,,
"UncutAmethyst_Name","Amethyst","xxxx","1",,,
"UncutAmethyst_Description","A valuable purple gemstone.","xxxx","4",,,
"UncutDiamond_Name","Diamond","xxxx","1",,,
"UncutDiamond_Description","This beautiful gemstone is also the hardest material in the world.","xxxx","11",,,
"Obsidian_Name","Obsidian","xxxx","1",,,
"Obsidian_Description","This pitch black crystal can only be found in the deepest volcanoes.","xxxx","12",,,
"OreIron_Name","Iron Ore","xxxx","2",,,
"OreIron_Description","A core component to making metals.","xxxx","6",,,
"OreCopper_Name","Copper Ore","xxxx","2",,,
"OreCopper_Description","Copper is used everywhere from electronics to cookware.","xxxx","8",,,
"OreGold_Name","Gold Ore","xxxx","2",,,
"OreGold_Description","This is very valuable.","xxxx","4",,,
"OreRhodium_Name","Rhodium Ore","xxxx","2",,,
"OreRhodium_Description","This extremely rare mineral is well sought after by technology companies.","xxxx","11",,,
"PlateIron_Name","Refined Iron","xxxx","2",,,
"PlateIron_Description","This heavy plate was created through refining iron ore.","xxxx","9",,,
"PlateCopper_Name","Refined Copper","xxxx","2",,,
"PlateCopper_Description","This heavy plate was created through refining copper ore.","xxxx","9",,,
"PlateGold_Name","Refined Gold","xxxx","2",,,
"PlateGold_Description","I'm rich!","xxxx","2",,,
"PlateRhodium_Name","Refined Rhodium","xxxx","2",,,
"PlateRhodium_Description","A plate of pure Rhodium. This material is often used in cutting-edge engineering.","xxxx","13",,,
,,,,,,
"BATH BLOCKS",,,,,,
,,,,,,
"Sweet_Regular_Block","Sweet Bath Blok","xxxx","3",,,
"Creamy_Regular_Block","Creamy Bath Blok","xxxx","3",,,
"Sour_Regular_Block","Sour Bath Blok","xxxx","3",,,
"Leafy_Regular_Block","Leafy Bath Blok","xxxx","3",,,
"Cool_Regular_Block","Cool Bath Blok","xxxx","3",,,
"Aromatic_Regular_Block","Aromatic Bath Blok","xxxx","3",,,
,,,"",,,
"Sweet_Concentrated_Block","Concentrated Sweet Bath Blok","xxxx","4",,,
"Creamy_Concentrated_Block","Concentrated Creamy Bath Blok","xxxx","4",,,
"Sour_Concentrated_Block","Concentrated Sour Bath Blok","xxxx","4",,,
"Leafy_Concentrated_Block","Concentrated Leafy Bath Blok","xxxx","4",,,
"Cool_Concentrated_Block","Concentrated Cool Bath Blok","xxxx","4",,,
"Aromatic_Concentrated_Block","Concentrated Aromatic Bath Blok","xxxx","4",,,
,,,"",,,
,,,"",,,
,,,"",,,
"RECIPE ITEMS",,,"",,,
,,,"",,,
"Locked_Recipe_Name","Unknown Recipe","xxxx","2",,,
"Locked_Recipe_Description","Level up to unlock a new Recipe.","xxxx","7",,,
"RightClick_Recipe_Description","Use' to learn recipe.","xxxx","4",,,
,,,"",,,
"AppleCiderDoughnuts_Recipe","Apple Cider Doughnuts","xxxx","3",,,
"AppleCiderJelly_Recipe","Apple Cider Jelly","xxxx","3",,,
"AppleCiderWithCinnamon_Recipe","Apple Cider with Cinnamon","xxxx","4",,,
"AppleGrapeJuice_Recipe","Apple Grape Juice","xxxx","3",,,
"ApplePie_Recipe","Apple Pie","xxxx","2",,,
"AppleRaspberryCider_Recipe","Apple Raspberry Cider","xxxx","3",,,
"AppleStrudle_Recipe","Apple Strudel","xxxx","2",,,
"AsparagusWithCranberry_Recipe","Asparagus With Cranberry","xxxx","3",,,
"BaconScallopSkewer_Recipe","Bacon Scallop Skewer","xxxx","3",,,
"BaconWrappedAsparagus_Recipe","Bacon Wrapped Asparagus","xxxx","3",,,
"BaconWrappedElkChops_Recipe","Bacon Wrapped Elk Chops","xxxx","4",,,
"BakedCinnamonApple_Recipe","Baked Cinnamon Apple","xxxx","3",,,
"BakedCrabWithVeggies_Recipe","Baked Crab with Veggies","xxxx","4",,,
"BakedLobsterWithCheese_Recipe","Baked Lobster With Cheese","xxxx","4",,,
"BakedPotato_Recipe","Baked Potato","xxxx","2",,,
"BakedSalmon_Recipe","Baked Salmon","xxxx","2",,,
"BanhMiSandwich_Recipe","Banh Mi Sandwich","xxxx","3",,,
"BeefWellington_Recipe","Beef Wellington","xxxx","2",,,
"BellPepperStew_Recipe","Bell Pepper Stew","xxxx","3",,,
"BentoBox_Recipe","Bento Box","xxxx","2",,,
"BerryBlastWaffles_Recipe","Berry Blast Waffles","xxxx","3",,,
"BerryBlissCheesecake_Recipe","Berry Bliss Cheesecake","xxxx","3",,,
"BoarBaoZhi_Recipe","Boar BaoZhi","xxxx","2",,,
"BoarWithMangoStuffing_Recipe","Boar with Mango Stuffing","xxxx","4",,,
"BraisedBoarShank_Recipe","Braised Boar Shank","xxxx","3",,,
"BraisedSquid_Recipe","Braised Squid","xxxx","2",,,
"CaesarSalad_Recipe","Caesar Salad","xxxx","2",,,
"Calamari_Recipe","Calamari","xxxx","1",,,
"ChaliceOfTheSevenSeas_Recipe","Chalice of the Seven Seas","xxxx","5",,,
"CherryBlossomSake_Recipe","Cherry Blossom Sake","xxxx","3",,,
"CherryChocolateTart_Recipe","Cherry Chocolate Tart","xxxx","3",,,
"CherryCocktail_Recipe","Cherry Cocktail","xxxx","2",,,
"CherryMojito_Recipe","Cherry Mojito","xxxx","2",,,
"ChocolateTrio_Recipe","Chocolate Trio","xxxx","2",,,
"ChoucrouteGarnie_Recipe","Choucroute Garnie","xxxx","2",,,
"CinnamonSour_Recipe","Cinnamon Sour","xxxx","2",,,
"Ciopinno_Recipe","Cioppino","xxxx","1",,,
"ClamChowder_Recipe","Clam Chowder","xxxx","2",,,
"ClamPizza_Recipe","Clam Pizza","xxxx","2",,,
"ClubSandwich_Recipe","Club Sandwich","xxxx","2",,,
"CocoCake_Recipe","Coco Cake","xxxx","2",,,
"CocoaBomb_Recipe","Cocoa Bomb","xxxx","2",,,
"CocoaOrangeCake_Recipe","Cocoa Orange Cake","xxxx","3",,,
"CoconutIceCream_Recipe","Coconut Ice Cream","xxxx","3",,,
"CoffeeBomb_Recipe","Coffee Bomb","xxxx","2",,,
"CoffeeCake_Recipe","Coffee Cake","xxxx","2",,,
"CoffeeEclair_Recipe","Coffee Eclair","xxxx","2",,,
"CoffeeOldFashioned_Recipe","Coffee Old Fashioned","xxxx","3",,,
"Coffee_Recipe","Coffee","xxxx","1",,,
"Cosmopolitan_Recipe","Cosmopolitan","xxxx","1",,,
"CrabCake_Recipe","Crab Cake","xxxx","2",,,
"CrabPancakes_Recipe","Crab Pancakes","xxxx","2",,,
"CrabPithivier_Recipe","Crab Pithivier","xxxx","2",,,
"CrabRangoon_Recipe","Crab Rangoon","xxxx","2",,,
"CrabRavioliWithSauce_Recipe","Crab Ravioli with Sauce","xxxx","4",,,
"CrabSoup_Recipe","Crab Soup","xxxx","2",,,
"CrabSushi_Recipe","Crab Sushi","xxxx","2",,,
"CranberryCheesecake_Recipe","Cranberry Cheesecake","xxxx","2",,,
"CranberryTiramisu_Recipe","Cranberry Tiramisu","xxxx","2",,,
"CrispyStuffedApples_Recipe","Crispy Stuffed Apples","xxxx","3",,,
"CrispyWrappedYellowtail_Recipe","Crispy Wrapped Yellowtail","xxxx","3",,,
"DaikonRadishFries_Recipe","Daikon Radish Fries","xxxx","3",,,
"DarkBerryPunch_Recipe","Dark Berry Punch","xxxx","3",,,
"DeluxeElkRamen_Recipe","Deluxe Elk Ramen","xxxx","3",,,
"EbiNigiri_Recipe","Ebi Nigiri","xxxx","2",,,
"EbiSushiSet_Recipe","Ebi Sushi Set","xxxx","3",,,
"EggBenedict_Recipe","Egg Benedict","xxxx","2",,,
"EggSalad_Recipe","Egg Salad","xxxx","2",,,
"ElderberryCupcake_Recipe","Elderberry Cupcake","xxxx","2",,,
"ElderberryPancakes_Recipe","Elderberry Pancakes","xxxx","2",,,
"ElderberryPudding_Recipe","Elderberry Pudding","xxxx","2",,,
"ElderberryTea_Recipe","Elderberry Tea","xxxx","2",,,
"ElkCheeseburger_Recipe","Elk Cheeseburger","xxxx","2",,,
"ElkStew_Recipe","Elk Stew","xxxx","2",,,
"ElkWithScarletSauce_Recipe","Elk with Scarlet Sauce","xxxx","4",,,
"EspressoMartini_Recipe","Espresso Martini","xxxx","2",,,
"FishNChips_Recipe","Fish N Chips","xxxx","3",,,
"FishStew_Recipe","Fish Stew","xxxx","2",,,
"FortuneSquidBlossom_Recipe","Fortune Squid Blossom","xxxx","3",,,
"FrenchCreamPuff_Recipe","French Cream Puff","xxxx","3",,,
"FrenchOnionSoup_Recipe","French Onion Soup","xxxx","3",,,
"FriedDumplings_Recipe","Fried Dumplings","xxxx","2",,,
"FriedPheasant_Recipe","Fried Pheasant","xxxx","2",,,
"FriedSeaUrchinRoll_Recipe","Fried Sea Urchin Roll","xxxx","4",,,
"FrozenBerryDessert_Recipe","Frozen Berry Dessert","xxxx","3",,,
"FrozenMintCoulis_Recipe","Frozen Mint Coulis","xxxx","3",,,
"GardenTerrine_Recipe","Garden Terrine","xxxx","2",,,
"GarlicPheasant_Recipe","Garlic Pheasant","xxxx","2",,,
"GrapeCherryPopsicle_Recipe","Grape Cherry Popsicle","xxxx","3",,,
"GrapePie_Recipe","Grape Pie","xxxx","2",,,
"GrapePoppers_Recipe","Grape Poppers","xxxx","2",,,
"GrapeTart_Recipe","Grape Tart","xxxx","2",,,
"GrilledAssortedVegetables_Recipe","Grilled Assorted Vegetables","xxxx","3",,,
"GrilledCarrotsWithCranberry_Recipe","Grilled Cranberry Carrots","xxxx","3",,,
"GrilledDaikonCake_Recipe","Grilled Daikon Cake","xxxx","3",,,
"HerbInfusedTea_Recipe","Herb Infused Tea","xxxx","3",,,
"HoneyDaiquiri_Recipe","Honey Daiquiri","xxxx","2",,,
"HotPot_Recipe","Hot Pot","xxxx","2",,,
"IcyChocolateStorm_Recipe","Icy Chocolate Storm","xxxx","3",,,
"InariSushi_Recipe","Inari Sushi","xxxx","2",,,
"LobsterCreamSoup_Recipe","Lobster Cream Soup","xxxx","3",,,
"LobsterRisotto_Recipe","Lobster Risotto","xxxx","2",,,
"LobsterTailWithAsparagus_Recipe","Lobster Tail With Asparagus","xxxx","4",,,
"LobsterTortellini_Recipe","Lobster Tortellini","xxxx","2",,,
"LobsterWellington_Recipe","Lobster Wellington","xxxx","2",,,
"LobsterWithGingerSauce_Recipe","Lobster with Ginger Sauce","xxxx","4",,,
"Macarons_Recipe","Macarons","xxxx","1",,,
"MangoBoarBites_Recipe","Mango Boar Bites","xxxx","3",,,
"MangoCupcake_Recipe","Mango Cupcake","xxxx","2",,,
"MangoGlazedCake_Recipe","Mango Glazed Cake","xxxx","3",,,
"MangoIceCream_Recipe","Mango Ice Cream","xxxx","3",,,
"MangoPudding_Recipe","Mango Pudding","xxxx","2",,,
"MatchaCake_Recipe","Matcha Cake","xxxx","2",,,
"MatchaIceCream_Recipe","Matcha Ice Cream","xxxx","3",,,
"MatchaStrawberrySmoothie_Recipe","Matcha Berry Smoothie","xxxx","3",,,
"MatchaTea_Recipe","Matcha Tea","xxxx","2",,,
"MeatPizza_Recipe","Meat Pizza","xxxx","2",,,
"MeatballSpaghetti_Recipe","Meatball Spaghetti","xxxx","2",,,
"MeatballStew_Recipe","Meatball Stew","xxxx","2",,,
"MilleFeuille_Recipe","Mille Feuille","xxxx","2",,,
"Mojito_Recipe","Mojito","xxxx","1",,,
"MulledGrapeCider_Recipe","Mulled Grape Cider","xxxx","3",,,
"MushroomNigiri_Recipe","Mushroom Nigiri","xxxx","2",,,
"MushroomPizza_Recipe","Mushroom Pizza","xxxx","2",,,
"MushroomSoup_Recipe","Mushroom Soup","xxxx","2",,,
"OceanTerrine_Recipe","Ocean Terrine","xxxx","2",,,
"OrangeSakeCocktail_Recipe","Orange Sake Cocktail","xxxx","3",,,
"OrangeYogurt_Recipe","Orange Yogurt","xxxx","2",,,
"Paella_Recipe","Paella","xxxx","1",,,
"Palatschinken_Recipe","Palatschinken","xxxx","1",,,
"PeppercornElkSteak_Recipe","Peppercorn Elk Steak","xxxx","3",,,
"PheasantBurger_Recipe","Pheasant Burger","xxxx","2",,,
"PheasantInPumpkinSauce_Recipe","Pheasant In Pumpkin Sauce","xxxx","4",,,
"PheasantKebab_Recipe","Pheasant Kebab","xxxx","2",,,
"PheasantStewWithVeggies_Recipe","Pheasant Stew with Veggies","xxxx","4",,,
"PheasantStew_Recipe","Pheasant Stew","xxxx","2",,,
"PheasantTaco_Recipe","Pheasant Taco","xxxx","2",,,
"PickledDaikon_Recipe","Pickled Daikon","xxxx","2",,,
"PinaColadaPopsicle_Recipe","Pina Colada Popsicle","xxxx","3",,,
"PinaColada_Recipe","Pina Colada","xxxx","2",,,
"PineappleCherryCake_Recipe","Pineapple Cherry Cake","xxxx","3",,,
"PineappleGreenTeaMartini_Recipe","Pineapple Green Tea Martini","xxxx","4",,,
"PineappleWatermelonSlush_Recipe","Pineapple Watermelon Slush","xxxx","3",,,
"PumpkinLatte_Recipe","Pumpkin Latte","xxxx","2",,,
"PumpkinPie_Recipe","Pumpkin Pie","xxxx","2",,,
"PumpkinPudding_Recipe","Pumpkin Pudding","xxxx","2",,,
"PumpkinSoupShooter_Recipe","Pumpkin Soup Shooter","xxxx","3",,,
"PumpkinSpiceCocktail_Recipe","Pumpkin Spice Cocktail","xxxx","3",,,
"PurpleHazeMartini_Recipe","Purple Haze Martini","xxxx","3",,,
"RackOfVenison_Recipe","Rack of Venison","xxxx","3",,,
"RaspberryCremeBrulee_Recipe","Raspberry Creme Brulee","xxxx","3",,,
"RaspberryVodkaLemonade_Recipe","Raspberry Vodka Lemonade","xxxx","3",,,
"Ratatouille_Recipe","Ratatouille","xxxx","1",,,
"RedWineSpritzer_Recipe","Red Wine Spritzer","xxxx","3",,,
"RedWineTuna_Recipe","Red Wine Tuna","xxxx","3",,,
"RoastPheasant_Recipe","Roast Pheasant","xxxx","2",,,
"RoastedDaikonWithMangoConfit_Recipe","Daikon with Mango Confit","xxxx","4",,,
"RoastedGrapeCrostini_Recipe","Roasted Grape Crostini","xxxx","3",,,
"RoastedPumpkin_Recipe","Roasted Pumpkin","xxxx","2",,,
"SakeSteamedMushroom_Recipe","Sake Steamed Mushroom","xxxx","3",,,
"SakeSteamedYellowtail_Recipe","Sake Steamed Yellowtail","xxxx","3",,,
"SalmonEggBenedict_Recipe","Salmon Egg Benedict","xxxx","3",,,
"SalmonEnCroute_Recipe","Salmon en Croute","xxxx","3",,,
"SalmonNigiri_Recipe","Salmon Nigiri","xxxx","2",,,
"SalmonRoeRoll_Recipe","Salmon Roe Roll","xxxx","3",,,
"SalmonRoeSpaghetti_Recipe","Salmon Roe Spaghetti","xxxx","3",,,
"SalmonWithPumpkinPuree_Recipe","Salmon with Pumpkin Puree","xxxx","4",,,
"Sangria_Recipe","Sangria","xxxx","1",,,
"ScallopBaguette_Recipe","Scallop Baguette","xxxx","2",,,
"ScallopCreamSoup_Recipe","Scallop Cream Soup","xxxx","3",,,
"ScallopRavioli_Recipe","Scallop Ravioli","xxxx","2",,,
"ScallopRisotto_Recipe","Scallop Risotto","xxxx","2",,,
"ScallopStewWithWinterVegetables_Recipe","Scallop Stew with Vegetables","xxxx","4",,,
"SeaUrchinEggToast_Recipe","Sea Urchin Egg Toast","xxxx","4",,,
"SeaUrchinOnToast_Recipe","Sea Urchin On Toast","xxxx","4",,,
"SeaUrchinWithCaviar_Recipe","Sea Urchin With Caviar","xxxx","4",,,
"SeaUrchinWithMushroomSoup_Recipe","Urchin with Mushroom Soup","xxxx","4",,,
"SeafoodBento_Recipe","Seafood Bento","xxxx","2",,,
"SearedScallopsWithElderberries_Recipe","Scallops with Elderberries","xxxx","3",,,
"SearedTunaWithSquashSauce_Recipe","Seared Tuna with Squash","xxxx","4",,,
"SearedYellowtail_Recipe","Seared Yellowtail","xxxx","2",,,
"ShrimpBaoZhi_Recipe","Shrimp Dumplings","xxxx","2",,,
"ShrimpCocktail_Recipe","Shrimp Cocktail","xxxx","2",,,
"SimmeredDaikonRadish_Recipe","Simmered Daikon Radish","xxxx","3",,,
"SmokedSalmonCrostini_Recipe","Smoked Salmon Crostini","xxxx","3",,,
"SpanishClams_Recipe","Spanish Clams","xxxx","2",,,
"SpicyFishTaco_Recipe","Spicy Fish Taco","xxxx","3",,,
"SpicyMangoSakeCocktail_Recipe","Spicy Mango Sake Cocktail","xxxx","4",,,
"SpicyMushroomRoll_Recipe","Spicy Mushroom Roll","xxxx","3",,,
"SpicyRamen_Recipe","Spicy Ramen","xxxx","2",,,
"SpinachSalad_Recipe","Spinach Salad","xxxx","2",,,
"SpinachSoup_Recipe","Spinach Soup","xxxx","2",,,
"SpinachStuffedMushroom_Recipe","Spinach Stuffed Mushroom","xxxx","3",,,
"SpinachStuffedSquash_Recipe","Spinach Stuffed Squash","xxxx","3",,,
"SpinachTomatoSmoothie_Recipe","Spinach Tomato Smoothie","xxxx","3",,,
"SpringRolls_Recipe","Spring Rolls","xxxx","2",,,
"SquidDumpling_Recipe","Squid Dumpling","xxxx","2",,,
"SquidNigiri_Recipe","Squid Nigiri","xxxx","2",,,
"SteakBurritoWithHoney_Recipe","Steak Burrito with Honey","xxxx","4",,,
"SteakWithMixedVegetables_Recipe","Steak with Mixed Vegetables","xxxx","4",,,
"StrawberryIceCream_Recipe","Strawberry Ice Cream","xxxx","3",,,
"StrawberryMochaSmoothie_Recipe","Strawberry Mocha Smoothie","xxxx","3",,,
"StuffedBellPepper_Recipe","Stuffed Bell Pepper","xxxx","3",,,
"StuffedButternutSquash_Recipe","Stuffed Butternut Squash","xxxx","3",,,
"StuffedSquid_Recipe","Stuffed Squid","xxxx","2",,,
"SummerPasta_Recipe","Summer Pasta","xxxx","2",,,
"SummerPunch_Recipe","Summer Punch","xxxx","2",,,
"SunblazeCake_Recipe","Sunblaze Cake","xxxx","2",,,
"SunsetCocktail_Recipe","Sunset Cocktail","xxxx","2",,,
"SuperSushiSet_Recipe","Super Sushi Set","xxxx","3",,,
"SweetTea_Recipe","Sweet Tea","xxxx","2",,,
"Takoyaki_Recipe","Takoyaki","xxxx","1",,,
"TakuanAndRoeSushi_Recipe","Takuan and Roe Sushi","xxxx","4",,,
"TomatoSoup_Recipe","Tomato Soup","xxxx","2",,,
"TomatoWatermelonBites_Recipe","Tomato Watermelon Bites","xxxx","3",,,
"TropicalBlast_Recipe","Tropical Blast","xxxx","2",,,
"TropicalCherryCocktail_Recipe","Tropical Cherry Cocktail","xxxx","3",,,
"TunaNigiri_Recipe","Tuna Nigiri","xxxx","2",,,
"TunaRamen_Recipe","Tuna Ramen","xxxx","2",,,
"TunaTartare_Recipe","Tuna Tartare","xxxx","2",,,
"TunaTataki_Recipe","Tuna Tataki","xxxx","2",,,
"UniRoll_Recipe","Uni Roll","xxxx","2",,,
"VegiRamen_Recipe","Vegi Ramen","xxxx","2",,,
"VodkaGimlet_Recipe","Vodka Gimlet","xxxx","2",,,
"VodkaMartini_Recipe","Vodka Martini","xxxx","2",,,
"VodkaPudding_Recipe","Vodka Pudding","xxxx","2",,,
"WagyuSteakSandwich_Recipe","Wagyu Steak Sandwich","xxxx","3",,,
"WagyuTartareWithEgg_Recipe","Wagyu Tartare with Egg","xxxx","4",,,
"WagyuWithCherrySauce_Recipe","Wagyu with Cherry Sauce","xxxx","4",,,
"WatercressSalad_Recipe","Watercress Salad","xxxx","2",,,
"WatermelonCake_Recipe","Watermelon Cake","xxxx","2",,,
"WatermelonCheeseSkewers_Recipe","Watermelon Cheese Skewers","xxxx","3",,,
"WatermelonIceCream_Recipe","Watermelon Ice Cream","xxxx","3",,,
"WatermelonSalad_Recipe","Watermelon Salad","xxxx","2",,,
"WatermelonVodkaCocktail_Recipe","Watermelon Vodka Cocktail","xxxx","3",,,
"WhiskyBaconBites_Recipe","Whisky Bacon Bites","xxxx","3",,,
"WhiskyChocolateIceCream_Recipe","Whisky Chocolate Ice Cream","xxxx","4",,,
"WhiskyCoffee_Recipe","Whisky Coffee","xxxx","2",,,
"WhiskyJellyCrumble_Recipe","Whisky Jelly Crumble","xxxx","3",,,
"WhiskyMochaCake_Recipe","Whisky Mocha Cake","xxxx","3",,,
"WhiteSauceLinguini_Recipe","White Sauce Linguini","xxxx","3",,,
"WildTomatoSalad_Recipe","Wild Tomato Salad","xxxx","3",,,
"WoodlandWagyu_Recipe","Woodland Wagyu","xxxx","2",,,
"YellowtailNigiri_Recipe","Yellowtail Nigiri","xxxx","2",,,
"YellowtailRiceBowl_Recipe","Yellowtail Rice Bowl","xxxx","3",,,
,,,,,,
,,,,,,
,,,,,,
"AWARDS",,,,,,
,,,,,,
"award_1001_Name","Meat Innovator","xxxx","2",,,
"award_1001_Description","Serve at least 500 Meat Dishes that use at 4 or more ingredients.","xxxx","13",,,
"award_1002_Name","Vegetarian Innovator","xxxx","2",,,
"award_1002_Description","Serve at least 500 Vegetarian Dishes that use at 4 or more ingredients.","xxxx","13",,,
"award_1003_Name","Seafood Innovator","xxxx","2",,,
"award_1003_Description","Serve at least 500 Seafood Dishes that use at 4 or more ingredients.","xxxx","13",,,
"award_1004_Name","Baking Innovator","xxxx","2",,,
"award_1004_Description","Serve at least 500 Baked Dishes that use at 4 or more ingredients.","xxxx","13",,,
"award_1005_Name","Mixology Innovator","xxxx","2",,,
"award_1005_Description","Serve at least 500 Mixology Dishes that use at 4 or more ingredients.","xxxx","13",,,
"award_1006_Name","Molecular Innovator","xxxx","2",,,
"award_1006_Description","Serve at least 500 Molecular Dishes that use at 4 or more ingredients.","xxxx","13",,,
,,,,,,
"award_1011_Name","Top Restaurant","xxxx","2",,,
"award_1011_Description","Complete 30 services in Restaurant Mode with at least 80% Satisfaction.","xxxx","11",,,
"award_1012_Name","Top Social House","xxxx","3",,,
"award_1012_Description","Complete 30 services in Social House Mode with at least 80% Satisfaction.","xxxx","12",,,
"award_1013_Name","Top Teahouse","xxxx","2",,,
"award_1013_Description","Complete 30 services in Teahouse Mode with at least 80% Satisfaction.","xxxx","11",,,
"award_1014_Name","Top Pub","xxxx","2",,,
"award_1014_Description","Complete 30 services in Pub Mode with at least 80% Satisfaction.","xxxx","11",,,
"award_1015_Name","Top Confectionery","xxxx","2",,,
"award_1015_Description","Complete 30 services in Confectionery Mode with at least 80% Satisfaction.","xxxx","11",,,
,,,,,,
"award_1021_Name","Food Factory","xxxx","2",,,
"award_1021_Description","Serve 1000 Dishes in a single service.","xxxx","7",,,
"award_1022_Name","Easy on the Eyes","xxxx","4",,,
"award_1022_Description","Complete a service with at least 15000 Decor value.","xxxx","9",,,
,,,,,,
,,,,,,
"QUEST ITEMS",,,,,,
,,,,,,
"QuartzBall_Name","Quartz Ball","xxxx","2",,,
"QuartzBall_Description","It's perfectly clear and spherical.","xxxx","5",,,
"GazingBall_Name","Gazing Ball","xxxx","2",,,
"GazingBall_Description","You feel a strange energy from this . . .","xxxx","10",,,
"PerfectQuartzCrystal_Name","Perfect Quartz Crystal","xxxx","3",,,
"PerfectQuartzCrystal_Description","It's a giant quartz crystal. Think of what you can create from this!","xxxx","13",,,
"FoodOffering_Name","Food Offering","xxxx","2",,,
"FoodOffering_Description","Vegetable dishes created as an offering to the spirits of the forest.","xxxx","12",,,
"GoldilocksChocolate_Name","Goldilocks Chocolate","xxxx","2",,,
"GoldilocksChocolate_Description","One expensive box of chocolates.","xxxx","5",,,
"CarpentryTools_Name","Carpentry Tools","xxxx","2",,,
"CarpentryTools_Description","The toolset used by the local carpenter.","xxxx","7",,,
"Rope_Name","Rope","xxxx","1",,,
"Rope_Description","Useful for tying things up.","xxxx","5",,,
"Scraps_Name","Flour Scraps","xxxx","2",,,
"Scraps_Description","Some leftover goods from Thelio's shop.","xxxx","6",,,
"CopperPipes_Name","Copper Pipes","xxxx","2",,,
"CopperPipes_Description","Some high quality piping.","xxxx","4",,,
"MaintenanceKey_Name","Maintenance Key","xxxx","2",,,
"MaintenanceKey_Description","This key unlocks the maintenance room underneath Le Sequoia.","xxxx","9",,,
"PhotoAlbum_Name","Photo Album","xxxx","2",,,
"PhotoAlbum_Description","The words 'Allison & Nacim' are engraved on the cover.","xxxx","10",,,
,,,"",,,
"NOTE ITEMS",,,"",,,
,,,"",,,
"Note_Beer_Name","Beer Process","xxxx","2",,,
"Note_Beer_Description","The method of brewing Beer is drawn on this note.","xxxx","10",,,
"Note_Vodka_Name","Vodka Process","xxxx","2",,,
"Note_Vodka_Description","The method of brewing Vodka is drawn on this note.","xxxx","10",,,
"Note_Cachaca_Name","Cachaca Process","xxxx","2",,,
"Note_Cachaca_Description","The method of brewing Cachaca is drawn on this note.","xxxx","10",,,
,,,"",,,
,,,"",,,
,,,"",,,
"BLUEPRINTS",,,"",,,
,,,"",,,
"blueprint_Artisan","Artisan : (npc)","xxxx","3",,,
,,,"",,,
"blueprintType_Machine","Machine","xxxx","1",,,
"blueprintType_Artisan","Artisan","xxxx","1",,,
"blueprintType_Tool","Tool","xxxx","1",,,
"blueprintType_Augmentation","Augmentation","xxxx","1",,,
"blueprintType_Accessory","Accessory","xxxx","1",,,
"blueprintType_Clothing","Clothing","xxxx","1",,,
,,,,,,
,,,,,,
"TOOLS",,,,,,
,,,,,,
"ToolType_Bow","Bow","xxxx","1",,,
"ToolType_Spear","Spear","xxxx","1",,,
"ToolType_Rod","Fishing Rod","xxxx","2",,,
"ToolType_Scythe","Scythe","xxxx","1",,,
"ToolType_WateringCan","Watering Can","xxxx","2",,,
"ToolType_MiningDrill","Mining Drill","xxxx","2",,,
"ToolType_Spade","Spade","xxxx","1",,,
,,,,,,
,,,,,,
,,,,,,
"ToolType_Bow_Type","Hunting Tool","xxxx","2",,,
"ToolType_Bow_Power","Power","xxxx","1",,,
"ToolType_Bow_Speed","Speed","xxxx","1",,,
,,,"",,,
"ToolType_Spear_Type","Hunting Tool","xxxx","2",,,
"ToolType_Spear_Power","Power","xxxx","1",,,
,,,"",,,
"ToolType_Rod_Type","Fishing Tool","xxxx","2",,,
"ToolType_Rod_Power","Rod Power","xxxx","2",,,
,,,"",,,
"ToolType_Scythe_Type","Harvesting Tool","xxxx","2",,,
"ToolType_Scythe_Power","Harvest Power","xxxx","2",,,
,,,"",,,
"ToolType_WateringCan_Type","Farming Tool","xxxx","2",,,
"ToolType_WateringCan_Power","Water Capacity","xxxx","2",,,
,,,"",,,
"ToolType_MiningDrill_Type","Mining Tool","xxxx","2",,,
"ToolType_MiningDrill_Power","Drill Power","xxxx","2",,,
,,,"",,,
"ToolType_Spade_Type","Farming Tool","xxxx","2",,,
"ToolType_Spade_Power","Digging Power","xxxx","2",,,
,,,,,,
,,,,,,
"SPEAR",,,,,,
,,,,,,
"WoodStaff_Tool_Name","Wood Staff","xxxx","2",,,
"WoodStaff_Tool_Description","Just a fancy walking stick.","xxxx","5",,,
"IronSpear_Tool_Name","Iron Spear","xxxx","2",,,
"IronSpear_Tool_Description","A sharpened spear that will be useful for hunting larger prey.","xxxx","11",,,
"CrystalSpear_Tool_Name","Crystal Spear","xxxx","2",,,
"CrystalSpear_Tool_Description","Powerful spear topped with a rare crystal shard.","xxxx","8",,,
"AmethystLance_Tool_Name","Amethyst Lance","xxxx","2",,,
"AmethystLance_Tool_Description","A double-pronged spear crafted from the rarest crystals.","xxxx","8",,,
,,,,,,
,,,,,,
"FISHING ROD",,,,,,
,,,,,,
"MakeshiftOakRod_Tool_Name","Makeshift Oak Rod","xxxx","3",,,
"MakeshiftOakRod_Tool_Description","It's a little flimsy, but it still gets the job done.","xxxx","11",,,
"Noke2000_Tool_Name","Noke 2000","xxxx","2",,,
"Noke2000_Tool_Description","Reliable new fishing rod from the Noke fishing company.","xxxx","9",,,
"CrystalRod_Tool_Name","Crystal Rod","xxxx","2",,,
"CrystalRod_Tool_Description","Carbon fiber rod embedded with crystals for extra strength.","xxxx","9",,,
"PoseidonsRod_Tool_Name","Poseidon's Rod","xxxx","2",,,
"PoseidonsRod_Tool_Description","Legendary fishing rod fit only for the king of the seas.","xxxx","11",,,
,,,,,,
,,,,,,
"BOW",,,,,,
,,,,,,
"MakeshiftOakBow_Tool_Name","Makeshift Oak Bow","xxxx","3",,,
"MakeshiftOakBow_Tool_Description","A simple bow for hunting.","xxxx","5",,,
"CarboneX20_Tool_Name","Carbone X20","xxxx","2",,,
"CarboneX20_Tool_Description","Quality sports bow from the Carbone corporation.","xxxx","7",,,
"RangersRecurve_Tool_Name","Ranger's Recurve","xxxx","2",,,
"RangersRecurve_Tool_Description","Powerful hunting bow used only by the most experienced hunters.","xxxx","10",,,
"AmethystLongbow_Tool_Name","Amethyst Longbow","xxxx","2",,,
"AmethystLongbow_Tool_Description","This bow glitters and shines like the stars in the universe.","xxxx","11",,,
"Longbow_Tool_Name","Longbow","xxxx","1",,,
"Longbow_Tool_Description","A well crafted wood bow for long-range hunting.","xxxx","8",,,
"CompoundBow_Tool_Name","Compound Bow","xxxx","2",,,
"CompoundBow_Tool_Description","This complicated modern bow is designed for quick shooting.","xxxx","9",,,
"AncientBow_Tool_Name","Ancient Bow","xxxx","2",,,
"AncientBow_Tool_Description","It emanates a strange power . . .","xxxx","8",,,
"MagneticAccelerationBow_Tool_Name","Magnetic Acceleration Bow","xxxx","3",,,
"MagneticAccelerationBow_Tool_Description","A prototype from the LELSH R&D department. This bow uses magnetic forces to fire projectiles.","xxxx","15",,,
,,,,,,
,,,,,,
"SCYTHE",,,,,,
,,,,,,
"IronScythe_Tool_Name","Iron Scythe","xxxx","2",,,
"IronScythe_Tool_Description","It's a little bit rusty, but still useful for foraging. ","xxxx","10",,,
"TemperedScythe_Tool_Name","Tempered Scythe","xxxx","2",,,
"TemperedScythe_Tool_Description","This is great for cutting away foliage.","xxxx","7",,,
"CrystalScythe_Tool_Name","Crystal Scythe","xxxx","2",,,
"CrystalScythe_Tool_Description","This powerful scythe can cut through foliage like a hot knife through butter.","xxxx","13",,,
"GoldenShredder_Tool_Name","Golden Shredder","xxxx","2",,,
"GoldenShredder_Tool_Description","This golden scythe is a long-lost relic from the Egyptian empire.","xxxx","11",,,
"MakeshiftHarpoon_Tool_Name","Makeshift Harpoon","xxxx","2",,,
"MakeshiftHarpoon_Tool_Description","It's a little shabby looking, but it still looks dangerous.","xxxx","10",,,
"TwistedRootStaff_Tool_Name","Twisted Root Staff","xxxx","3",,,
"TwistedRootStaff_Tool_Description","The roots twist and turn in a mesmerizing fashion.","xxxx","9",,,
"AntiquePolearm_Tool_Name","Antique Polearm","xxxx","2",,,
"AntiquePolearm_Tool_Description","A long-lost weapon of Chinese origin. It looks to be in good condition.","xxxx","13",,,
"KragensPincer_Tool_Name","Kragen's Pincer","xxxx","2",,,
"KragensPincer_Tool_Description","This deadly pincer can pierce through stone like a hot knife through butter.","xxxx","13",,,
,,,"",,,
,,,"",,,
"WATERING CAN",,,"",,,
,,,"",,,
"RustedWateringCan_Tool_Name","Rusted Watering Can","xxxx","3",,,
"RustedWateringCan_Tool_Description","This watering can has worn out from extensive use.","xxxx","9",,,
"SteelWateringCan_Tool_Name","Steel Watering Can","xxxx","3",,,
"SteelWateringCan_Tool_Description","A reliable watering can for all your farming needs.","xxxx","9",,,
"CompressedWateringCan_Tool_Name","Compression Watering Can","xxxx","3",,,
"CompressedWateringCan_Tool_Description","This giant watering can uses compression technology to hold more water.","xxxx","11",,,
"GravityWateringCan_Tool_Name","Anti-Gravity Watering Can","xxxx","3",,,
"GravityWateringCan_Tool_Description","This advanced watering can utilizes anti-gravity technologies, weighing almost nothing. ","xxxx","10",,,
,,,"",,,
,,,"",,,
"SPADE",,,"",,,
,,,"",,,
"IronSpade_Tool_Name","Iron Spade","xxxx","2",,,
"IronSpade_Tool_Description","Used for digging up farmed plants. It's a little rusty.","xxxx","10",,,
,,,"",,,
,,,"",,,
,,,"",,,
"MINING DRILL",,,"",,,
,,,"",,,
"AntiqueDrill_Tool_Name","Antique Drill","xxxx","2",,,
"AntiqueDrill_Tool_Description","An old electric mining drill from the late 20th century. You can't believe this is still operational.","xxxx","17",,,
"LelshDrill_Tool_Name","TT 650 Drill","xxxx","3",,,
"LelshDrill_Tool_Description","This drill is used by LELSH Corp. mining operations.","xxxx","9",,,
"DiamondDrill_Tool_Name","Diamond Drill","xxxx","2",,,
"DiamondDrill_Tool_Description","This mining drill is strengthened by diamonds embedded in the drill head.","xxxx","12",,,
"PlasmaDrill_Tool_Name","Plasma Drill","xxxx","2",,,
"PlasmaDrill_Tool_Description","With the power of plasma, this drill will melt through rocks!","xxxx","11",,,
,,,"",,,
,,,"",,,
"EQUIPMENT",,,"",,,
,,,"",,,
"HEADWEAR",,,"",,,
,,,"",,,
"headwear_AdventurerHat","Adventurer Hat","xxxx","2",,,
"headwear_description_AdventurerHat","A stylish viridian hat that protects you from the sun. The word 'Kickstarter' is written on the side.","xxxx","18",,,
"headwear_BaseballCapBlue","Blue Baseball Cap","xxxx","3",,,
"headwear_description_BaseballCapBlue","Take me out to the ballgame!","xxxx","6",,,
"headwear_BeanieBrown","Brown Beanie","xxxx","2",,,
"headwear_description_BeanieBrown","Very cool and hip.","xxxx","4",,,
"headwear_BeretGrey","Grey Beret","xxxx","2",,,
"headwear_description_BeretGrey","Makes you look artistic.","xxxx","4",,,
"headwear_LeatherCapBlack","Black Leather Cap","xxxx","3",,,
"headwear_description_LeatherCapBlack","You would look pretty cool wearing this.","xxxx","7",,,
"headwear_CaptainsHat","Captain's Hat","xxxx","2",,,
"headwear_description_CaptainsHat","Protects from the sun on those long fishing trips.","xxxx","9",,,
"headwear_ChefHatBlack","Black Chef Hat","xxxx","3",,,
"headwear_description_ChefHatBlack","A black chef hat typically used in high-end restauarants.","xxxx","9",,,
"headwear_ChefHatWhite","White Chef Hat","xxxx","3",,,
"headwear_description_ChefHatWhite","A white chef hat typically used in high-end restauarants.","xxxx","9",,,
"headwear_ChefHatRed","Red Chef Hat","xxxx","3",,,
"headwear_description_ChefHatRed","A red chef hat typically used in high-end restauarants.","xxxx","9",,,
"headwear_ConciergeCap","Concierge Cap","xxxx","2",,,
"headwear_description_ConciergeCap","Part of the uniform for the staff of Hotel Rose.","xxxx","10",,,
"headwear_CoolShades","Cool Shades","xxxx","2",,,
"headwear_description_CoolShades","Sleek sunglasses from the SunBand company.","xxxx","6",,,
"headwear_VintageCowboyHat","Vintage Cowboy Hat","xxxx","3",,,
"headwear_description_VintageCowboyHat","Yeehaw!","xxxx","1",,,
"headwear_CyclopsARGlasses","Cyclops AR Glasses","xxxx","3",,,
"headwear_description_CyclopsARGlasses","These high-tech glasses are one of the most popular products of the LELSH corporation.","xxxx","14",,,
"headwear_Fedora","Fedora","xxxx","1",,,
"headwear_description_Fedora","A vintage fedora from Shanel Co.","xxxx","6",,,
"headwear_FishingHat","Fishing Hat","xxxx","2",,,
"headwear_description_FishingHat","Protects from the sun on those long fishing trips.","xxxx","9",,,
"headwear_GoldenCrown","Golden Crown","xxxx","2",,,
"headwear_description_GoldenCrown","It's time to find a kingdom to rule.","xxxx","8",,,
"headwear_HardHat","Hard Hat","xxxx","2",,,
"headwear_description_HardHat","Wear this in construction sites.","xxxx","5",,,
"headwear_IndigoLelshCap","Indigo Lelsh Cap","xxxx","3",,,
"headwear_description_IndigoLelshCap","Worn by officers of the LELSH corporation.","xxxx","7",,,
"headwear_LELSHCap","LELSH Cap","xxxx","2",,,
"headwear_description_LELSHCap","The icon black cap worn by employees of the LELSH corporation.","xxxx","11",,,
"headwear_NadjetHood","Nadjet's Hood","xxxx","2",,,
"headwear_description_NadjetHood","Shady.","xxxx","1",,,
"headwear_PinkBunnyEars","Pink Bunny Ears","xxxx","3",,,
"headwear_description_PinkBunnyEars","This is very cute!","xxxx","4",,,
"headwear_RhinestoneHat","Rhinestone Hat","xxxx","2",,,
"headwear_description_RhinestoneHat","This baseball cap sparkles under the light.","xxxx","7",,,
"headwear_SandwichHat","Sandwich Hat","xxxx","2",,,
"headwear_description_SandwichHat","I feel kinda dumb wearing this . . .","xxxx","9",,,
"headwear_SilverTiara","Silver Tiara","xxxx","2",,,
"headwear_description_SilverTiara","Makes you feel like a princess.","xxxx","6",,,
"headwear_StrawHat","Straw Hat","xxxx","2",,,
"headwear_description_StrawHat","Protects you from the sun!","xxxx","5",,,
,,,"",,,
,,,"",,,
"TOPS",,,"",,,
,,,"",,,
"tops_AdventurerOutfit","Adventurer Outfit","xxxx","2",,,
"tops_description_AdventurerOutfit","A viridian-colored top for explorers. The word 'Kickstarter' is written on the sleeve.","xxxx","13",,,
"tops_AimesGi","Aime's Gi","xxxx","2",,,
"tops_description_AimesGi","The vestment of a master martial artist.","xxxx","7",,,
"tops_AviatorJacket","Aviator Jacket","xxxx","2",,,
"tops_description_AviatorJacket","This jacket gives you wings.","xxxx","5",,,
"tops_HackersCloak","Hacker's Cloak","xxxx","2",,,
"tops_description_HackersCloak","Hides your identity online and offline.","xxxx","6",,,
"tops_BomberJacket","Bomber Jacket","xxxx","2",,,
"tops_description_BomberJacket","This jacket gives you wings.","xxxx","5",,,
"tops_WrightsCloak","Wright's Cloak","xxxx","2",,,
"tops_description_WrightsCloak","This jacket gives you wings.","xxxx","5",,,
"tops_BaristaShirt","Barista Shirt","xxxx","2",,,
"tops_description_BaristaShirt","Cool and classy. For your inner bartender.","xxxx","7",,,
"tops_RedBaristaShirt","Red Barista Shirt","xxxx","3",,,
"tops_description_RedBaristaShirt","Cool and classy barista shirt. Time to serve some drinks!","xxxx","10",,,
"tops_NeonBarista","Neon Barista","xxxx","2",,,
"tops_description_NeonBarista","This shirt glows like a bright blue sapphire.","xxxx","8",,,
"tops_ChefCoat","Chef Coat","xxxx","2",,,
"tops_description_ChefCoat","It's a white chef jacket.","xxxx","5",,,
"tops_CulinaryVestment","Culinary Vestment","xxxx","2",,,
"tops_description_CulinaryVestment","The symbol of a master chef.","xxxx","6",,,
"tops_FieryChefCoat","Fiery Chef Coat","xxxx","3",,,
"tops_description_FieryChefCoat","The symbol of a master chef.","xxxx","6",,,
"tops_FrenchChefJacketGold","French Chef Jacket","xxxx","3",,,
"tops_description_FrenchChefJacketGold","Black chef jacket with a gold neckerchief.","xxxx","7",,,
"tops_FrenchChefJacketRed","French Chef Jacket","xxxx","3",,,
"tops_description_FrenchChefJacketRed","White chef jacket with a red neckerchief.","xxxx","7",,,
"tops_FrenchChefJacketBlue","French Chef Jacket","xxxx","3",,,
"tops_description_FrenchChefJacketBlue","White chef jacket with a blue neckerchief.","xxxx","7",,,
"tops_WindbreakerJacket","Windbreaker Jacket","xxxx","2",,,
"tops_description_WindbreakerJacket","You can wear this anywhere!","xxxx","5",,,
"tops_DiscoJacket","Disco Jacket","xxxx","2",,,
"tops_description_DiscoJacket","It's disco time!","xxxx","3",,,
"tops_Rara95","Rara 95s","xxxx","2",,,
"tops_description_Rara95","Great vintage jacket. Still in great condition too!","xxxx","8",,,
"tops_LELSHJacket","LELSH Jacket","xxxx","2",,,
"tops_description_LELSHJacket","Sleek jacket worn by officers of the LELSH corporation.","xxxx","9",,,
"tops_FancySuit","Fancy Suit","xxxx","2",,,
"tops_description_FancySuit","For formal ocassions.","xxxx","3",,,
"tops_HotelSuit","Hotel Suit","xxxx","2",,,
"tops_description_HotelSuit","Work attire for the staff members of Hotel Rose.","xxxx","9",,,
"tops_BlackBlazer","Black Blazer","xxxx","2",,,
"tops_description_BlackBlazer","Delicate formal attire.","xxxx","3",,,
"tops_ColonelBlazer","Colonel's Blazer","xxxx","2",,,
"tops_description_ColonelBlazer","Smells like chicken . . .","xxxx","6",,,
"tops_CriticsGarment","Critic's Garment","xxxx","2",,,
"tops_description_CriticsGarment","It's time to judge.","xxxx","4",,,
"tops_ElfSweater","Elf Sweater","xxxx","2",,,
"tops_description_ElfSweater","Cool and classy sweater.","xxxx","4",,,
"tops_RedSweater","Red Sweater","xxxx","2",,,
"tops_description_RedSweater","A dark red sweater.","xxxx","4",,,
"tops_FancySweater","Fancy Sweater","xxxx","2",,,
"tops_description_FancySweater","Cool and classy sweater.","xxxx","4",,,
"tops_CorbsMuse","Corb's Muse","xxxx","2",,,
"tops_description_CorbsMuse","Iconic black sweater for a legendary designer.","xxxx","7",,,
"tops_WovenGreenTunic","Woven Green Tunic","xxxx","3",,,
"tops_description_WovenGreenTunic","What beautiful patterns!","xxxx","3",,,
"tops_Hoodie","Hoodie","xxxx","1",,,
"tops_description_Hoodie","Comfortable for a wide variety of occasions.","xxxx","7",,,
"tops_RaraLine9","Rara Line 9","xxxx","3",,,
"tops_description_RaraLine9","Cool vintage hoodie from fall 09.","xxxx","6",,,
"tops_ShadyGarments","Shady Garments","xxxx","2",,,
"tops_description_ShadyGarments","You only get one shot . . .","xxxx","8",,,
"tops_LooseShirt","Loose Shirt","xxxx","2",,,
"tops_description_LooseShirt","Great shirt for those hot summer days.","xxxx","7",,,
"tops_WaveysLine18","Waveys Line 18","xxxx","3",,,
"tops_description_WaveysLine18","Cool and casual shirt from the fall line.","xxxx","8",,,
"tops_WaveysLine17","Waveys Line 17","xxxx","3",,,
"tops_description_WaveysLine17","Limited shirt from the spring line.","xxxx","6",,,
"tops_MilosCloak","Milo's Cloak","xxxx","2",,,
"tops_description_MilosCloak","Made from expensive furs.","xxxx","4",,,
"tops_RangersTunic","Ranger's Tunic","xxxx","2",,,
"tops_description_RangersTunic","For the ultimate hunter.","xxxx","4",,,
"tops_Poncho","Poncho","xxxx","1",,,
"tops_description_Poncho","Warm and comfy!","xxxx","3",,,
"tops_BathhouseUniform","Bathhouse Uniform","xxxx","2",,,
"tops_description_BathhouseUniform","The standard issue uniform of the Peony Bathhouse.","xxxx","8",,,
"tops_Rara11Blouse","Rara 11 Blouse","xxxx","3",,,
"tops_description_Rara11Blouse","A vintage blouse from the Rara 2011 fall collection.","xxxx","9",,,
"tops_StripedShirt","Striped Shirt","xxxx","2",,,
"tops_description_StripedShirt","It's a lightweight cotton shirt.","xxxx","5",,,
"tops_BlackAndWhiteShirt","Black and White Shirt","xxxx","4",,,
"tops_description_BlackAndWhiteShirt","A breezy shirt with a minimalist design.","xxxx","7",,,
"tops_BlackTShirt","Black T-Shirt","xxxx","2",,,
"tops_description_BlackTShirt","It's a plain black T-shirt.","xxxx","5",,,
"tops_WhiteTShirt","White T-Shirt","xxxx","2",,,
"tops_description_WhiteTShirt","It's a plain white T-shirt.","xxxx","5",,,
"tops_YellowTShirt","Yellow T-Shirt","xxxx","2",,,
"tops_description_YellowTShirt","It's a plain yellow T-shirt.","xxxx","5",,,
"tops_TanktopBeige","Beige Tanktop","xxxx","2",,,
"tops_description_TanktopBeige","Good for hot days.","xxxx","4",,,
"tops_TanktopBlack","Black Tanktop","xxxx","2",,,
"tops_description_TanktopBlack","It provides maximum arm mobility.","xxxx","5",,,
"tops_TanktopWhite","White Tanktop","xxxx","2",,,
"tops_description_TanktopWhite","Good for hot days.","xxxx","4",,,
"tops_ThickSweater","Thick Sweater","xxxx","2",,,
"tops_description_ThickSweater","This looks very warm.","xxxx","4",,,
"tops_ElegantSweater","Elegant Sweater","xxxx","2",,,
"tops_description_ElegantSweater","This will make you look sophisticated.","xxxx","6",,,
"tops_PinkTiedTop","Pink Tied Top","xxxx","3",,,
"tops_description_PinkTiedTop","Cut pink top that's great for a day at the beach.","xxxx","11",,,
"tops_YellowTiedTop","Yellow Tied Top","xxxx","3",,,
"tops_description_YellowTiedTop","Cut yellow top that's great for a day at the beach.","xxxx","11",,,
"tops_HealersHoodie","Healer's Hoodie","xxxx","2",,,
"tops_description_HealersHoodie","This has a lot of pockets for holding medicine.","xxxx","9",,,
"tops_WaiterShirt","Waiter Shirt","xxxx","2",,,
"tops_description_WaiterShirt","Formal attire for serving guests.","xxxx","5",,,
,,,"",,,
,,,"",,,
"OVERALLS",,,"",,,
,,,"",,,
"overalls_FishermanOveralls","Fisherman Overalls","xxxx","2",,,
"overalls_description_FishermanOveralls","Sturdy outfit for a long day at sea.","xxxx","8",,,
"overalls_FancyDress","Fancy Dress","xxxx","2",,,
"overalls_description_FancyDress","A beautiful dress woven with golden thread.","xxxx","7",,,
"overalls_MoonlightDress","Moonlight Dress","xxxx","2",,,
"overalls_description_MoonlightDress","It shimmers under the moonlight . . .","xxxx","8",,,
"overalls_ObsidianGown","Obsidian Gown","xxxx","2",,,
"overalls_description_ObsidianGown","It's adorned with thousands of obsidian crystals.","xxxx","7",,,
"overalls_FlowerDress","Flower Dress","xxxx","2",,,
"overalls_description_FlowerDress","Beautful dress adorned with a variety of flowers.","xxxx","8",,,
"overalls_OnePieceSwimsuitRed","Red One-Piece Swimsuit","xxxx","3",,,
"overalls_description_OnePieceSwimsuitRed","Classic swimwear in a crimson-red color.","xxxx","6",,,
"overalls_OnePieceSwimsuitGreen","Green One-Piece Swimsuit","xxxx","3",,,
"overalls_description_OnePieceSwimsuitGreen","Classic swimwear in a deep green color.","xxxx","7",,,
"overalls_OnePieceSwimsuitBlack","Black One-Piece Swimsuit","xxxx","3",,,
"overalls_description_OnePieceSwimsuitBlack","Classic swimwear in a black color.","xxxx","6",,,
"overalls_OnePieceSwimsuitPink","Pink One-Piece Swimsuit","xxxx","3",,,
"overalls_description_OnePieceSwimsuitPink","Classic swimwear in a bright-pink color.","xxxx","6",,,
"overalls_SwimmingOverallsBlack","Black Swimming Overalls","xxxx","3",,,
"overalls_description_SwimmingOverallsBlack","Makes you super slick.","xxxx","4",,,
"overalls_SwimmingOverallsBlue","Blue Swimming Overalls","xxxx","3",,,
"overalls_description_SwimmingOverallsBlue","This slick swimsuit matches the color of the ocean.","xxxx","9",,,
"overalls_SwimmingOverallsPurple","Purple Swimming Overalls","xxxx","3",,,
"overalls_description_SwimmingOverallsPurple","Hydrodynamic in water.","xxxx","3",,,
"overalls_SwimmingOverallsYellow","Yellow Swimming Overalls","xxxx","3",,,
"overalls_description_SwimmingOverallsYellow","Others can see you from miles away.","xxxx","7",,,
"overalls_SwimwearBlack","Black Swimwear","xxxx","2",,,
"overalls_description_SwimwearBlack","Time for a swim!","xxxx","4",,,
"overalls_SwimwearBlue","Blue Swimwear","xxxx","2",,,
"overalls_description_SwimwearBlue","Time for a swim!","xxxx","4",,,
"overalls_SwimwearYellow","Yellow Swimwear","xxxx","2",,,
"overalls_description_SwimwearYellow","Time for a swim!","xxxx","4",,,
"overalls_Underwear","Underwear","xxxx","1",,,
"overalls_description_Underwear","Looks comfy.","xxxx","2",,,
"overalls_ButchersApron","Butcher's Apron","xxxx","2",,,
"overalls_description_ButchersApron","Keeps the blood off you.","xxxx","5",,,
,,,"",,,
,,,"",,,
"LEGS",,,"",,,
,,,"",,,
"legs_AdventurerPants","Adventurer Pants","xxxx","2",,,
"legs_description_AdventurerPants","Purple-colored leggings for explorers. The word 'Kickstarter' is written on the side.","xxxx","12",,,
"legs_ArmyPants","Army Pants","xxxx","2",,,
"legs_description_ArmyPants","The camo pattern blends in with the trees.","xxxx","8",,,
"legs_CipherLegs","Cipher Legs","xxxx","2",,,
"legs_description_CipherLegs","Sneaky!","xxxx","1",,,
"legs_DancersBrace","Dancer's Brace","xxxx","2",,,
"legs_description_DancersBrace","Time to dance!","xxxx","3",,,
"legs_HuntersLegwraps","Hunter's Legwraps","xxxx","2",,,
"legs_description_HuntersLegwraps","Perfect for stalking creatures in the woods.","xxxx","7",,,
"legs_LELSHLeggings","LELSH Leggings","xxxx","2",,,
"legs_description_LELSHLeggings","Slick leggings worn by officers of the LELSH corporation.","xxxx","9",,,
"legs_CutoffsBlack","Black Cutoffs","xxxx","2",,,
"legs_description_CutoffsBlack","Perfect for that 'sophisticated but casual' outfit.","xxxx","7",,,
"legs_CutoffsWhite","White Cutoffs","xxxx","2",,,
"legs_description_CutoffsWhite","Dress for success.","xxxx","3",,,
"legs_CutoffsGold","Gold Cutoffs","xxxx","2",,,
"legs_description_CutoffsGold","These cutoffs are a little bit extra.","xxxx","7",,,
"legs_FightersLeggings","Fighter's Leggings","xxxx","2",,,
"legs_description_FightersLeggings","Loose fitting pants for physcial activities.","xxxx","6",,,
"legs_DressPantsBlack","Black Dress Pants","xxxx","3",,,
"legs_description_DressPantsBlack","Dress for success.","xxxx","3",,,
"legs_BellhopPants","Bellhop Pants","xxxx","2",,,
"legs_description_BellhopPants","These pants are a part of the Hotel Rose uniform.","xxxx","10",,,
"legs_DressPantsWhite","White Dress Pants","xxxx","3",,,
"legs_description_DressPantsWhite","Dress for success.","xxxx","3",,,
"legs_VelvetLeggings","Velvet Leggings","xxxx","2",,,
"legs_description_VelvetLeggings","Fancy dress pants colored velvet.","xxxx","5",,,
"legs_BathhousePants","Bathhouse Pants","xxxx","2",,,
"legs_description_BathhousePants","These pants are worn by employees of the Peony Bathhouse.","xxxx","10",,,
"legs_HaremPants","Harem Pants","xxxx","2",,,
"legs_description_HaremPants","These pants look hot.","xxxx","4",,,
"legs_JeansBlack","Black Jeans","xxxx","2",,,
"legs_description_JeansBlack","Vintage Lovi jeans.","xxxx","3",,,
"legs_JeansBlue","Blue Jeans","xxxx","2",,,
"legs_description_JeansBlue","Vintage Lovi jeans.","xxxx","3",,,
"legs_JeansFaded","Faded Jeans","xxxx","2",,,
"legs_description_JeansFaded","Lovi Jeans in a rare purple color.","xxxx","7",,,
"legs_JeansVintage","Vintage Jeans","xxxx","2",,,
"legs_description_JeansVintage","Vintage Rara jeans from the 90s. These ones are still in great condition.","xxxx","13",,,
"legs_LongShortsTan","Tan Long Shorts","xxxx","3",,,
"legs_description_LongShortsTan","These shorts drop below your knees.","xxxx","6",,,
"legs_LooseShortsWhite","White Loose Shorts","xxxx","3",,,
"legs_description_LooseShortsWhite","Very loose and comfy.","xxxx","4",,,
"legs_HaselsLeggings","Hasel's Leggings","xxxx","2",,,
"legs_description_HaselsLeggings","These shorts are worn by the ultimate bubble tea barista.","xxxx","10",,,
"legs_LooseShortsRed","Red Loose Shorts","xxxx","3",,,
"legs_description_LooseShortsRed","These shorts are wide and comfy.","xxxx","6",,,
"legs_BlueBottoms","Blue Bottoms","xxxx","2",,,
"legs_description_BlueBottoms","Light blue shorts.","xxxx","3",,,
"legs_SkirtRed","Red Skirt","xxxx","2",,,
"legs_description_SkirtRed","This pleated skirt is perfect for the summer.","xxxx","8",,,
"legs_FlowerSkirt","Flower Skirt","xxxx","2",,,
"legs_description_FlowerSkirt","A lightweight skirt embroidered with a flower pattern.","xxxx","8",,,
"legs_ShortsBlue","Blue Shorts","xxxx","2",,,
"legs_description_ShortsBlue","Good for a hot summer day.","xxxx","6",,,
"legs_ShortsGold","Gold Shorts","xxxx","2",,,
"legs_description_ShortsGold","These shorts shine under the sun!","xxxx","6",,,
"legs_SkirtPink","Pink Skirt","xxxx","2",,,
"legs_description_SkirtPink","Get ready for that Spring photoshoot!","xxxx","6",,,
"legs_SkirtWhite","White Skirt","xxxx","2",,,
"legs_description_SkirtWhite","Breezy!","xxxx","1",,,
"legs_Underwear","Underwear","xxxx","1",,,
"legs_description_Underwear","Clean!","xxxx","1",,,
,,,"",,,
,,,"",,,
"ACCESSORIES",,,"",,,
,,,"",,,
"accessory_OilLamp","Oil Lamp","xxxx","2",,,
"accessory_description_OilLamp","An old wrought-iron oil lamp. It will be useful at night.","xxxx","11",,,
"accessory_EmeraldRing","Emerald Ring","xxxx","2",,,
"accessory_description_EmeraldRing","What a gorgeous ring!","xxxx","4",,,
"accessory_AmethystPendant","Amethyst Pendant","xxxx","2",,,
"accessory_description_AmethystPendant","There is a gorgeous amethyst in this pendant.","xxxx","8",,,
"accessory_EmeraldPendant","Emerald Pendant","xxxx","2",,,
"accessory_description_EmeraldPendant","There is a gorgeous emerald in this pendant.","xxxx","8",,,
"accessory_LuxuryScarf","Luxury Scarf","xxxx","2",,,
"accessory_description_LuxuryScarf","An expensive vintage scarf from Rara's Fall 2031 line.","xxxx","9",,,
"accessory_LeatherBracers","Leather Bracers","xxxx","2",,,
"accessory_description_LeatherBracers","A hand-crafted bracer to make hunting with tools easier.","xxxx","9",,,
"accessory_RubyRing","Ruby Ring","xxxx","2",,,
"accessory_description_RubyRing","The stone shines a fiery red.","xxxx","6",,,
"accessory_SapphireNecklace","Sapphire Necklace","xxxx","2",,,
"accessory_description_SapphireNecklace","Gorgeous blue stone.","xxxx","3",,,
"accessory_DiamondNecklace","Diamond Necklace","xxxx","2",,,
"accessory_description_DiamondNecklace","Beautiful.","xxxx","1",,,
"accessory_DiamondRing","Diamond Ring","xxxx","2",,,
"accessory_description_DiamondRing","Beautiful.","xxxx","1",,,
"accessory_PendantOfLove","Pendant of Love","xxxx","3",,,
"accessory_description_PendantOfLove","Spread the love!","xxxx","3",,,
"accessory_SilverCompass","Silver Compass","xxxx","2",,,
"accessory_description_SilverCompass","This will be helpful when you are lost in the woods.","xxxx","11",,,
,,,"",,,
"AUGMENTATIONS",,,"",,,
,,,"",,,
"augmentation_GlowBracelet","Glow Bracelet","xxxx","2",,,
"augmentation_description_GlowBracelet","This bracelet can often be found at music concerts.","xxxx","9",,,
"augmentation_BronzeBionicArm","Bronze Bionic Arm","xxxx","3",,,
"augmentation_description_BronzeBionicArm","Enhances your lift strength.","xxxx","4",,,
"augmentation_DALLEMicroprocessor","DALLE Microprocessor","xxxx","2",,,
"augmentation_description_DALLEMicroprocessor","A high-quality processor produced by the DALLE corporation.","xxxx","8",,,
"augmentation_AimingBracelet","Aiming Bracelet","xxxx","2",,,
"augmentation_description_AimingBracelet","Improves your accuracy when using a bow.","xxxx","7",,,
"augmentation_CarbonBionicArm","Carbon Bionic Arm","xxxx","3",,,
"augmentation_description_CarbonBionicArm","Lightweight carbon-fibre arm that greatly enhances your strength.","xxxx","8",,,
"augmentation_ConsortMicroprocessor","Consort's Microprocessor","xxxx","2",,,
"augmentation_description_ConsortMicroprocessor","Powerful processor for androids. This one is used by professional companions.","xxxx","11",,,
"augmentation_ExplorerMicroprocessor","Explorer's Microprocessor","xxxx","2",,,
"augmentation_description_ExplorerMicroprocessor","Powerful processor for androids. This one is used by professional rangers.","xxxx","11",,,
"augmentation_GourmetMicroprocessor","Gourmet's Microprocessor","xxxx","2",,,
"augmentation_description_GourmetMicroprocessor","Powerful processor for androids. This one is used by professional chefs.","xxxx","11",,,
"augmentation_ThermalMicroprocessor","Thermal Microprocessor","xxxx","2",,,
"augmentation_description_ThermalMicroprocessor","Powerful processor for androids. This one prevents damage from extreme heat.","xxxx","11",,,
"augmentation_KevlarSkinReplacement","Kevlar Skin Replacement","xxxx","3",,,
"augmentation_description_KevlarSkinReplacement","This military-grade skin suit can stop bullets.","xxxx","7",,,
,,,"",,,
,,,"",,,
"BREWING PRODUCTS",,,"",,,
,,,"",,,
"Brew_AppleJuice_Name","Apple Juice","xxxx","2",,,
"Brew_AppleJuice_Description","Made from the juiciest, ripest apples.","xxxx","6",,,
"Brew_CrushedGrapes_Name","Crushed Grapes","xxxx","2",,,
"Brew_CrushedGrapes_Description","Created by carefully crushing ripe grapes, keeping the skin.","xxxx","9",,,
"Brew_GrainMash_Name","Grain Mash","xxxx","2",,,
"Brew_GrainMash_Description","A fundamental ingredient in brewing, it is created by heating grains in water.","xxxx","13",,,
"Brew_GrapeJuice_Name","Grape Juice","xxxx","2",,,
"Brew_GrapeJuice_Description","Created by carefully crushing ripe grapes, removing the skin.","xxxx","9",,,
"Brew_HoneyWater_Name","Honey Water","xxxx","2",,,
"Brew_HoneyWater_Description","Very sweet! This can be further processed to make alcohol.","xxxx","10",,,
"Brew_Koji_Name","Koji","xxxx","1",,,
"Brew_Koji_Description","Cooked rice inoculated with a fermentation fungus.","xxxx","7",,,
"Brew_Molasses_Name","Molasses","xxxx","1",,,
"Brew_Molasses_Description","A viscous black liquid. It is very sweet.","xxxx","8",,,
"Brew_SorghumMix_Name","Sorghum Mix","xxxx","2",,,
"Brew_SorghumMix_Description","Created by heating Sorghum seeds in water.","xxxx","7",,,
"Brew_SteamedRice_Name","Steamed Rice","xxxx","2",,,
"Brew_SteamedRice_Description","White and fluffy!","xxxx","3",,,
"Brew_SugarcaneJuice_Name","Sugarcane Juice","xxxx","2",,,
"Brew_SugarcaneJuice_Description","Made by squeezing sugar canes and extracting the juice.","xxxx","9",,,
"Brew_WasteMaterial_Name","Waste Material","xxxx","2",,,
"Brew_WasteMaterial_Description","This is a failed brewing experiment.","xxxx","6",,,
"Brew_WheatMash_Name","Wheat Mash","xxxx","2",,,
"Brew_WheatMash_Description","A fundamental ingredient in brewing, it is created by heating wheat in water.","xxxx","13",,,
"Brew_Wort_Name","Wort","xxxx","1",,,
"Brew_Wort_Description","Created by extracting liquids during the mashing process. Can be fermented to produce alcohol.","xxxx","14",,,
,,,"",,,
"Brew_FermentedAppleJuice_Name","Fermented Apple Juice","xxxx","3",,,
"Brew_FermentedAppleJuice_Description","Apple juice that has been fermented to produce alcohol. You shouldn't drink this yet.","xxxx","14",,,
"Brew_FermentedGrapeJuice_Name","Fermented Grape Juice","xxxx","3",,,
"Brew_FermentedGrapeJuice_Description","Grape juice that has undergone fermentation to produce alcohol.","xxxx","9",,,
"Brew_FermentedHoneyWater_Name","Fermented Honey Water","xxxx","3",,,
"Brew_FermentedHoneyWater_Description","This golden liquid looks enticing, but not yet ready for consumption.","xxxx","11",,,
"Brew_FermentedCrushedGrapes_Name","Fermented Crushed Grapes","xxxx","3",,,
"Brew_FermentedCrushedGrapes_Description","It looks gross, but this mixture can be turned into wine.","xxxx","11",,,
"Brew_FermentedSorghum_Name","Fermented Sorghum","xxxx","2",,,
"Brew_FermentedSorghum_Description","The sorghum has been fermented to produce alcohol.","xxxx","8",,,
"Brew_FermentedSugarcaneJuice_Name","Fermented Sugarcane Juice","xxxx","3",,,
"Brew_FermentedSugarcaneJuice_Description","The sugars from sugarcane is broken down by yeast, creating alcohol.","xxxx","11",,,
"Brew_Makgeolli_Name","Makgeolli","xxxx","1",,,
"Brew_Makgeolli_Description","A white-colored alcohol made from fermenting rice.","xxxx","7",,,
"Brew_Moromi_Name","Moromi","xxxx","1",,,
"Brew_Moromi_Description","A fermenting mass made from rice, koji, and water.","xxxx","9",,,
"Brew_RumWash_Name","Rum Wash","xxxx","2",,,
"Brew_RumWash_Description","An alcoholic solution made from molasses.","xxxx","6",,,
"Brew_VodkaWash_Name","Vodka Wash","xxxx","2",,,
"Brew_VodkaWash_Description","An alcoholic solution made from wheat mash.","xxxx","7",,,
"Brew_WasteAlcohol_Name","Waste Alcohol","xxxx","2",,,
"Brew_WasteAlcohol_Description","This is a failed brewing experiment.","xxxx","6",,,
"Brew_WhiskyWash_Name","Whisky Wash","xxxx","2",,,
"Brew_WhiskyWash_Description","An alcoholic solution made from grain mash.","xxxx","7",,,
,,,"",,,
"Brew_RancidAlcohol_Name","Rancid Alcohol","xxxx","2",,,
"Brew_RancidAlcohol_Description","The result of a failed brewing experiment.","xxxx","7",,,
,,,"",,,
,,,"",,,
"COMPOST",,,"",,,
,,,"",,,
"Compost_Regular_Name","Compost","xxxx","1",,,
"Compost_Regular_Description","A mixture of organic waste. Increases the crop yield of farmed plants.","xxxx","12",,,
"Compost_Enhanced_Name","Enhanced Compost","xxxx","2",,,
"Compost_Enhanced_Description","This improved compost can greatly increase your crop yield.","xxxx","9",,,
"Compost_Nutrient_Name","Nutrient-Rich Compost","xxxx","2",,,
"Compost_Nutrient_Description","Enrich your crops with an abundance of nutrients! Massively increases crop yield.","xxxx","12",,,
"Compost_Use_Description","To use compost, enter planting mode and cycle through available compost.","xxxx","11",,,
,,,"",,,
,,,"",,,
"ANIMALS",,,"",,,
,,,"",,,
"Basic_Animal_Level","Basic Animal","xxxx","2",,,
"Intermediate_Animal_Level","Strong Animal","xxxx","2",,,
"Elite_Animal_Level","Elite Animal","xxxx","2",,,
"Boss_Animal_Level","Boss Animal","xxxx","2",,,
,,,"",,,
"Boar_Regular_Brown_Name","Brown Boar","xxxx","2",,,
"Boar_Elite_Brown_Name","Elder Boar","xxxx","2",,,
"Boar_Elite_Red_Name","Smoldering Boar","xxxx","2",,,
,,,"",,,
"Crab_Regular_Red_Name","Red Crab","xxxx","2",,,
"Crab_Elite_Red_Name","Giant Red Crab","xxxx","3",,,
,,,"",,,
"Elk_Regular_Brown_Name","Brown Elk","xxxx","2",,,
"Elk_Elite_Brown_Name","Elder Elk","xxxx","2",,,
,,,"",,,
"Pheasant_Regular_Red_Name","Red Pheasant","xxxx","2",,,
"Pheasant_Elite_Red_Name","Crimson Pheasant","xxxx","2",,,
,,,"",,,
,,,"",,,
"BOSSES",,,"",,,
,,,"",,,
"Boar_Boss_Purple_Name","Ancient Razorback","xxxx","2",,,
"Boar_Boss_Red_Name","Smoldering Razorback","xxxx","2",,,
,,,"",,,
"Crab_Boss_Purple_Name","Kragen","xxxx","1",,,
,,,"",,,
"Elk_Boss_Spring_Name","Spirit of Blossoms","xxxx","3",,,
"Elk_Boss_Summer_Name","Spirit of Dawn","xxxx","3",,,
"Elk_Boss_Autumn_Name","Spirit of Harvest","xxxx","3",,,
"Elk_Boss_Winter_Name","Spirit of Frost","xxxx","3",,,
,,,"",,,
,,,"",,,
"TRAITS - STAFF",,,"",,,
,,,"",,,
"StaffTrait_Speedy_Name","Speedy","xxxx","1",,,
"StaffTrait_Speedy_Description","+(value1)% Movespeed.","xxxx","2",,,
"StaffTrait_Sloth_Name","Sloth","xxxx","1",,,
"StaffTrait_Sloth_Description","-(value1)% Movespeed.","xxxx","2",,,
"StaffTrait_Calm_Name","Calm","xxxx","1",,,
"StaffTrait_Calm_Description","-(value1)% Stamina Decay but staff has -(value2)% Movespeed.","xxxx","8",,,
"StaffTrait_Energetic_Name","Energetic","xxxx","1",,,
"StaffTrait_Energetic_Description","+(value1)% Movespeed but staff has +(value2)% Stamina Decay.","xxxx","8",,,
"StaffTrait_Overthinker_Name","Overthinker","xxxx","1",,,
"StaffTrait_Overthinker_Description","+(value1)% Dish Quality but staff has a (value2)% Chance of Confusion.","xxxx","11",,,
"StaffTrait_SocialButterfly_Name","Social Butterfly","xxxx","2",,,
"StaffTrait_SocialButterfly_Description","+(value1) Social bonus but staff has +(value2)% Stamina Decay.","xxxx","9",,,
"StaffTrait_Overworker_Name","Overworker","xxxx","1",,,
"StaffTrait_Overworker_Description","Never needs to rest, but staff has a (value1)% Chance of Confusion.","xxxx","12",,,
"StaffTrait_Obsessive_Name","Obsessive","xxxx","1",,,
"StaffTrait_Obsessive_Description","+(value1) Cooking bonus but staff has +(value2)% Stamina Decay.","xxxx","9",,,
"StaffTrait_Explosive_Name","Explosive","xxxx","1",,,
"StaffTrait_Explosive_Description","Performs tasks (value1)% faster but staff has +(value2)% Stamina Decay.","xxxx","10",,,
,,,"",,,
"SKILLS - RESEARCH & ENHANCEMENT",,,"",,,
,,,"",,,
"Locked_Skill_Name","Unknown Skill","xxxx","2",,,
"Locked_Skill_Description","Level up to unlock a new Skill.","xxxx","7",,,
"UI_Skill_Unlocked","Skill Unlocked","xxxx","2",,,
,,,"",,,
"MolecularEnhancement1_Name","Molecular Enhancement I","xxxx","3",,,
"MolecularEnhancement1_Description","You can now enhance - Common - Molecular dishes.","xxxx","9",,,
"TheAlchemist_Name","The Alchemist","xxxx","2",,,
"TheAlchemist_Description","+60% Revenue earned by Molecular dishes cooked by Player.","xxxx","9",,,
"MolecularEnhancement2_Name","Molecular Enhancement II","xxxx","3",,,
"MolecularEnhancement2_Description","You can now enhance - Rare - Molecular dishes.","xxxx","9",,,
"RapidFusion_Name","Rapid Fusion","xxxx","2",,,
"RapidFusion_Description","+20% Cook speed for Stove & Ice Cream Maker appliances.","xxxx","10",,,
"MolecularEnhancement3_Name","Molecular Enhancement III","xxxx","3",,,
"MolecularEnhancement3_Description","You can now enhance - Epic - Molecular dishes.","xxxx","9",,,
"MasterOfTheFiveElements_Name","Master of the Five Elements","xxxx","5",,,
"MasterOfTheFiveElements_Description","+5% Dish Quality to all dishes cooked.","xxxx","7",,,
,,,"",,,
"MixologyEnhancement1_Name","Mixology Enhancement I","xxxx","3",,,
"MixologyEnhancement1_Description","You can now enhance - Common - Mixology dishes.","xxxx","9",,,
"BeverageArts_Name","Beverage Arts","xxxx","2",,,
"BeverageArts_Description","+10% Satisfaction to customers who order Mixology dishes.","xxxx","8",,,
"MixologyEnhancement2_Name","Mixology Enhancement II","xxxx","3",,,
"MixologyEnhancement2_Description","You can now enhance - Rare - Mixology dishes.","xxxx","9",,,
"FastMixer_Name","Fast Mixer","xxxx","2",,,
"FastMixer_Description","+25% Cook speed to all Mixology dishes.","xxxx","7",,,
"MixologyEnhancement3_Name","Mixology Enhancement III","xxxx","3",,,
"MixologyEnhancement3_Description","You can now enhance - Epic - Mixology dishes.","xxxx","9",,,
"Mixologist_Name","Mixologist","xxxx","1",,,
"Mixologist_Description","You can now hire Chefs with a Mixology speciality.","xxxx","9",,,
"Mixologist_Tooltip","+(value)% Chance of maximum dish quality when preparing Mixology dishes. Prioritize Mixology dishes.","xxxx","13",,,
,,,"",,,
"SeafoodEnhancement1_Name","Seafood Enhancement I","xxxx","3",,,
"SeafoodEnhancement1_Description","You can now enhance - Common - Seafood dishes.","xxxx","9",,,
"OceanEngineer_Name","Ocean Engineer","xxxx","2",,,
"OceanEngineer_Description","+15% Cook speed for Steamer & Frier appliances.","xxxx","8",,,
"SeafoodEnhancement2_Name","Seafood Enhancement II","xxxx","3",,,
"SeafoodEnhancement2_Description","You can now enhance - Rare - Seafood dishes.","xxxx","9",,,
"OneWithTheFish_Name","One with the Fish","xxxx","4",,,
"OneWithTheFish_Description","+10% Dish quality to all Seafood dishes.","xxxx","7",,,
"SeafoodEnhancement3_Name","Seafood Enhancement III","xxxx","3",,,
"SeafoodEnhancement3_Description","You can now enhance - Epic - Seafood dishes.","xxxx","9",,,
"Poissonier_Name","Poissonier","xxxx","1",,,
"Poissonier_Description","You can now hire Chefs with a Poissonier speciality.","xxxx","9",,,
"Poissonier_Tooltip","+(value)% Cook speed when preparing Seafood dishes. Prioritize Seafood dishes.","xxxx","10",,,
,,,"",,,
"BBQEnhancement1_Name","BBQ Enhancement I","xxxx","3",,,
"BBQEnhancement1_Description","You can now enhance - Common - Meat dishes.","xxxx","9",,,
"Firestarter_Name","Firestarter","xxxx","1",,,
"Firestarter_Description","Cooking speed for Oven and Grill appliances increased by 15%.","xxxx","10",,,
"BBQEnhancement2_Name","BBQ Enhancement II","xxxx","3",,,
"BBQEnhancement2_Description","You can now enhance - Rare - Meat dishes.","xxxx","9",,,
"PerfectCut_Name","Perfect Cut","xxxx","2",,,
"PerfectCut_Description","+10% Dish quality to all Meat dishes.","xxxx","7",,,
"BBQEnhancement3_Name","BBQ Enhancement III","xxxx","3",,,
"BBQEnhancement3_Description","You can now enhance - Epic - Meat dishes.","xxxx","9",,,
"Pitmaster_Name","Pitmaster","xxxx","1",,,
"Pitmaster_Description","You can now hire Chefs with a Pitmaster speciality.","xxxx","9",,,
"Pitmaster_Tooltip","(value)% Minimum dish quality when preparing Meat dishes. Prioritize Meat dishes.","xxxx","11",,,
,,,"",,,
"VegiEnhancement1_Name","Vegetable Enhancement I","xxxx","3",,,
"VegiEnhancement1_Description","You can now enhance - Common - Vegetable dishes.","xxxx","9",,,
"KnowledgeableForager_Name","Knowledgeable Forager","xxxx","2",,,
"KnowledgeableForager_Description","+5% Satisfaction to customers who order Vegetable dishes.","xxxx","8",,,
"VegiEnhancement2_Name","Vegetable Enhancement II","xxxx","3",,,
"VegiEnhancement2_Description","You can now enhance - Rare - Vegetable dishes.","xxxx","9",,,
"SpeedyGreens_Name","Speedy Greens","xxxx","2",,,
"SpeedyGreens_Description","+25% Cook speed to all Vegetable dishes.","xxxx","7",,,
"VegiEnhancement3_Name","Vegetable Enhancement III","xxxx","3",,,
"VegiEnhancement3_Description","You can now enhance - Epic - Vegetable dishes.","xxxx","9",,,
"NatureSpirit_Name","Nature Spirit","xxxx","2",,,
"NatureSpirit_Description","You can now hire Chefs with a Nature Spirit speciality.","xxxx","10",,,
"NatureSpirit_Tooltip","+(value)% Dish quality when preparing Vegetarian dishes. Removes dish quality limit. Prioritize Vegetable dishes.","xxxx","14",,,
,,,"",,,
"BakingEnhancement1_Name","Baking Enhancement I","xxxx","3",,,
"BakingEnhancement1_Description","You can now enhance - Common - Baked dishes.","xxxx","9",,,
"ThermalControl_Name","Thermal Control","xxxx","2",,,
"ThermalControl_Description","Minimum 50% dish quality for all Baked dishes.","xxxx","8",,,
"BakingEnhancement2_Name","Baking Enhancement II","xxxx","3",,,
"BakingEnhancement2_Description","You can now enhance - Rare - Baked dishes.","xxxx","9",,,
"IngredientAuditing_Name","Ingredient Auditing","xxxx","2",,,
"IngredientAuditing_Description","30% Chance to not consume ingredients when cooking Baked dishes.","xxxx","10",,,
"BakingEnhancement3_Name","Baking Enhancement III","xxxx","3",,,
"BakingEnhancement3_Description","You can now enhance - Epic - Baked dishes.","xxxx","9",,,
"Patissier_Name","Patissier","xxxx","1",,,
"Patissier_Description","You can now hire Chefs with a Patissier speciality.","xxxx","9",,,
"Patissier_Tooltip","+(value)% Cook speed when preparing Baked dishes. Prioritize Baked dishes.","xxxx","10",,,
,,,"",,,
,,,"",,,
,,,"",,,
"SKILLS - REGULAR",,,"",,,
,,,"",,,
,,,"",,,
"IWorkOut_Name","I Work Out","xxxx","3",,,
"IWorkOut_Description1","+10% Max Health","xxxx","3",,,
"IWorkOut_Description2","+10% Max Endurance","xxxx","3",,,
,,,"",,,
"Explorer_Name","Explorer","xxxx","1",,,
"Explorer_Description1","Your knowledge of the land allows you to fast travel back to home quickly.","xxxx","14",,,
,,,"",,,
"HomeCook_Name","Home Cook","xxxx","2",,,
"HomeCook_Description1","+5% Dish quality when preparing dishes yourself.","xxxx","7",,,
,,,"",,,
"FriendlyNeighbor_Name","Friendly Neighbor","xxxx","2",,,
"FriendlyNeighbor_Description1","Relationships grow 15% faster.","xxxx","4",,,
,,,"",,,
"ThickSkin_Name","Thick Skin","xxxx","2",,,
"ThickSkin_Description1","+15% Damage Resistance","xxxx","3",,,
,,,"",,,
"ForestCitizen_Name","Forest Citizen","xxxx","2",,,
"ForestCitizen_Description1","You now have the knowledge to identify various wild vegetation.","xxxx","10",,,
"ForestCitizen_Description2","Increased chance of collecting plant roots and extra ingredients when harvesting wild plants.","xxxx","13",,,
,,,"",,,
"LineCook_Name","Line Cook","xxxx","2",,,
"LineCook_Description1","+15% Cooking speed when player is cooking.","xxxx","7",,,
,,,"",,,
"SecretAdmirer_Name","Secret Admirer","xxxx","2",,,
"SecretAdmirer_Description1","You can receive gifts from friends. Gifts will appear in your mailbox.","xxxx","12",,,
,,,"",,,
"Bookworm_Name","Bookworm","xxxx","1",,,
"Bookworm_Description1","You might discover new recipes when reading library books.","xxxx","9",,,
,,,"",,,
"SeedCollector_Name","Seed Collector","xxxx","2",,,
"SeedCollector_Description1","Harvesting Plants and hunting Animals can yield farming Seeds.","xxxx","9",,,
"SeedCollector_QuestRequirement","You must have completed the Quest: In Search of Tomatoes.","xxxx","10",,,
,,,"",,,
"Brewmaster_Name","Brewmaster","xxxx","1",,,
"Brewmaster_Description1","+5% Dish Quality for recipes that use at least one Alcohol ingredient.","xxxx","12",,,
"Brewmaster_QuestRequirement","You must have completed the Quest: Brewing a Beer.","xxxx","9",,,
,,,"",,,
"Salesman_Name","Salesman","xxxx","1",,,
"Salesman_Description1","Prices are 10% cheaper when buying goods from regular shops and furniture stores.","xxxx","13",,,
,,,"",,,
"StaffTraining_Name","Staff Training","xxxx","2",,,
"StaffTraining_Description1","Hired staff will improve their skills over time (maximum +2 from base value).","xxxx","13",,,
,,,"",,,
"ArmyRegiment_Name","Army Regiment","xxxx","2",,,
"ArmyRegiment_Description1","+20% Damage when using Spears & Staves.","xxxx","7",,,
,,,"",,,
"ResearchFacilities_Name","Research Facilities","xxxx","2",,,
"ResearchFacilities_Description1","Unlock the use of Research Facilities for enhancing dishes and discorvering new recipes.","xxxx","13",,,
,,,"",,,
"VendingManiac_Name","Vending Maniac","xxxx","2",,,
"VendingManiac_Description1","You can now purchase vending machines around town and sell Consumables and edible Ingredients. Items sell slowly over time but are sold at a high price point.","xxxx","27",,,
,,,"",,,
"MarathonVeteran_Name","Marathon Veteran","xxxx","2",,,
"MarathonVeteran_Description1","-30% Energy Decay","xxxx","3",,,
,,,"",,,
"Ranger_Name","Ranger","xxxx","1",,,
"Ranger_Description1","Can identify various wild animals and their potential drops.","xxxx","9",,,
"Ranger_Description2","Can walk closer to animals without alerting them.","xxxx","8",,,
,,,"",,,
"SupplyChain_Name","Supply Chain","xxxx","2",,,
"SupplyChain_Description1","Becoming 'Friends' with shopkeepers allows scheduled ingredient deliveries to your restaurants.","xxxx","11",,,
"SupplyChain_QuestRequirement","You must have completed Le Sequoia's grand opening to learn this skill.","xxxx","12",,,
,,,"",,,
"Recruiter_Name","Recruiter","xxxx","1",,,
"Recruiter_Description1","You can now hire epic level chefs and waiters. 8 Recruitment slots are now available instead of 4.","xxxx","18",,,
,,,"",,,
"TreasureHunter_Name","Treasure Hunter","xxxx","2",,,
"TreasureHunter_Description1","Treasure troves with unique rewards can be found on beaches and in caves. Use a spade to dig up treasure.","xxxx","20",,,
,,,"",,,
"Oceaneer_Name","Oceaneer","xxxx","1",,,
"Oceaneer_Description1","Special fishing spots will appear with a chance to catch Giant fish. Unique sunken treasures can be obtained from giant fish.","xxxx","21",,,
,,,"",,,
"KingOfTheKitchen_Name","King of the Kitchen","xxxx","4",,,
"KingOfTheKitchen_Description1","+10% Work speed of restaurant staff.","xxxx","6",,,
"KingOfTheKitchen_Description2","+5% Dish quality for staff chefs.","xxxx","6",,,
,,,"",,,
"EagleEyedShopper_Name","Eagle-Eyed Shopper","xxxx","2",,,
"EagleEyedShopper_Description1","Higher chance for recipes to appear in shops and vending machines.","xxxx","11",,,
"EagleEyedShopper_Description2","Shopkeepers stock higher quantities of ingredients for purchase.","xxxx","8",,,
,,,"",,,
"ThermalSkin_Name","Thermal Skin","xxxx","2",,,
"ThermalSkin_Description1","Full resistance to heat without needing heat-resistant clothing and items.","xxxx","10",,,
,,,"",,,
"ResourcefulHunter_Name","Resourceful Hunter","xxxx","2",,,
"ResourcefulHunter_Description1","Chance for wildlife to drop recipes and equipment.","xxxx","8",,,
,,,"",,,
"GourmetGastronomy_Name","Gourmet Gastronomy","xxxx","2",,,
"GourmetGastronomy_Description1","Allows you to open second research facility with molecular gastronomy, mixology, and seafood.","xxxx","13",,,
,,,"",,,
"PartyPlanner_Name","Party Planner","xxxx","2",,,
"PartyPlanner_Description1","Host private events in your restaurant. You can accept private events from the bulletin board.","xxxx","15",,,
,,,"",,,
"Cartographer_Name","Cartographer","xxxx","1",,,
"Cartographer_Description1","Harvesting natural ingredients will now reveal their location on the map.","xxxx","11",,,
"Cartographer_Description2","+400% experience gained from discovering new ingredient sources.","xxxx","8",,,
,,,"",,,
"MaterialSeeker_Name","Material Seeker","xxxx","2",,,
"MaterialSeeker_Description1","Animals have a chance of dropping material items.","xxxx","8",,,
"MaterialSeeker_Description2","Harvesting plants and clearing farming patches will yield more roots.","xxxx","10",,,
,,,"",,,
"CelebrityChef_Name","Celebrity Chef","xxxx","2",,,
"CelebrityChef_Description1","Your reputation occasionally attracts celebrity customers. Receive special item rewards after successfully serving these guests. The better their dining experience, the better the reward.","xxxx","24",,,
,,,"",,,
"Motivator_Name","Motivator","xxxx","1",,,
"Motivator_Description1","Staff energy depletes 50% slower.","xxxx","5",,,
"Motivator_Description2","Boosts from brewed Tea and Coffee have 2x effectiveness for staff members.","xxxx","12",,,
,,,"",,,
"Spartan_Name","Spartan","xxxx","1",,,
"Spartan_Description1","Once per day, automatically replenish health and energy to 100% if health or energy falls below 15%.","xxxx","17",,,
,,,"",,,
"ForceOfArtemis_Name","Force of Artemis","xxxx","3",,,
"ForceOfArtemis_Description1","Spear and bow attacks have a 15% chance of 3x damage and slowing enemies for 4 seconds.","xxxx","17",,,
"ForceOfArtemis_Description2","This effect pierces shields and ignores resistances.","xxxx","7",,,
,,,"",,,
"TrueGourmet_Name","True Gourmet","xxxx","2",,,
"TrueGourmet_Description1","+10% Dish quality for all dishes cooked by player and removes quality limit.","xxxx","13",,,
"TrueGourmet_Description2","You can attract Legendary level staff.","xxxx","6",,,
,,,"",,,
"Magnate_Name","Magnate","xxxx","1",,,
"Magnate_Description1","+30% Revenue from restaurant dishes.","xxxx","5",,,
,,,"",,,
"ProfessionalDecorator_Name","Professional Decorator","xxxx","2",,,
"ProfessionalDecorator_Description1","+25% Decor Value from decorative furniture pieces.","xxxx","7",,,
"ProfessionalDecorator_Description2","+10% Decor Value from functional furniture pieces.","xxxx","7",,,
,,,"",,,
"Herbalist_Name","Herbalist","xxxx","1",,,
"Herbalist_Description1","You can now see the growth stages of farmed plants.","xxxx","10",,,
"Herbalist_Description2","+20% Ingredient yield from harvesting farmed plants.","xxxx","7",,,
,,,"",,,
"HandsOnApproach_Name","Hands-On Approach","xxxx","2",,,
"HandsOnApproach_Description1","Chance to discover new recipes when the player is cooking during a restaurant service. Discovered recipes must have at least one common ingredient as the dish cooked by the player.","xxxx","30",,,
"HandsOnApproach_Description2","The more dishes the player has cooked, the higher the chance of discovering recipes.","xxxx","14",,,
,,,"",,,
"HappinessComesFirst_Name","Happiness Comes First","xxxx","3",,,
"HappinessComesFirst_Description1","You can now identify happiness and patience levels of customers.","xxxx","10",,,
"HappinessComesFirst_Description2","Staff members will speak to impatient customers to boost their happiness and patience.","xxxx","13",,,
,,,"",,,
,,,"",,,
"PETS",,,"",,,
,,,"",,,
"Pet_CatMunchkin_Name","Cat - Munchkin","xxxx","3",,,
"Pet_CatRussianBlue_Name","Cat - Russian Blue","xxxx","4",,,
"Pet_CatBritishShorthair_Name","Cat - British Shorthair","xxxx","4",,,
"Pet_DogHusky_Name","Dog - Husky","xxxx","3",,,
"Pet_DogShiba_Name","Dog - Shiba Inu","xxxx","4",,,
"Pet_DogLabrador_Name","Dog - Labrador","xxxx","3",,,
,,,"",,,
"PetStatus_Idle","Idle","xxxx","1",,,
"PetStatus_Wandering","Wandering","xxxx","1",,,
"PetStatus_RunningToTarget","Wandering","xxxx","1",,,
"PetStatus_Licking","Idle","xxxx","1",,,
"PetStatus_Eating","Eating","xxxx","1",,,
,,,,,,
"PetName_Dog_1","Bella","xxxx",,,,
"PetName_Dog_2","Bruno","xxxx",,,,
"PetName_Dog_3","Buddy","xxxx",,,,
"PetName_Dog_4","Charlie","xxxx",,,,
"PetName_Dog_5","Chloe","xxxx",,,,
"PetName_Dog_6","Cooper","xxxx",,,,
"PetName_Dog_7","Daisy","xxxx",,,,
"PetName_Dog_8","Duke","xxxx",,,,
"PetName_Dog_9","Ellie","xxxx",,,,
"PetName_Dog_10","Finn","xxxx",,,,
"PetName_Dog_11","Ginger","xxxx",,,,
"PetName_Dog_12","Hazel","xxxx",,,,
"PetName_Dog_13","Hunter","xxxx",,,,
"PetName_Dog_14","Jack","xxxx",,,,
"PetName_Dog_15","Jasper","xxxx",,,,
"PetName_Dog_16","Leo","xxxx",,,,
"PetName_Dog_17","Lily","xxxx",,,,
"PetName_Dog_18","Luna","xxxx",,,,
"PetName_Dog_19","Max","xxxx",,,,
"PetName_Dog_20","Milo","xxxx",,,,
"PetName_Dog_21","Molly","xxxx",,,,
"PetName_Dog_22","Nala","xxxx",,,,
"PetName_Dog_23","Olive","xxxx",,,,
"PetName_Dog_24","Oscar","xxxx",,,,
"PetName_Dog_25","Penny","xxxx",,,,
"PetName_Dog_26","Piper","xxxx",,,,
"PetName_Dog_27","Rex","xxxx",,,,
"PetName_Dog_28","Rocky","xxxx",,,,
"PetName_Dog_29","Rosie","xxxx",,,,
"PetName_Dog_30","Roxy","xxxx",,,,
"PetName_Dog_31","Ruby","xxxx",,,,
"PetName_Dog_32","Sadie","xxxx",,,,
"PetName_Dog_33","Samson","xxxx",,,,
"PetName_Dog_34","Scout","xxxx",,,,
"PetName_Dog_35","Shadow","xxxx",,,,
"PetName_Dog_36","Sophie","xxxx",,,,
"PetName_Dog_37","Thor","xxxx",,,,
"PetName_Dog_38","Willow","xxxx",,,,
"PetName_Dog_39","Zeus","xxxx",,,,
"PetName_Dog_40","Zoey","xxxx",,,,
,,,,,,
"PetName_Cat_1","Archibald","xxxx",,,,
"PetName_Cat_2","Azrael","xxxx",,,,
"PetName_Cat_3","Cinnamon","xxxx",,,,
"PetName_Cat_4","Clementine","xxxx",,,,
"PetName_Cat_5","Cosmo","xxxx",,,,
"PetName_Cat_6","Fidget","xxxx",,,,
"PetName_Cat_7","Figaro","xxxx",,,,
"PetName_Cat_8","Freya","xxxx",,,,
"PetName_Cat_9","Galadriel","xxxx",,,,
"PetName_Cat_10","Inkblot","xxxx",,,,
"PetName_Cat_11","Jasper","xxxx",,,,
"PetName_Cat_12","Juno","xxxx",,,,
"PetName_Cat_13","Luna","xxxx",,,,
"PetName_Cat_14","Lyric","xxxx",,,,
"PetName_Cat_15","Marbles","xxxx",,,,
"PetName_Cat_16","Marmalade","xxxx",,,,
"PetName_Cat_17","Merlin","xxxx",,,,
"PetName_Cat_18","Misty","xxxx",,,,
"PetName_Cat_19","Mocha","xxxx",,,,
"PetName_Cat_20","Nimbus","xxxx",,,,
"PetName_Cat_21","Onyx","xxxx",,,,
"PetName_Cat_22","Pandora","xxxx",,,,
"PetName_Cat_23","Peaches","xxxx",,,,
"PetName_Cat_24","Phoebe","xxxx",,,,
"PetName_Cat_25","Pickles","xxxx",,,,
"PetName_Cat_26","Pippa","xxxx",,,,
"PetName_Cat_27","Poppy","xxxx",,,,
"PetName_Cat_28","Sable","xxxx",,,,
"PetName_Cat_29","Saffron","xxxx",,,,
"PetName_Cat_30","Sushi","xxxx",,,,
"PetName_Cat_31","Taffy","xxxx",,,,
"PetName_Cat_32","Thistle","xxxx",,,,
"PetName_Cat_33","Tinkerbell","xxxx",,,,
"PetName_Cat_34","Truffle","xxxx",,,,
"PetName_Cat_35","Velvet","xxxx",,,,
"PetName_Cat_36","Waffles","xxxx",,,,
"PetName_Cat_37","Yara","xxxx",,,,
"PetName_Cat_38","Zephyr","xxxx",,,,
"PetName_Cat_39","Ziggy","xxxx",,,,
"PetName_Cat_40","Zinnia","xxxx",,,,
,,,,,,
,,"TOTAL","6487",,,
