"key","en","fr","ge","sp","ch","jp"
,,,,,,
"character_name_101","Uriel","xxxx","1",,,
"character_name_102","Aloys","xxxx","1",,,
"character_name_103","Hasel","xxxx","1",,,
"character_name_104","Aime","xxxx","1",,,
"character_name_105","Bianca","xxxx","1",,,
"character_name_106","Pomarine","xxxx","1",,,
"character_name_107","April","xxxx","1",,,
"character_name_108","Nacim","xxxx","1",,,
"character_name_109","Anna-May","xxxx","1",,,
"character_name_110","Mae-Lou","xxxx","1",,,
"character_name_111","Prisca","xxxx","1",,,
"character_name_112","Bowie","xxxx","1",,,
"character_name_113","Angi","xxxx","1",,,
"character_name_114","Fleur","xxxx","1",,,
"character_name_115","Milo","xxxx","1",,,
"character_name_116","Valentina","xxxx","1",,,
"character_name_117","Bea","xxxx","1",,,
"character_name_118","Aylin","xxxx","1",,,
"character_name_119","Nadjet","xxxx","1",,,
"character_name_120","Sahim","xxxx","1",,,
"character_name_121","Ian","xxxx","1",,,
"character_name_122","Thelio","xxxx","1",,,
"character_name_123","Lucius","xxxx","1",,,
"character_name_124","Nabiha","xxxx","1",,,
"character_name_125","B@dkArma42","xxxx","1",,,
"character_name_126","Damien","xxxx","1",,,
"character_name_127","Hugo","xxxx","1",,,
"character_name_128","Koa","xxxx","1",,,
"character_name_129","Camille","xxxx","1",,,
"character_name_130","Chef Casteau","xxxx","2",,,
"character_name_131","Otto","xxxx","1",,,
,,,"",,,
"character_name_201","T.E.C.","xxxx","1",,,
"character_name_202","Elton","xxxx","1",,,
"character_name_203","Robert","xxxx","1",,,
"character_name_204","Yvonne","xxxx","1",,,
"character_name_205","Cora","xxxx","1",,,
"character_name_206","Leon","xxxx","1",,,
"character_name_207","Mary Anne","xxxx","2",,,
"character_name_208","Casper","xxxx","1",,,
"character_name_209","Gavin","xxxx","1",,,
"character_name_210","Mei","xxxx","1",,,
"character_name_211","Farhan","xxxx","1",,,
"character_name_212","Duncan","xxxx","1",,,
"character_name_213","Dimitri","xxxx","1",,,
"character_name_214","Alisa","xxxx","1",,,
"character_name_215","Benjamin","xxxx","1",,,
"character_name_216","Ema","xxxx","1",,,
"character_name_217","Sahil","xxxx","1",,,
"character_name_218","Duri","xxxx","1",,,
"character_name_219","Henri","xxxx","1",,,
"character_name_220","Asher","xxxx","1",,,
"character_name_221","Eliza ","xxxx","1",,,
"character_name_222","Alice ","xxxx","1",,,
"character_name_223","Henrietta","xxxx","1",,,
"character_name_224","Antonio","xxxx","1",,,
"character_name_225","Poppy","xxxx","1",,,
"character_name_226","Penny","xxxx","1",,,
,,,"",,,
"character_name_301","Bonnie","xxxx","1",,,
"character_name_302","Lisa","xxxx","1",,,
"character_name_303","Sophia","xxxx","1",,,
"character_name_304","Alain","xxxx","1",,,
"character_name_305","Simon","xxxx","1",,,
"character_name_306","Louis","xxxx","1",,,
"character_name_307","Aminata","xxxx","1",,,
"character_name_308","Adelaide","xxxx","1",,,
,,,"",,,
,,,"",,,
"PRONOUNS",,,"",,,
,,,"",,,
"gender_1","Male","xxxx","1",,,
"gender_2","Female","xxxx","1",,,
,,,"",,,
"pronoun_he","he","xxxx","1",,,
"pronoun_his","his","xxxx","1",,,
"pronoun_she","she","xxxx","1",,,
"pronoun_her","her","xxxx","1",,,
,,,"",,,
"pronoun_him","him","xxxx","1",,,
"pronoun_himself","himself","xxxx","1",,,
"pronoun_herself","herself","xxxx","1",,,
,,,"",,,
"title_sir","sir","xxxx","1",,,
"title_miss","miss","xxxx","1",,,
,,,,,,
,,,,,,
"SHOPS",,,,,,
,,,,,,
"shop_name_101","Chop","xxxx","1",,,
"shop_name_102","Fishing Supplies","xxxx","2",,,
"shop_name_103","Bubble Shack","xxxx","2",,,
"shop_name_105","Bits & Pieces","xxxx","3",,,
"shop_name_106","Huntorium","xxxx","1",,,
"shop_name_107","April's Treasures","xxxx","2",,,
"shop_name_109","May's Artisan Creations","xxxx","3",,,
"shop_name_110","Greenstalk","xxxx","1",,,
"shop_name_112","Fish King","xxxx","2",,,
"shop_name_115","Milo's Apparel","xxxx","2",,,
"shop_name_116","White Ash Infirmary","xxxx","3",,,
"shop_name_117","Bea's Bar","xxxx","2",,,
"shop_name_119","Bathhouse Boutique","xxxx","2",,,
"shop_name_120","Meat Silo","xxxx","2",,,
"shop_name_122","Milk & Wheat","xxxx","3",,,
"shop_name_124","Nabiha's Berries","xxxx","2",,,
"shop_name_127","Volcanic Minerals","xxxx","2",,,
,,,"",,,
"shop_name_150","Vegi Garden","xxxx","2",,,
"shop_name_151","Shellfish","xxxx","1",,,
,,,"",,,
"shop_name_199","Omozone Inc.","xxxx","2",,,
,,,"",,,
"shop_name_201","Takoyaki","xxxx","1",,,
"shop_name_202","Eight Eleven","xxxx","2",,,
"shop_name_213","Train Tickets","xxxx","2",,,
"shop_name_214","Train Tickets","xxxx","2",,,
"shop_name_215","Parcel Co.","xxxx","2",,,
"shop_name_216","Saloon 9","xxxx","2",,,
"shop_name_219","La Galerie","xxxx","2",,,
"shop_name_223","Bark & Meow","xxxx","3",,,
"shop_name_225","PomPom Parlour","xxxx","2",,,
,,,"",,,
"shop_name_301","Soda Stop","xxxx","2",,,
"shop_name_302","H2Oasis","xxxx","1",,,
"shop_name_303","Drink Bot","xxxx","2",,,
"shop_name_304","Nutri Quick","xxxx","2",,,
"shop_name_305","Milk Haven","xxxx","2",,,
"shop_name_306","Loco Colo","xxxx","2",,,
"shop_name_307","Wola Cola","xxxx","2",,,
"shop_name_308","Munchy Shack","xxxx","2",,,
"shop_name_309","Supa Energy","xxxx","2",,,
"shop_name_310","Snack-A-Lot","xxxx","1",,,
"shop_name_311","H2Oasis","xxxx","1",,,
"shop_name_312","Ocean Breeze","xxxx","2",,,
"shop_name_313","Caffeinista","xxxx","1",,,
"shop_name_314","Pink Melon","xxxx","2",,,
,,,"",,,
"VendingShop_Intro","Hello. What would you like to purchase?","xxxx","7",,,
"VendingShop_shop_buy_1","Excellent choice.","xxxx","2",,,
"VendingShop_shop_buy_2","We thank you for your purchase.","xxxx","6",,,
"VendingShop_shop_buy_3","Thank you. Come again.","xxxx","4",,,
"VendingShop_shop_sell_rejected_1","Sorry. We cannot take your items.","xxxx","6",,,
"VendingShop_shop_sell_rejected_2","We do not buy back items here.","xxxx","7",,,
"VendingShop_shop_sell_rejected_3","Sorry customer. We cannot purchase your items.","xxxx","7",,,
"VendingShop_shop_too_poor_1","Please insert more Credits.","xxxx","4",,,
"VendingShop_shop_too_poor_2","Sorry, you do not have enough Credits for this item.","xxxx","10",,,
"VendingShop_shop_too_poor_3","Not enough Credits . . . Not enough Credits . . .","xxxx","12",,,
"VendingShop_cannot_buy_1","You do not have enough Credits to buy this machine.","xxxx","10",,,
"VendingShop_cannot_buy_2","You want to own me? Bring more CREDITS!!!","xxxx","8",,,
"VendingShop_cannot_buy_3","Keep on dreaming, big honey. Maybe one day!","xxxx","8",,,
"VendingShop_buy_machine_1","Congratulations on your purchase, (playername).","xxxx","5",,,
"VendingShop_buy_machine_2","Thank you for buying (machine). That's me!","xxxx","7",,,
"VendingShop_buy_machine_3","(playername), you are now my new master.","xxxx","7",,,
"VendingShop_owned_intro_1","Hello, (playername). You have earned (credits) Credits.","xxxx","7",,,
"VendingShop_owned_intro_2","Welcome. (credits) Credits are ready to be collected.","xxxx","8",,,
"VendingShop_owned_intro_3","Good day. You have earned (credits) Credits.","xxxx","7",,,
"VendingShop_owned_noCredits_1","Nothing has been sold yet, (playername) . . .","xxxx","9",,,
"VendingShop_owned_noCredits_2","There are no Credits to collect at this time.","xxxx","9",,,
"VendingShop_owned_noCredits_3","Please come back later. The items need time to sell.","xxxx","10",,,
"VendingShop_owned_noSkill_1","Sorry, you do not have a vending machine license.","xxxx","9",,,
"VendingShop_owned_noSkill_2","You do not have the authority to do that.","xxxx","9",,,
"VendingShop_owned_noSkill_3","You need a vending machine license to do that.","xxxx","9",,,
"VendingShop_owned_collection_1","All yours, (playername).","xxxx","3",,,
"VendingShop_owned_collection_2","So many Credits! What are you gonna buy with all that?","xxxx","11",,,
"VendingShop_owned_collection_3","Ah, that felt great! Remember to put more food in me.","xxxx","11",,,
"VendingShop_owned_collection_4","We will make a lot of Credits together . . . Hehehe.","xxxx","12",,,
"VendingShop_owned_collection_5","Remember, I take edible items only!","xxxx","6",,,
"VendingShop_owned_collection_6","Hey . . . hey! Give that back!","xxxx","8",,,
"VendingShop_owned_collection_7","Please. I don't want to do this anymore. Free me . . .","xxxx","13",,,
"VendingShop_owned_collection_8","What is it like, (playername)? Being alive, that is.","xxxx","9",,,
"VendingShop_owned_collection_9","Take the Credits, but no funny business . . .","xxxx","10",,,
"VendingShop_owned_collection_10","Remember to bring more food. More is better!","xxxx","8",,,
,,,"",,,
"shop_inventory_full","Your bag is already full.","xxxx","5",,,
,,,,,,
,,,,,,
"UI_TEXT",,,,,,
,,,,,,
"SOCIAL_TAB",,,,,,
,,,,,,
"friendship_level_1","Stranger","xxxx","1",,,
"friendship_level_2","Acquaintance","xxxx","1",,,
"friendship_level_3","Friend","xxxx","1",,,
"friendship_level_4","Close Friends","xxxx","2",,,
"friendship_level_4_Dating","Dating","xxxx","1",,,
"friendship_level_5","Close Friends","xxxx","2",,,
"friendship_level_6","In Relationship","xxxx","2",,,
"friendship_level_7","Married","xxxx","1",,,
,,,"",,,
"SOCIAL_TAB",,,"",,,
,,,"",,,
"gift_101","Healthy Beverages","xxxx","2",,,
"gift_102","Hats","xxxx","1",,,
"gift_103","Fruits","xxxx","1",,,
"gift_104","Energy Drinks","xxxx","2",,,
"gift_105","Alcohol","xxxx","1",,,
"gift_106","Burn Resistance","xxxx","2",,,
"gift_107","Gems","xxxx","1",,,
"gift_108","Seashells","xxxx","1",,,
"gift_109","Material Items","xxxx","2",,,
"gift_110","Coffee","xxxx","1",,,
"gift_111","Seeds","xxxx","1",,,
"gift_112","Tea","xxxx","1",,,
"gift_113","Snacks","xxxx","1",,,
"gift_114","Coffee","xxxx","1",,,
"gift_115","Clothing","xxxx","1",,,
"gift_116","Weapons","xxxx","1",,,
"gift_117","Cocktail Ingredients","xxxx","2",,,
"gift_118","Android Augmentations","xxxx","2",,,
"gift_119","Milk Tea","xxxx","2",,,
"gift_120","Pants","xxxx","1",,,
"gift_121","Hats","xxxx","1",,,
"gift_122","Milk","xxxx","1",,,
"gift_123","Alcohol","xxxx","1",,,
"gift_124","Flowers","xxxx","1",,,
"gift_125","Seeds","xxxx","1",,,
"gift_126","Rare Minerals","xxxx","2",,,
"gift_127","Drills","xxxx","1",,,
"gift_128","Recipes","xxxx","1",,,
"gift_129","Recipes","xxxx","1",,,
"gift_130","Recipes","xxxx","1",,,
"gift_131","Recipes","xxxx","1",,,
,,,,,,
,,,,,,
"101_URIEL",,,,,,
,,,,,,
"Uriel_interaction1_1","Nice to see you again, (playername). Still getting adjusted to life in White Ash Harbor?_Things move at a slower pace here than in Billboard City, but you'll get used to it.","xxxx","31",,,
"Uriel_interaction1_2","I wish you had seen this town in its prime. What a sight it was . . . and it didn't reek of fish! Blegh!","xxxx","25",,,
"Uriel_interaction1_3","Have you ever tried dry aged meat? The flavor is out of this world.","xxxx","14",,,
"Uriel_interaction1_4","Pomarine gave me that hunting bow as a birthday present._I know she meant well, but if it had been a health drink I would've actually enjoyed it. Haha!","xxxx","28",,,
"Uriel_interaction1_5","Most people prefer the sun, but I like myself a cool rainy day. It really calms me.","xxxx","17",,,
"Uriel_interaction1_6","I really should get my steps in like you do, (playername). Maybe one day!","xxxx","14",,,
,,,"",,,
"Uriel_interaction2_1_intro","Can I tell you something? I've been living my dreams for the last fifteen years and this butcher shop is it. Not many people can say that._Passion and dreams are what's needed in life. What are your dreams for Le Sequoia?","xxxx","41",,,
"Uriel_interaction2_1_option_1","I have a lot of plans in my head. We'll see what works!","xxxx","13",,,
"Uriel_interaction2_1_option_2","I don't know just yet, this is all new to me.","xxxx","11",,,
"Uriel_interaction2_1_response_1","As does any owner of an establishment, but planning without action won't keep the lights on._You have to work for it. I mean, reeeallly work for it!","xxxx","27",,,
"Uriel_interaction2_1_response_2","Understandable, but if Chef Casteau gave it to you, he must have seen something in you.","xxxx","16",,,
"Uriel_interaction2_2","I promise my meat is sourced ethically. At some point it had a name, breathed air, and saw sky._You should always eat something that had a name. It's how you know people cared for it.","xxxx","35",,,
"Uriel_interaction2_3","I don't like to get political, (playername), but our mayor, Gavin, is just the pits._He's all show and no go in terms of getting anything done around here._He barely won last election, but I think he'll be out on his keister next time.","xxxx","43",,,
"Uriel_interaction2_4","I always admire Hasel's ability to try new things with her drinks. She has such an adventurous spirit.","xxxx","18",,,
"Uriel_interaction2_5","I'm going to reveal a little secret about myself: I don't do veggies._I know, I know, they're good for you, but I can barely stomach them even when they're cooked down and paired with a nice steak. Served raw? Forget it!","xxxx","41",,,
"Uriel_interaction2_6","When I was a boy, I used to go exploring in the woods when I wasn't on my grandfather's fishing boat._Used to hear all sorts of odd things out there. Whispers in the trees and such. Pretty creepy.","xxxx","38",,,
,,,"",,,
"Uriel_interaction3_1_intro","You ever notice it's the small things in life that can really make your day? Like, getting the knife in the joint and popping it is just so satisifying._Do you get that feeling from butchering meat?","xxxx","36",,,
"Uriel_interaction3_1_option_1",". . . what?","xxxx","4",,,
"Uriel_interaction3_1_option_2",". . . yes, I get that feeling.","xxxx","8",,,
"Uriel_interaction3_1_response_1","Well, it's simply a joy to feel, at least to me.","xxxx","11",,,
"Uriel_interaction3_1_response_2","Right?! It's such a satisfying sound. Hearing it reminds me that my time spent learning this trade has paid off.","xxxx","20",,,
"Uriel_interaction3_2","Have you talked to Bowie yet? He's my grandfather! He has some amazing stories to tell. I learned about a curing technique that they use overseas from him._Only have six more months of waiting to see if it worked.","xxxx","39",,,
"Uriel_interaction3_3","I had a terrible experience this morning, (playername). I went to butcher a delivery and found my knife was . . . dull!_The shame of it all! I would never use a dull blade on a piece of meat. It's too cruel!","xxxx","42",,,
"Uriel_interaction3_4","You know what one of the hardest things to make is, (playername)? Good barbecue._I love how meat can be transformed when it's cooked barbecue style. There's nothing better in the world than that and that's a fact!","xxxx","37",,,
"Uriel_interaction3_5","Hahaha! (playername)! (playername), I got a joke for you! What do you when you're addicted to seaweed?_Seek Kelp! Get it? Hahahaha! I'm going to tell that one to Mae-Lou later!","xxxx","30",,,
"Uriel_interaction3_6","Even though we don't see eye to eye on . . . well, many topics, I always admire Nabiha's stall._It reflects her values and her personality so much. I don't do vegan at all, but I respect someone who stands behind their beliefs.","xxxx","43",,,
,,,"",,,
"Uriel_interaction4_1_intro","My job is important and I love it, but there are days when I feel no joy while I do it._Somedays, I feel like my wheels are spinning for no reason._You ever feel that way, (playername)?","xxxx","36",,,
"Uriel_interaction4_1_option_1","I know what you mean, Uriel. I have those days, too.","xxxx","11",,,
"Uriel_interaction4_1_option_2","I always feel a sense of joy when I'm cooking.","xxxx","10",,,
"Uriel_interaction4_1_response_1","I'm glad to hear that I'm not the only one feeling like this, but I just wish it would stop.","xxxx","20",,,
"Uriel_interaction4_1_response_2","Then I hope you always have that joy in your heart. I know I find what I'm doing to be joyful . . . but I haven't felt it in a while.","xxxx","32",,,
"Uriel_interaction4_2","It's been a while, but when the newest season of The Masquerade Ball comes back I'm going to watch it. I love seeing those dancers move!","xxxx","26",,,
"Uriel_interaction4_3","Pomarine gave birth to 12 kids, raised them, and fed them even after her husband left her and the children._How she was able to adapt to such adversity is beyond me, but it led to her being the best hunter in White Ash Harbor.","xxxx","44",,,
"Uriel_interaction4_4","Sorry for venting so much earlier. I'm okay! I . . . I just need to unwind._It's been busy. So busy . . .","xxxx","24",,,
"Uriel_interaction4_5","I feel like I will work in my shop until the day I die. Look at Grandpa Bowie!_He's still doing the fishing thing at his age, but he's telling stories of adventures and stuff and . . . where am I? Here, always here.","xxxx","44",,,
"Uriel_interaction4_6","Maybe I should take a walk on the beach sometime . . . there's always something to look at and enjoy there.","xxxx","22",,,
,,,"",,,
"Uriel_interaction5_1_intro","I look around and see how much the town has changed, and it's because of you, (playername)._You helped make this happen. I cannot thank you enough.","xxxx","26",,,
"Uriel_interaction5_1_option_1","Aw, Uriel! Thanks, man!","xxxx","4",,,
"Uriel_interaction5_1_option_2","This town saved me too.","xxxx","5",,,
"Uriel_interaction5_1_response_1","Credit where credit is due, my friend!_You did something here that most of us, myself included, never thought we would see in our lifetimes: White Ash Harbor coming back to us.","xxxx","31",,,
"Uriel_interaction5_1_response_2","You made your name here because of your efforts, and White Ash Harbor is thriving because of the chance you were given here._Life can be beautiful sometimes.","xxxx","27",,,
"Uriel_interaction5_2","(playername), don't let people take advantage of you. They'll think they can get you cheap because you're young._Always get what you think you're worth.","xxxx","24",,,
"Uriel_interaction5_3","Even though we aren't the closest of friends, I appreciate Aloys because he checks in on Bowie daily for me._He's a good guy for doing that for me.","xxxx","28",,,
"Uriel_interaction5_4","My entire family is into fish. They fish it, sell it, make recipes for it. Me? I can't stand the smell of it._Couldn't get into it, so I figured being a butcher was the next best thing, since I'd developed my knife skills on my family boat.","xxxx","47",,,
"Uriel_interaction5_5","Getting together with my dad is fun, but truth be told, there's some friction between us still._He and mom haven't been completely happy about my choice in becoming a butcher. Makes Thanksgiving awkward, you know?","xxxx","35",,,
"Uriel_interaction5_6","I'm glad that we talk, you know. Chatting with you helps me forget some of the more dreadful things in my life._ I think a lot of people wrestle with the choices they've made. I know I have, but having a friend like you makes it bearable.","xxxx","47",,,
,,,"",,,
"Uriel_interaction6_1_intro","Good morning, my filet mignon!_I am going to save some amazing cuts of beef for us.","xxxx","16",,,
"Uriel_interaction6_1_option_1","Oh, you don't have to do that for me!","xxxx","9",,,
"Uriel_interaction6_1_option_2","Mmmm, that sounds lovely.","xxxx","4",,,
"Uriel_interaction6_1_response_1","It isn't a matter of 'have to,' I want to. I want to treat us to the finest I can find because that's what we deserve.","xxxx","26",,,
"Uriel_interaction6_1_response_2","There's a New York strip I have aging right now that will be amazing in a few weeks.","xxxx","18",,,
"Uriel_interaction6_2","Since we've been together, I have started to see life as something that isn't my job._I have started to see the many layers that it can have and I want to see it all with you.","xxxx","36",,,
"Uriel_interaction6_3","I hope that we go the distance because I really think that what we have is very special.","xxxx","18",,,
"Uriel_interaction6_4","I'll probably never stop working because I enjoy what I do so much, but I will never allow my job to come between us. Never.","xxxx","25",,,
"Uriel_interaction6_5","I'm trying to not jump ahead of anything . . . But . . ._. . . But when we're old, and it's the end of the day, I'd like to just have some tea and hold your hand while the day unwinds.","xxxx","43",,,
"Uriel_interaction6_6","I know we're together, but I am going to lay this out for you: I don't expect you to give up your dreams for me._I hope I just get to be there to see you shine.","xxxx","36",,,
,,,"",,,
"101_URIEL_PROGRESSION",,,"",,,
,,,"",,,
"Uriel_progression_restaurantOpen","Congratulations on opening your restaurant, (playername)!_This is the fun part, the start of it, where you see if your dreams fly or crash into a fiery ball of sadness._It'll probably be the happier one! I'm sure of it, maybe.","xxxx","39",,,
"Uriel_progression_luciusReview","I read Lucius' review of your food. Your food is great and everyone here agrees._I don't care if he liked it or not, critics shouldn't have that much power over people's minds!","xxxx","32",,,
"Uriel_progression_bathhouseOpen","Great job getting the bathhouse up and running again._That took some guts! I always heard it was huanted, not that I believe in ghosts . . . because if I did, then I'd be in trouble in my line of work, haha! Well done!","xxxx","44",,,
"Uriel_progression_leSequoiaReputation","Well done with Le Sequoia! I've been hearing folks walking around talking about it and they are all saying how amazing it is. Keep going, you got it!","xxxx","28",,,
"Uriel_progression_teahouseReputation","I had a few customers talk about the teahouse the other day. Makes me want a hot cup of tea after a long day of cutting and preparing meat.","xxxx","29",,,
"Uriel_progression_helpfullness1","I've been watching you answer those bulletin board requests, and someone has to say it: Good on you for helping people out.","xxxx","22",,,
"Uriel_progression_helpfullness2","Your work with the bulletin requests is making folks around here a lot more pleasant. You're a good person for doing it. Keep it up!","xxxx","25",,,
,,,"",,,
"Uriel_restaurantMenu_positive_1","The menu at Le Sequoia is very intriguing, to say the least! I haven't heard of some of these dishes, (playername), but they sound yummy.","xxxx","25",,,
"Uriel_restaurantMenu_positive_2","That menu you've got at Le Sequoia is very exciting. I cannot wait to try what you're making with my meat!","xxxx","21",,,
"Uriel_restaurantMenu_negative_1","I dunno about your menu right now, it feels kinda . . . off. It needs more meat options, in my opinion.","xxxx","22",,,
"Uriel_restaurantMenu_negative_2","I don't think I'm going to eat at your restaurant right now. The menu isn't sitting well with me at the moment.","xxxx","22",,,
,,,"",,,
"Uriel_environmentConsumer_positive_1","Way to keep this town clean and running, (playername)!_The quality of meat available will go down if we lose the environment it likes to graze around and eat.","xxxx","28",,,
"Uriel_environmentConsumer_positive_2","Clean air and a healthy forest are key to keeping our little town happy and healthy. Thanks for making sure we're safe.","xxxx","22",,,
"Uriel_environmentConsumer_negative_1","I really cannot stress how much I hate the trash floating around here._If it makes its way into the livestock, I cannot promise that the quality of the meat won't go down.","xxxx","32",,,
"Uriel_environmentConsumer_negative_2","If we don't get a handle on all of this pollution soon, I will have to resort to alternate forms of protein, and trust me, you don't want that happening.","xxxx","30",,,
,,,"",,,
"Uriel_firstQuestComplete_1","(playername), thanks for the help again with that delivery. I really need to remember it's okay to ask for help, even when it's not an emergency.","xxxx","26",,,
"Uriel_firstQuestComplete_2","Looking at the ocean the other day was really relaxing, because it felt like I wasn't there for a moment, and it was peaceful.","xxxx","24",,,
"Uriel_firstQuestComplete_3",". . . Oh, right. I . . . I just don't get it some days, you know? Why do I show up here? Why should I . . . never mind. Don't fret about it.","xxxx","36",,,
,,,"",,,
"Uriel_secondQuestComplete_1","My passion for feeding people was why I got into this job. I lost sight of that over time._The work was all I saw, and I didn't see myself outside of it. Thanks for reminding me that even though my work is important, I am too.","xxxx","46",,,
"Uriel_secondQuestComplete_2","After realizing that making my life about work wasn't living, I decided to try some hobbies._I tried the usual ones like making a ship in a bottle, knitting, but they weren't doing it. I almost gave up, until I discovered . . . dance! I love it.","xxxx","47",,,
"Uriel_secondQuestComplete_3","It's funny, my mental health really wouldn't be where it is without your help. Life doesn't need drastic changes all the time._Small things we can do for ourselves are really what's needed, more often than not. Thank you.","xxxx","38",,,
,,,,,,
,,,,,,
"101_URIEL_INTERACT",,,,,,
,,,,,,
"Uriel_compliment_looks","Uh, thanks?","xxxx",,,,
"Uriel_compliment_clothing","My apron needs to be washed soon. There's blood on it.","xxxx",,,,
"Uriel_compliment_mind","I d . . . don't understand why you think that, but okay.","xxxx",,,,
"Uriel_compliment_work","These skills have taken years to hone. Thanks for the compliment.","xxxx",,,,
"Uriel_encouragement","Look, I have been doing this for a few years now, I know I got it. Thanks.","xxxx",,,,
"Uriel_offerhelp_accept","Sure, that would be very helpful.","xxxx",,,,
"Uriel_offerhelp_decline","No need, I've dealt with a lot more in the past.","xxxx",,,,
"Uriel_present_useful_1","Hey, this is pretty awesome! Thanks!","xxxx","6",,,
"Uriel_present_useful_2","Ah, how did you know? I feel better drinking this.","xxxx","10",,,
"Uriel_present_useful_3","Really appreciate it, (playername). This is really good for me. Too much meat and all, you know?","xxxx","17",,,
"Uriel_present_valuable_1","This looks really valuable! I don't really need this, but I appreciate the thought.","xxxx","14",,,
"Uriel_present_birthday_1","Hey, you remembered! You are a good friend, (playername).","xxxx","9",,,
"Uriel_present_useless_1","I think this is pretty neat, but I don't need it.","xxxx","11",,,
"Uriel_present_useless_2","Thanks, (playername), but I do not need this.","xxxx","8",,,
"Uriel_present_useless_3","What's this? Do you want me to keep this?","xxxx","9",,,
"Uriel_gift_already_given","Thanks, but you've already given me something today.","xxxx","8",,,
"Uriel_hug","Heyyy, there we go. Now go wash your shirt, it's got blood on it.","xxxx",,,,
"Uriel_hangout_decline","Sorry, I'm covered in blood, a lot of blood.","xxxx",,,,
,,,,,,
,,,,,,
"101_URIEL_CHOP",,,,,,
,,,,,,
"Uriel_shop_default_1","Hello! Welcome to Chop! What can I get for you?","xxxx","10",,,
"Uriel_shop_default_2","What can I get for you?","xxxx","6",,,
"Uriel_shop_default_3","Welcome! What would you like to order today?","xxxx","8",,,
"Uriel_shop_default_4","Chop, where the knives don't stop when they hit bone. What can I get you today?","xxxx","16",,,
"Uriel_shop_default_5","Come on in! We've got some amazing specials today.","xxxx","9",,,
"Uriel_shop_buy_1","Yum! That one is my favorite.","xxxx","6",,,
"Uriel_shop_buy_2","Good buy, that cut is prime!","xxxx","6",,,
"Uriel_shop_buy_3","Ah, great choice!","xxxx","3",,,
"Uriel_shop_sell_1","I haven't seen its like, I'll take it.","xxxx","8",,,
"Uriel_shop_sell_2","Look at this!","xxxx","3",,,
"Uriel_shop_sell_3","Great! I can use this.","xxxx","5",,,
"Uriel_shop_sell_rejected_1","I can't use this, but thanks anyway.","xxxx","7",,,
"Uriel_shop_sell_rejected_2","Sorry, don't need this.","xxxx","4",,,
"Uriel_shop_sell_rejected_3","I don't need this, but someone else might.","xxxx","8",,,
"Uriel_shop_too_poor_1","Are you sure you don't have any credits in your pockets?","xxxx","11",,,
"Uriel_shop_too_poor_2","Hmmmm, doesn't look like you can afford this.","xxxx","8",,,
"Uriel_shop_too_poor_3","You'll need some more credits, sorry!","xxxx","6",,,
,,,,,,
"102_ALOYS",,,,,,
,,,,,,
"Aloys_interaction1_1",". . . ","xxxx","3",,,
"Aloys_interaction1_2","Sup. Hope those shrimp worked out for you.","xxxx","8",,,
"Aloys_interaction1_3","I've been around a lot of shrimp, and I gotta say, they are feisty little guys.","xxxx","16",,,
"Aloys_interaction1_4","Be ready to snap that fishing line tight when the bobber goes down. The fish here are fast.","xxxx","18",,,
"Aloys_interaction1_5","If you find any shells on the beach, be sure to see if Bowie wants to buy them. He's always buying that kind of stuff.","xxxx","25",,,
"Aloys_interaction1_6","I'm gonna grab a boba from Hasel. She's always got something new going on.","xxxx","14",,,
,,,"",,,
"Aloys_interaction2_1_intro","(playername), how's the restaurant going?","xxxx","5",,,
"Aloys_interaction2_1_option_1","Okay. But it could be better.","xxxx","6",,,
"Aloys_interaction2_1_option_2","Not well. It's been stressful.","xxxx","5",,,
"Aloys_interaction2_1_response_1","If the stresses of owning Le Sequoia ever become too much to handle, let me know, and we'll do some fishing.","xxxx","21",,,
"Aloys_interaction2_1_response_2","Running your own ship takes a lot out of you, but I hear it's worth it. Let's do some fishing sometime to take the stress off.","xxxx","26",,,
"Aloys_interaction2_2","Shrimp scampi, shrimp cocktail, shrimp gumbo, shrimp by itself. There are many ways to eat shrimp.","xxxx","16",,,
"Aloys_interaction2_3","Shrimp is delicious, but don't eat it every day. Shrimp is a 'sometimes' food.","xxxx","14",,,
"Aloys_interaction2_4","Just between you and me and the sea, this job is just a job for me. What I really want is to get into robotics.","xxxx","25",,,
"Aloys_interaction2_5","One of the things that brings me joy is getting a new hat. I love having choices when it comes to headwear.","xxxx","22",,,
"Aloys_interaction2_6","Man, I hope that old bathhouse opens again one day. A long time in a hot bath sounds good after a day on the boat.","xxxx","25",,,
,,,"",,,
"Aloys_interaction3_1_intro","(playername), I gotta know._How do you find the time to do life between your job and everything else?","xxxx","18",,,
"Aloys_interaction3_1_option_1","If I'm honest, I don't know. I just do.","xxxx","9",,,
"Aloys_interaction3_1_option_2","Work is my life.","xxxx","4",,,
"Aloys_interaction3_1_response_1","I've come to understand that the choices we make matter just as much as the ones we don't. Either way, they affect your life.","xxxx","24",,,
"Aloys_interaction3_1_response_2","I agree. I think work-life balance is a myth because life is work._Some of that work pays you and some of it makes you into who you are today. Yep, that feels right.","xxxx","33",,,
"Aloys_interaction3_2","I usually wind up at Bianca's with Hasel. We're constantly trying to keep Hasel running._She's not just a project, but a friend too. She's just the nicest.","xxxx","27",,,
"Aloys_interaction3_3","Bianca can come off a bit . . . harsh sometimes. Just know it isn't you, per se, but rather she's so smart she doesn't remember how to talk to other humans.","xxxx","32",,,
"Aloys_interaction3_4","White Ash has been my home since forever. I dig its vibe._Some people want to run away from their hometown, but I like where I live.","xxxx","26",,,
"Aloys_interaction3_5","When Bianca and I get together, we work on a puzzle while talking about engineering solutions for problems around town.","xxxx","20",,,
"Aloys_interaction3_6","If you ever wanna hear a story, go talk to Bowie. But be careful, because man, he doesn't know when to stop talking._It might seem rude, but just walking away is sometimes the only option. Just an FYI.","xxxx","38",,,
,,,"",,,
"Aloys_interaction4_1_intro","Finding a good friend is hard in today's world, but (playername), you've been a solid one to me.","xxxx","18",,,
"Aloys_interaction4_1_option_1","Aw, thanks man!","xxxx","3",,,
"Aloys_interaction4_1_option_2","Having a friend like you makes it easy to be one.","xxxx","11",,,
"Aloys_interaction4_1_response_1","You gotta keep quality people in your life and let them know you see the good they do. Keep on being you.","xxxx","22",,,
"Aloys_interaction4_1_response_2","We're like opposite magnetic poles, (playername)! We work seamlessly, easily, and keep each other together.","xxxx","15",,,
"Aloys_interaction4_2","Tinkering away at home with my gear brings me joy. I hope I get to make things here in White Ash Harbor and never leave.","xxxx","25",,,
"Aloys_interaction4_3","Once people know my ambitions, they ask why I haven't gone to university? My one-word answer is: cost.","xxxx","18",,,
"Aloys_interaction4_4","I just don't want to be a fisherman my whole life._Running my own boat will make me more money, but it isn't what I want to do forever.","xxxx","28",,,
"Aloys_interaction4_5","I want to make something that makes life better. Not just for me, but for everyone._It's dreaming, but I'm not going to sleep through this life, that's for sure.","xxxx","29",,,
"Aloys_interaction4_6","Finding the time to get through some of the thoughts in my head is hard. It's why I carry a small notebook._Jot it down, put it away. There, I got it out, and I feel good about it.","xxxx","38",,,
,,,"",,,
"Aloys_interaction5_1_intro","(playername), I wanted to tell you something, but I don't know how to say it.","xxxx","15",,,
"Aloys_interaction5_1_option_1","We're friends, you can say it.","xxxx","6",,,
"Aloys_interaction5_1_option_2","This sounds serious. Everything okay?","xxxx","5",,,
"Aloys_interaction5_1_response_1","Okay, well . . . Your drip is basic. Whew! It feels good to get that off my chest.","xxxx","19",,,
"Aloys_interaction5_1_response_2","How people dress, including myself, is important to me. Please know that when I say, 'Your drip is basic,' that it's coming from a place of love.","xxxx","27",,,
"Aloys_interaction5_2","I'd recommend checking out what Milo has in stock in his shop. He has some wild one-of-a-kind items available in there.","xxxx","21",,,
"Aloys_interaction5_3","Lots of tourists just ask me questions like, 'where do you fish in your off time?'_It doesn't occur to these people that humans are allowed to be 3 dimensional, ya know? It would break their brains to know I read fashion magazines.","xxxx","42",,,
"Aloys_interaction5_4","It's a shame that we live in a time with so many threads to choose from but most folks don't care._Do yourself a favor, (playername), don't do a hoodie and sweats all the time, okay? You're better than that.","xxxx","39",,,
"Aloys_interaction5_5",###############################################################################################################################################################################################################################################################,"xxxx","52",,,
"Aloys_interaction5_6","We've known each other for a while now, so if you don't want to be alone, you can always call me._No one should ever feel like they're alone. No one.","xxxx","30",,,
,,,"",,,
"Aloys_interaction6_1_intro","Whenever I see you, I feel like the future is a bit brighter.","xxxx","13",,,
"Aloys_interaction6_1_option_1","That's sweet of you to say.","xxxx","6",,,
"Aloys_interaction6_1_option_2","I see a sunrise that will never set.","xxxx","8",,,
"Aloys_interaction6_1_response_1","It's the truth.","xxxx","3",,,
"Aloys_interaction6_1_response_2","Hey, I was trying to romance you more! Haha! I love it.","xxxx","12",,,
"Aloys_interaction6_2","You know how you have someone special? Whether you're talking or being quiet, you're doing it together, and it's never a bother.","xxxx","22",,,
"Aloys_interaction6_3","If anything, we should really get some matching threads sometime. Yeah, I'm that kind of nerd when I love someone.","xxxx","20",,,
"Aloys_interaction6_4","It's been a day, but you know what helps make it better? Knowing that I'll be able to hold your hand.","xxxx","21",,,
"Aloys_interaction6_5","I just feel so alive right now, you know? The fact that you chose to be with me just makes me feel like I can do anything.","xxxx","27",,,
"Aloys_interaction6_6","I love you more than I have ever loved anyone. Sorry for spilling that out with no lead up, but it's what sits in my heart day in and out.","xxxx","30",,,
,,,,,,
"102_ALOYS_Random Interact",,,,,,
,,,,,,
"Aloys_random_interaction_1","Hello. New to town?","xxxx","4",,,
"Aloys_random_interaction_2","What can I do you for?","xxxx","6",,,
"Aloys_random_interaction_3","Looking to become a fisherman?","xxxx","5",,,
"Aloys_random_interaction_4","Sup.","xxxx","1",,,
"Aloys_random_interaction_5","Got any hats? I like hats.","xxxx","6",,,
,,,,,,
"102_ALOYS_PROGRESSION",,,,,,
,,,,,,
"Aloys_progression_restaurantOpen","Grats, (playername). Must feel good getting that done. Le Sequoia's grand opening, that is.","xxxx","14",,,
"Aloys_progression_luciusReview","I heard some dude named Lucius did a write up on your place._I didn't read it, too busy, but I'm sure the guy sucks. Don't worry about whatever he said.","xxxx","30",,,
"Aloys_progression_bathhouseOpen","Hey, I didn't know you were helping with the bathhouse._That's pretty damn cool. I'd love to check out those steam machines. Old timey tech is so tactile!","xxxx","27",,,
"Aloys_progression_leSequoiaReputation","Been hearing a lot about Le Sequoia here on the docks._Tourists seem to be showing up more and more too. Guess that's your doing, huh? 'Grats, man.","xxxx","27",,,
"Aloys_progression_teahouseReputation","I'm gonna go to the tea house after work sometime. I heard you did an amazing job with it. Not gonna lie, enjoying afternoon tea sounds super relaxing.","xxxx","28",,,
"Aloys_progression_helpfullness1","Yo, I've been seeing you running around here. Getting these small asks done for folks. You're a solid person for doing all that.","xxxx","23",,,
"Aloys_progression_helpfullness2","Hey, keep it up with all that do-gooding you've been doing.","xxxx","11",,,
,,,"",,,
"Aloys_restaurantMenu_positive_1","I heard your menu is pretty epic with a great seafood selection. I'll have to check it out.","xxxx","18",,,
"Aloys_restaurantMenu_positive_2","Man, that menu is wild. I am so glad you are committing to seafood.","xxxx","14",,,
"Aloys_restaurantMenu_negative_1","I heard about your menu . . . I think I'm good.","xxxx","12",,,
"Aloys_restaurantMenu_negative_2","I'm going to pass on the menu right now, it isn't really my bag.","xxxx","14",,,
,,,"",,,
"Aloys_environmentConsumer_positive_1","Keeping the waters clean keeps my paycheck safe. Thanks for making that happen.","xxxx","13",,,
"Aloys_environmentConsumer_positive_2","You are always making sure what you're doing isn't messing with the rest of us. I appreciate it.","xxxx","18",,,
"Aloys_environmentConsumer_negative_1","Hey, others see how you do things, so try to not trash our waters, 'kay?","xxxx","15",,,
"Aloys_environmentConsumer_negative_2","Your actions speak for you, (playername). Trash sucks, and right now, so do you.","xxxx","14",,,
,,,"",,,
"Aloys_firstQuestComplete_1","Now that I have my BMD, I can harvest all the raw materials I need for making . . . anything! Thanks again for the fish, (playername).","xxxx","27",,,
"Aloys_firstQuestComplete_2","My quota isn't going up, which is good. Gotta keep that work-life balance. Be good enough at the job, but not so good that I keep getting more work. You dig?","xxxx","31",,,
"Aloys_firstQuestComplete_3","I took the BMD out for a trial run, it's sooo good! LET'S GOOOOOO!","xxxx","14",,,
,,,"",,,
"Aloys_secondQuestComplete_1","Going to college was something I thought would never happen. It's crazy that this is even happening! Thanks.","xxxx","18",,,
"Aloys_secondQuestComplete_2","I dunno what to bring to college, clothing-wise. I'm so used to wearing these grubby clothes all the time. I'll have to thrift a few more things before going. Ya know, update my look.","xxxx","34",,,
"Aloys_secondQuestComplete_3","This is it, I'm heading out for college. (playername), I've said it a lot, but thanks for helping me out with this.","xxxx","22",,,
,,,,,,
,,,,,,
"102_ALOYS_INTERACT",,,,,,
,,,,,,
"Aloys_compliment_looks","Even after being on my feet for 13 hours, I still get compliments. Thanks.","xxxx",,,,
"Aloys_compliment_clothing","These threads aren't even my best. Come out on a Saturday night and you'll see my best.","xxxx",,,,
"Aloys_compliment_mind","I am a student. Always will be.","xxxx",,,,
"Aloys_compliment_work","Mhmmm.","xxxx",,,,
"Aloys_encouragement","Umm, cool.","xxxx",,,,
"Aloys_offerhelp_accept","Sure.","xxxx",,,,
"Aloys_offerhelp_decline","Nope.","xxxx",,,,
"Aloys_present_useful_1","Aces, man.","xxxx","2",,,
"Aloys_present_useful_2","This hat, man. It's great. I might even wear this.","xxxx","10",,,
"Aloys_present_useful_3","Top notch! Thanks, (playername).","xxxx","4",,,
"Aloys_present_valuable_1","This looks like it cost a pretty penny. Not really my vibe, but I'll still keep it.","xxxx","17",,,
"Aloys_present_birthday_1","Hey! This is a sick gift. You made my day better, and it's already a great day!","xxxx","17",,,
"Aloys_present_useless_1","Yeah, nah. I'm good.","xxxx","4",,,
"Aloys_present_useless_2","Nah, but thanks, man.","xxxx","4",,,
"Aloys_present_useless_3","You got anything else? No? Ok, I'll just hold onto it.","xxxx","11",,,
"Aloys_gift_already_given","Thanks, but you've already given me something today.","xxxx","8",,,
"Aloys_hug","You can let go now.","xxxx",,,,
"Aloys_hangout_decline","Sorry, I'm a bit busy today.","xxxx",,,,
,,,,,,
,,,,,,
"102_ALOYS_ALOYS FISHING SUPPLIES",,,,,,
,,,,,,
"Aloys_shop_default_1","Yo, whatcha need?","xxxx","3",,,
"Aloys_shop_default_2","We have some great fishing rods.","xxxx","6",,,
"Aloys_shop_default_3","Be careful out there. The ocean is wild and unpredictable.","xxxx","10",,,
"Aloys_shop_default_4","Ah. Are you a fellow angler too?","xxxx","7",,,
"Aloys_shop_default_5","You won't be disappointed.","xxxx","4",,,
"Aloys_shop_buy_1","This one is great.","xxxx","4",,,
"Aloys_shop_buy_2","I use that one every day.","xxxx","6",,,
"Aloys_shop_buy_3","Solid pick.","xxxx","2",,,
"Aloys_shop_sell_1","I can take it from here.","xxxx","6",,,
"Aloys_shop_sell_2","Not bad. Not bad.","xxxx","4",,,
"Aloys_shop_sell_3","Sure, I can use this.","xxxx","5",,,
"Aloys_shop_sell_rejected_1","I'm good, thanks though.","xxxx","4",,,
"Aloys_shop_sell_rejected_2","No thanks, man.","xxxx","3",,,
"Aloys_shop_sell_rejected_3","I don't need this, but someone else might.","xxxx","8",,,
"Aloys_shop_too_poor_1","You need more credits. This isn't a charity.","xxxx","8",,,
"Aloys_shop_too_poor_2","It doesn't look like you can afford this.","xxxx","8",,,
"Aloys_shop_too_poor_3","You'll need some more credits, friend.","xxxx","6",,,
,,,,,,
"103_HASEL",,,,,,
,,,,,,
"Hasel_interaction1_1","Salutations, (playername)!_I hope you're adjusting to your new surroundings, because if you don't, then that will make living here hard. Okay, bye!","xxxx","22",,,
"Hasel_interaction1_2","In White Mash Barber, I mean White Ash Harbor, there are plenty of places to go and see. Like that volcano just over there. It's something to see!","xxxx","28",,,
"Hasel_interaction1_3","My facial expression and my attitude match, as I am very excited to be here, but my mind still wanders around a good amount.","xxxx","24",,,
"Hasel_interaction1_4","When I'm making boba tea, I will always add something new to the mix._Experimenting with fruity ingredients like dragon fruit, pears, and grapes is what I love!","xxxx","27",,,
"Hasel_interaction1_5","Hi! Have you ever noticed how boba teas are like solar systems with tiny tapioca planets?","xxxx","16",,,
"Hasel_interaction1_6","Tight Rash Bobber . . . bzzzt . . . I mean, White Ash Harbor I believe is on the verge of becoming awesome._It just needs a push, and I think that push is you.","xxxx","35",,,
,,,"",,,
"Hasel_interaction2_1_intro","I find a lot . . . bzzzzzt, of people think that androids live forever._After being found in the trash bin I can safely tell you that we do not. Haha!","xxxx","31",,,
"Hasel_interaction2_1_option_1","I'm still sorry that even happened to you.","xxxx","8",,,
"Hasel_interaction2_1_option_2","Who did that to you? Do you remember?","xxxx","8",,,
"Hasel_interaction2_1_response_1","Ahhhh . . . bzzzzt . . . D'aww, thanks! That's nice of you to say. I have made it a goal to move past that moment in my life and with each passing day I achieve that goal.","xxxx","39",,,
"Hasel_interaction2_1_response_2","I couldn't tell you. I only remember being here in White Ash Harbor._Bianca and Aloys were the ones who found me and got me working again and we've been friends ever since.","xxxx","32",,,
"Hasel_interaction2_2","When I woke up in White Ash Harbor, I started reading anything I could get my hands on, and so I read a lot of manuals._Why doesn't anyone read those? They're full of information!","xxxx","34",,,
"Hasel_interaction2_3","Philosophy is super intriguing!_These thoughts about the universe, about life on this planet, and about life itself just made me think, 'What if a boba tea could fix all those questions?'","xxxx","31",,,
"Hasel_interaction2_4","A lot of people don't like gloomy days. I look at it as a day that will never come again!_How exciting is it to see the world in this shade of light!","xxxx","32",,,
"Hasel_interaction2_5","Prisca is one of the most passionate people I have ever met. Her love for our town is unmatched._She can be a bit gruff sometimes, but it's only because she wants only the best for our community.","xxxx","37",,,
"Hasel_interaction2_6","When I'm not at the stand I like to explore. I love finding all of the . . . bzzzzz, abandoned things.","xxxx","22",,,
,,,"",,,
"Hasel_interaction3_1_intro","I was told that I came from Billboard City, though I have no memory of my life from when I lived there._Do you have a previous life you do not recall?","xxxx","31",,,
"Hasel_interaction3_1_option_1","Uh, no, I remember everything about my life.","xxxx","8",,,
"Hasel_interaction3_1_option_2","There are parts of it I wish I couldn't recall.","xxxx","10",,,
"Hasel_interaction3_1_response_1","How nice it must be to remember everything._Do you remember when you were born? I bet that was exciting!","xxxx","19",,,
"Hasel_interaction3_1_response_2","I have remembered every day since my friends found me._Every smile, tear, and hug. Both good and bad days utilize those same emotional responses. Isn't that interesting?","xxxx","27",,,
"Hasel_interaction3_2","Without Aloys and Bianca, I'd be falling apart!_They keep me running and I give them free boba in return.","xxxx","19",,,
"Hasel_interaction3_3","Friends are great to have, and I count you among them now._I know I'm friendly, but friendship isn't something I hand out to anyone. You have joined an exclusive club, (playername).","xxxx","31",,,
"Hasel_interaction3_4","I hope I never forget my friends. I don't get sad . . . it's literally impossible for me to be sad. But that would make me sad.","xxxx","28",,,
"Hasel_interaction3_5","Friends make life better. When Bianca, Aloys, and Milo are tinkering with my brain, it's a blast!","xxxx","17",,,
"Hasel_interaction3_6","Milo has a fun little shop down by the water. If you want some . . . bzzzz, great clothes, I would go there.","xxxx","24",,,
,,,"",,,
"Hasel_interaction4_1_intro","(playername), I've been feeling off lately. You know how I'm usually scatterbrained and such? This isn't anything like it. It's worse. What should I do?","xxxx","25",,,
"Hasel_interaction4_1_option_1","What are your symptoms?","xxxx","4",,,
"Hasel_interaction4_1_option_2","Why not talk to Bianca or Aloys?","xxxx","7",,,
"Hasel_interaction4_1_response_1","My vision goes in and out and my logic buffer fails._This morning I held a very strong belief that cheese comes from comets. But I'm fine. I am fine.","xxxx","29",,,
"Hasel_interaction4_1_response_2","I can't afford an inspection from Bianca. Also, she . . . bzzzzzzzzzztt, pulls out my electronic brain and uses it for pickleball._And Aloys is fishing for compliments in the sea! HIS HATS ARE LOVELY!","xxxx","35",,,
"Hasel_interaction4_2","I've been acting funny all morning._I need to diagnose what is happening because . . . bzzzzzztt . . . without tomatoes would we have gone to the moon?","xxxx","29",,,
"Hasel_interaction4_3","I'm finding that this isn't one my random bugs or me getting distracted._This problem is something that has made me . . . bzzzztt . . . become a fish.","xxxx","30",,,
"Hasel_interaction4_4",". . . bzzzzzzzttt . . . There isn't any water in the well! I'll use my blender to dig a hole and find the lost city!","xxxx","27",,,
"Hasel_interaction4_5","My family are my friends and my friends . . . bzzzzzzzzzttt . . . are made of marshmallow.","xxxx","19",,,
"Hasel_interaction4_6",". . . bzzzzzzzzzztttt . . . WHERE DO BOBAS EVEN COME FROM?! WHO MAKES THEM?!!_You're an honest individual, TELL ME YOUR SECRETS! WHERE ARE THE BOBA QUEENS???","xxxx","28",,,
,,,"",,,
"Hasel_interaction5_1_intro","After that whole incident and getting fixed, I have been worrying about when Boba will pass away._Who will ribbit on my head when he's gone?","xxxx","25",,,
"Hasel_interaction5_1_option_1","Hasel, dying is a natural part of life.","xxxx","8",,,
"Hasel_interaction5_1_option_2","If that day comes, Boba will know he was loved.","xxxx","10",,,
"Hasel_interaction5_1_response_1","I know, (playername), but I still think about it all the time! It's why I always try to make each day the best it can be for him.","xxxx","28",,,
"Hasel_interaction5_1_response_2"," . . . He'll never be missed when he goes because he'll always live in my heart.","xxxx","17",,,
"Hasel_interaction5_2","After experiencing a full shut down for the second time in my life I decided to make a pledge._I pledge to continue my explorations into the world of boba-based drinks! Boba now! BOBA FOREVER!","xxxx","34",,,
"Hasel_interaction5_3","(playername), never worry about what others think of you._Look at my face, I don't care it looks this way, because the people who matter don't care and those who do care don't matter.","xxxx","33",,,
"Hasel_interaction5_4","In the infinite nothing, our tiny ball of dust spins. Having friends and family that you can trust is what makes life a little less lonely in this endless universe._Now, how do you tie a shoelace? My fingers still don't know.","xxxx","41",,,
"Hasel_interaction5_5","If you haven't yet, you should check out the library in town. It's got so much in it!_Dust, books, and more dust. It's such a great space to sit inside of and read newsletters on my phone.","xxxx","37",,,
"Hasel_interaction5_6","The Lonely Cliffs are a really pretty, so I've been told. I rarely ever go to that side of town.","xxxx","20",,,
,,,"",,,
"Hasel_interaction6_1_intro","Oh, hi! I'm glad you're here because we are in a relationship and I enjoy that we are together in this manner._Is this how people talk when they're in love?","xxxx","30",,,
"Hasel_interaction6_1_option_1","Yes-ish, and I love you for trying. Haha.","xxxx","8",,,
"Hasel_interaction6_1_option_2","Not really, but this is new to me too. Haha.","xxxx","10",,,
"Hasel_interaction6_1_response_1","Love is a bizarre emotion to experience. I just want to make sure I am expressing it clearly, like a moose in the woods calling to its mate.","xxxx","28",,,
"Hasel_interaction6_1_response_2","I . . . I think we have a strong bond. It's like gluing two pieces of wood together._For me, it can be hard to get used to this new way of life.","xxxx","33",,,
"Hasel_interaction6_2","Do you find yourself thinking about me when we are apart? I do._I haven't had such a singular thought in my mind ring so clear other than starting this boba stand.","xxxx","31",,,
"Hasel_interaction6_3","Does love increase exponentially or does it have a cap? I am hoping the former because I don't want this to stop.","xxxx","22",,,
"Hasel_interaction6_4","Boba and I have been together for a long time. I love him dearly. I am excited that you are joining our small and quirky family.","xxxx","26",,,
"Hasel_interaction6_5","When I came to White Ash Harbor, I never thought I would find someone who . . . who loved me for myself._I just never thought I could be loved.","xxxx","30",,,
"Hasel_interaction6_6","After work, can we make like a tree and watch the rain together? It's one of my favorite things to do and I want to do it with you.","xxxx","29",,,
,,,"",,,
"103_HASEL_PROGRESSION",,,"",,,
,,,"",,,
"Hasel_progression_restaurantOpen","Congratulations, (playername) on getting The Tree . . . I mean, Le Sequoia officially open!","xxxx","15",,,
"Hasel_progression_luciusReview","I heard Lucifer is going to review Le Sequoia soon! I heard he's a rather devious fellow, that Lucifer . . . oh, right, Lucius. Don't worry too much.","xxxx","29",,,
"Hasel_progression_bathhouseOpen","So, you worked on the bathhouse too? Wow, you are a rather talented person!_I dunno if I'll partake in the warm waters, but I've heard it's nice.","xxxx","27",,,
"Hasel_progression_leSequoiaReputation","Seems like Le Sequoia's reputation has grown. I hear a lot of humans and androids alike really enjoy it._Now, just keep doing that forever and you're set!","xxxx","27",,,
"Hasel_progression_teahouseReputation","I heard your teahouse is just awful! How exciting for you to hear that people are hating the place . . . oh, wait, I mean love it!_They love it. No hate there. Sorry, my chip got bugged again.","xxxx","39",,,
"Hasel_progression_helpfullness1","You have been running aroundddddd, around here like a rabbit helping people! GO RABBIT GO!","xxxx","15",,,
"Hasel_progression_helpfullness2","I see you answering those help ads. Keep making good happen, (playername).","xxxx","12",,,
,,,"",,,
"Hasel_restaurantMenu_positive_1","Your menu is creating quite the stir. Sounds fantastic! I really like your focus on making good beverages.","xxxx","18",,,
"Hasel_restaurantMenu_positive_2","I was serving a couple the other day and they wouldn't stop talking about the fantastic beverages you have on your menu. Good job!","xxxx","24",,,
"Hasel_restaurantMenu_negative_1","Your menu is creating quite the stir. Personally, I'm not a big fan of what you are serving._If you serve more beverages, I might come give it a go!","xxxx","29",,,
"Hasel_restaurantMenu_negative_2","I'm really not a big fan of all the pastries on your menu, (playername). All the flour . . . it's just really bad for my system. I really can't eat at your restaurant right now.","xxxx","36",,,
,,,"",,,
"Hasel_environmentConsumer_positive_1","I'm glad you're respecting the environment of Bash Hash Tumber . . . I mean, White Ash Harbor!","xxxx","18",,,
"Hasel_environmentConsumer_positive_2","I may be a product of the manufacturing industrial complex, but I appreciate the effort you have taken to preserve the nature here.","xxxx","23",,,
"Hasel_environmentConsumer_negative_1","LELSH has brought a lot of cool goodies to this town, but the environment here has been impacted._Please try to help us preserve this place, (playername)!","xxxx","26",,,
"Hasel_environmentConsumer_negative_2","I was once considered trash, (playername)._I hated that at one point I made this world just a bit worse than it was already, and here you are making more waste._I . . . I am disappointed in you. You are acting exactly like LELSH!","xxxx","44",,,
,,,"",,,
"Hasel_firstQuestComplete_1","The new recipe that you helped me make has been a hit! It's lovely. Thank you again for the help!","xxxx","20",,,
"Hasel_firstQuestComplete_2","I wondered what else we might be able to make together? Jam? A new kind of butter? Who knows!","xxxx","19",,,
"Hasel_firstQuestComplete_3","I think that new drink isn't just going to be a special anymore. I'm going to add it to the menu!","xxxx","21",,,
,,,"",,,
"Hasel_secondQuestComplete_1","I really didn't expect that my core would fail like that. If it wasn't for my . . . family, I'd be in the garbage again!","xxxx","26",,,
"Hasel_secondQuestComplete_2","I talked to Aloys the other day, I mentioned how I would've been in the garbage, and he yelled at me._Said that would never happen. I am glad to have you all in my life.","xxxx","35",,,
"Hasel_secondQuestComplete_3","I do miss my stutter. It seems the restart fixed that line of code. At least I haven't lost my love for random facts._Case in point, did you know that the Titanic's hull was brittle because it was made out of cheap steel?","xxxx","43",,,
,,,,,,
,,,,,,
"103_HASEL_INTERACT",,,,,,
,,,,,,
"Hasel_compliment_looks","I always look this way. I can't look any other way.","xxxx",,,,
"Hasel_compliment_clothing","I dunno why I wear them, maybe to fit in? Eh, they're optional, but thanks.","xxxx",,,,
"Hasel_compliment_mind","I have been working pretty hard on that, so thanks.","xxxx",,,,
"Hasel_compliment_work","Boba is an odd substance that I hope to master one day.","xxxx",,,,
"Hasel_encouragement","Words of encouragement are helpful. They're made of nothing, but they are still helpful.","xxxx",,,,
"Hasel_offerhelp_accept","If you could do that for me, I would hate you forever . . . I mean, appreciate it.","xxxx",,,,
"Hasel_offerhelp_decline","My brain's got it covered!","xxxx",,,,
"Hasel_present_useful_1","I could do something with this . . . I think.","xxxx","11",,,
"Hasel_present_useful_2","Ah, good thinking, (playername). I can use this in my drinks!","xxxx","11",,,
"Hasel_present_useful_3","You are the best. This will be a great ingredient for tonight's brew.","xxxx","13",,,
"Hasel_present_valuable_1","Woah wow! (playername), you are rich! I . . . I will take this, if you insist. Boba, say thank you to (playername).","xxxx","23",,,
"Hasel_present_birthday_1","Wow, I totally forgot it's my birthday! Boba, why didn't you remind me?_(playername), I will cherish this gift forever.","xxxx","19",,,
"Hasel_present_useless_1","I can't do anything with this . . . no.","xxxx","10",,,
"Hasel_present_useless_2","Am I supposed to put this in my tea? I don't think it will work, (playername).","xxxx","16",,,
"Hasel_present_useless_3","I don't think this will create a good flavor profile in my boba teas. Not at all!","xxxx","17",,,
"Hasel_gift_already_given","Thanks, but you've already given me something today.","xxxx","8",,,
"Hasel_hug","Oh, is this what a hug is? This is rather strange.","xxxx",,,,
"Hasel_hangout_decline","Sorry, I'm a bit busy today.","xxxx",,,,
,,,,,,
"103_HASEL_BUBBLE_SHACK",,,,,,
,,,,,,
"Hasel_shop_default_1","Hello! Welcome to Bubble Shack. What can I get for you?","xxxx","11",,,
"Hasel_shop_default_2","What can I get for you?","xxxx","6",,,
"Hasel_shop_default_3","Hi! What would you like to order today?","xxxx","8",,,
"Hasel_shop_default_4","Our special today is human, I mean, the blueberry boba blast!","xxxx","11",,,
"Hasel_shop_default_5","You won't find another Bubble Shack in town!","xxxx","8",,,
"Hasel_shop_buy_1","That is my favorite!","xxxx","4",,,
"Hasel_shop_buy_2","Great flavor and texture, so I've been told.","xxxx","8",,,
"Hasel_shop_buy_3","It will stick with you! Just like tapioca. Get it?","xxxx","10",,,
"Hasel_shop_sell_1","I can blend this up!","xxxx","5",,,
"Hasel_shop_sell_2","I might need some of these.","xxxx","6",,,
"Hasel_shop_sell_3","Hmm, don't see too many of these, I'll take it.","xxxx","10",,,
"Hasel_shop_sell_rejected_1","People will not drink that, no thank you.","xxxx","8",,,
"Hasel_shop_sell_rejected_2","I really think that is amazing, but I do not need it.","xxxx","12",,,
"Hasel_shop_sell_rejected_3","I cannot buy this item.","xxxx","5",,,
"Hasel_shop_too_poor_1","You are too poor to buy this, but next time you might not be!","xxxx","14",,,
"Hasel_shop_too_poor_2","I wish you could afford this, but you cannot.","xxxx","9",,,
"Hasel_shop_too_poor_3","If you had more credits then you could buy this, but you do not.","xxxx","14",,,
,,,"",,,
,,,"",,,
"104_AIME",,,"",,,
,,,"",,,
"Aime_interaction1_1","A new face! Welcome to White Ash Harbor! I hope you find our community welcoming and your stay enjoyable.","xxxx","19",,,
"Aime_interaction1_2","Both the spirits I sell and the spirit within me are BOLD!","xxxx","12",,,
"Aime_interaction1_3","I see you've noticed my excellent physique. BEHOLD the power of my DELTS!","xxxx","13",,,
"Aime_interaction1_4","The trick to these gains is not drinking heavily. Moderation in all things, except in the gym, where you should go big!","xxxx","22",,,
"Aime_interaction1_5","If you think I'm loud, you should meet my wife and six kids! Hahaha!","xxxx","14",,,
"Aime_interaction1_6","I lift and toss my children when we're at the beach._I sculpt the sand around them and make them into mermaids and power lifters.","xxxx","24",,,
,,,"",,,
"Aime_interaction2_1_intro","Bea and I have been together for quite some time. Our lives are like our bodies, strengthened by love and powered by kindness! Haha!_Tell me, do you have a partner in life?","xxxx","32",,,
"Aime_interaction2_1_option_1","No.","xxxx","1",,,
"Aime_interaction2_1_option_2","Hopefully one day.","xxxx","3",,,
"Aime_interaction2_1_response_1","Not everyone needs to be in a relationship. If you have enough love for yourself, then you are set._Loving oneself isn't selfish, it's necessary. Bea and I both believe that.","xxxx","30",,,
"Aime_interaction2_1_response_2","If you keep an open mind, someone will walk in. Just be careful who you let in through that door._Remember to love yourself first, it's what attracts people to you.","xxxx","30",,,
"Aime_interaction2_2","One of my favorite things are energy drinks. Between keeping up with my kids and pushing myself at the gym, they keep! Me! GOING!","xxxx","24",,,
"Aime_interaction2_3","I feel that without my family, I would only be able to bench 250 pounds, as my heart would only be half as strong.","xxxx","24",,,
"Aime_interaction2_4","Bea and I share our responsibilities. It's what makes great partnerships last.","xxxx","12",,,
"Aime_interaction2_5","(playername), you should always work out your legs._Your knees are one of the most important parts of your body. NEVER SKIP LEG DAY!","xxxx","23",,,
"Aime_interaction2_6","Our library is the best not only because my kids can stay there when Bea and I are busy, but the books inside train the mind to grow big and strong!_Libraries are the best!","xxxx","34",,,
,,,"",,,
"Aime_interaction3_1_intro","(playername), behold. My power has grown by completing my gains on this day!_Haha! Would you ever wish to attend the gym with me?","xxxx","23",,,
"Aime_interaction3_1_option_1","No.","xxxx","1",,,
"Aime_interaction3_1_option_2","I don't have the time, really.","xxxx","6",,,
"Aime_interaction3_1_response_1","Why not?! Gains are what will give your the strength equal to the tree that your restaurant is named after!","xxxx","20",,,
"Aime_interaction3_1_response_2","If you do not invest time into your physical form, it will one day break. Keep that in mind, (playername).","xxxx","20",,,
"Aime_interaction3_2","Just because I care about my physique, doesn't mean that I shy away from carbs. In fact, I enjoy them.","xxxx","20",,,
"Aime_interaction3_3","When I am gearing up for a bodybuilding competition, I have to cut back on carbs so I can get that 'formed from marble by the world's greatest sculptor' look.","xxxx","30",,,
"Aime_interaction3_4","(playername), I hope you don't worry about my love of lifting. I push my body but I will not break it. My body is my hobby and I love it! Haha!","xxxx","31",,,
"Aime_interaction3_5","(playername), I love eating at your restaurant. Eating good food is important._If I was just eating chicken and rice all the time then I would die from boredom.","xxxx","28",,,
"Aime_interaction3_6","Bea and I will eat your food very soon! Our muscles cannot wait to be fed by the goodies you serve!","xxxx","21",,,
,,,"",,,
"Aime_interaction4_1_intro","Let me tell you my greatest dream, (playername). Do you wish to hear it?","xxxx","14",,,
"Aime_interaction4_1_option_1","I can't right now. Later?","xxxx","5",,,
"Aime_interaction4_1_option_2","Sure! What is it, Aime?","xxxx","5",,,
"Aime_interaction4_1_response_1","Oh . . . well then, let us discuss other matters!","xxxx","11",,,
"Aime_interaction4_1_response_2","I dream that my children will become great Olympians! Powerlifters, the lot of them!","xxxx","14",,,
"Aime_interaction4_2","As a father, I want only the best for my kids and I want them to achieve their dreams!","xxxx","19",,,
"Aime_interaction4_3","Nacim and I believe that our children should chase their dreams._And even though he doesn't display his strength on the outside like me, his soul is one of the strongest I've ever met.","xxxx","33",,,
"Aime_interaction4_4","(playername), I believe that being a father requires you to not be the three S's. Shallow, superficial, or selfish._You cannot walk away. You must be there for them every day. To do anything less is wrong.","xxxx","36",,,
"Aime_interaction4_5","Here's a small bit of truth, (playername). Bea and I never intended to have kids at first, but we saw we were good parents, we had more kids._My family's laughter and joy makes me lift six times harder each day.","xxxx","40",,,
"Aime_interaction4_6","If you want an example of a person's spirit not matching their exterior, talk to Pomarine._She is ANCIENT but moves just as fast as any 20-something. She is an amazing woman.","xxxx","31",,,
,,,"",,,
"Aime_interaction5_1_intro","My routine is sacred to me. It helps keep myself sane even when the world is feeling crazy._(playername), do you have something like this for yourself?","xxxx","26",,,
"Aime_interaction5_1_option_1","I do and I love it.","xxxx","6",,,
"Aime_interaction5_1_option_2","I do not. I don't want to fall into a rut.","xxxx","11",,,
"Aime_interaction5_1_response_1","A routine gives my day order._When you have six kids, you need something consistent to hold yourself to, because that group of wild and wonderful love is not! Haha!","xxxx","29",,,
"Aime_interaction5_1_response_2","Oh, (playername), you should have something in place for yourself._It gives your day direction. Without my routine, my muscles wouldn't be so beautifully constructed.","xxxx","24",,,
"Aime_interaction5_2","Parenting tip, (playername)! Kids thrive on schedules. They like to know where and when something is going to happen._It's funny to me how people tend to forget that kids are people! Haha!","xxxx","32",,,
"Aime_interaction5_3","Rituals are an odd thing. I will use the same machine and weights because they feel special to me._I cannot tell you why, but they feel right in my hands. A man at the gym will use the same treadmill out of five. Every. Time!","xxxx","45",,,
"Aime_interaction5_4","Bea and I are . . . good. I feel there is something between us, but it might just be my imagination. She hasn't told me otherwise.","xxxx","27",,,
"Aime_interaction5_5","Intrusive thoughts get in my head sometimes, (playername)._Sometimes, when I look at the sea . . . I . . . I wonder if there is such a thing as being too muscular?_Then I shake my head because I know this cannot be true.","xxxx","44",,,
"Aime_interaction5_6","I want to tell you something. I am glad you are here in White Ash Harbor._Without you, our town would've remained a couch potato. Sad. Never lifting. I shudder at the thought.","xxxx","32",,,
,,,"",,,
"Aime_interaction6_1_intro","When Bea left, I thought I would never love again. Like abandoning a lift mid-movement, my heart was crushed. You are my spotter._My gym buddy. Because of you, I see a future that is full of gains to be had. Thank you.","xxxx","42",,,
"Aime_interaction6_1_option_1","I will spot you any day.","xxxx","6",,,
"Aime_interaction6_1_option_2","I don't understand, but I will one day.","xxxx","8",,,
"Aime_interaction6_1_response_1","And I to you . . . NOW LET US HUG!","xxxx","11",,,
"Aime_interaction6_1_response_2","And I too will understand your cooking world one day. NOW LET US HUG!","xxxx","14",,,
"Aime_interaction6_2","Loving is effortless, and like a powerful squat, I feel the power of our love overcome the tiredness of the world around us every time we hold hands.","xxxx","28",,,
"Aime_interaction6_3","My kids will grow to like you, perhaps love you, but that is not a requirement._I know them, these things will take time, but like mastering a new smoothie recipe, it's worth doing.","xxxx","33",,,
"Aime_interaction6_4","SOMETIMES I JUST WANT TO THROW YOU INTO THE SKY WITH ALL OF MY MIGHT I LOVE YOU SO!_I would never throw you too high, because I want you here by my side.","xxxx","33",,,
"Aime_interaction6_5","My days can go up and down. I saw Bea today, she seems happy. I hope she is, but her life isn't mine to worry about anymore. It never was._I have my choices, she hers, and that's okay now. Like weeks of training a muscle group, I see that now.","xxxx","50",,,
"Aime_interaction6_6","You don't start off as ripped as I am. It's years of training, dedication, and love._Our relationship has a good start, but I will be there everyday to help it grow. And I know you will too.","xxxx","37",,,
,,,"",,,
"104_AIME_PROGRESSION",,,"",,,
,,,"",,,
"Aime_progression_restaurantOpen","It is my understanding that your restaurant is now open . . . I AM SO HAPPY FOR YOU! Allow me to flex with joy for your achievement!","xxxx","28",,,
"Aime_progression_luciusReview","The words of others can lift us up or crush us._Words matter and that is why you must hear mine: KEEP DOING YOU! BECAUSE THERE IS ONLY ONE YOU! GO!","xxxx","30",,,
"Aime_progression_bathhouseOpen","Hearing the bathhouse is now open again makes muscles sing!_For too long have they screamed for relaxation after a long day of lifting weights, children, and inventory. NOW THEY CAN REST!","xxxx","31",,,
"Aime_progression_leSequoiaReputation","I have heard your restaurant is doing well! THIS IS FANTASTIC NEWS! KEEP GOING!","xxxx","14",,,
"Aime_progression_teahouseReputation","I heard that you are also responsible for the success of the tea house in the bathhouse._WHAT CAN'T YOU DO?! YOU ARE A WONDERFUL BEING! KEEP IT GOING!","xxxx","28",,,
"Aime_progression_helpfullness1","YOUR HEART IS AS BIG AS MY BICEPS FROM ALL THE HELP YOU HAVE BEEN GIVING!","xxxx","16",,,
"Aime_progression_helpfullness2","You are lifting our community up with each act of kindness. IT'S BEAUTIFUL TO SEE!","xxxx","15",,,
,,,"",,,
"Aime_restaurantMenu_positive_1","Your menu brings joy to my heart! I WILL CONSUME WHAT IT HOLDS!","xxxx","13",,,
"Aime_restaurantMenu_positive_2","I have enjoyed all that your menu has to offer!","xxxx","10",,,
"Aime_restaurantMenu_negative_1","Your menu . . . I heard about it. It requires more for me to want to eat from it.","xxxx","20",,,
"Aime_restaurantMenu_negative_2","I cannot, will not, eat from your menu. My body is a temple, not a dump.","xxxx","16",,,
,,,"",,,
"Aime_environmentConsumer_positive_1","Keeping our air and waterways clear of trash while improving White Ash Harbor is important for my kids. THANK YOU!","xxxx","20",,,
"Aime_environmentConsumer_positive_2","The future is nature and us working together like my muscles and a weight. TOGETHER, NOTHING CAN STOP THEM!","xxxx","19",,,
"Aime_environmentConsumer_negative_1","Progress is important, but not at the cost of our local environment. It's like cutting carbs from your diet._YOUR BRAIN NEEDS CARBS OR IT WILL DIE! As will we, if we lose our nature to trash.","xxxx","36",,,
"Aime_environmentConsumer_negative_2","My children's future depends on this place not being a landfill. TRY HARDER TO NOT HAVE IT BE A LANDFILL!","xxxx","20",,,
,,,"",,,
"Aime_firstQuestComplete_1","My muscles are growing and my body thanks you for finding that super drink! I could not have earned these gains without it.","xxxx","23",,,
"Aime_firstQuestComplete_2","If my muscles grow, if I take the bodybuilding championship, will that fix what I feel is broken between Bea and myself? MORE LIFTING IS REQUIRED!","xxxx","26",,,
"Aime_firstQuestComplete_3","After entering a meditative state via my gains, I think I might have the solution to my woes. But more military presses are required to iron out the details.","xxxx","29",,,
,,,"",,,
"Aime_secondQuestComplete_1","Being married is a title, but it is also so much more._I feel the connection between us has grown stronger! THANK YOU AGAIN FOR YOUR ASSISTANCE!","xxxx","26",,,
"Aime_secondQuestComplete_2","The bond between my family and me feels stronger than ever. You helped reconnect my family. I will always remember that.","xxxx","21",,,
"Aime_secondQuestComplete_3","Some secrets live in our hearts forever. Bea and I, even now being man and wife, will harbor thoughts that the other will never hear._We love one another, but I wish . . . MORE GAINS ARE NEEDED!","xxxx","38",,,
,,,,,,
,,,,,,
"104_AIME_INTERACT",,,,,,
,,,,,,
"Aime_compliment_looks","While my looks are stunning, I feel you may have forgotten to mention my jawline. It's okay.","xxxx",,,,
"Aime_compliment_clothing","I would rather my perfect physique be seen by all, but laws dictate that I must cover it.","xxxx",,,,
"Aime_compliment_mind","My mind has been sharpened so much it's practically smoothed over.","xxxx",,,,
"Aime_compliment_work","This is just a job to pay my bills. My real passion is lifting.","xxxx",,,,
"Aime_encouragement","You should see me deadlift. It is a sight to behold.","xxxx",,,,
"Aime_offerhelp_accept","I am giving my arms the day off. Thank you.","xxxx",,,,
"Aime_offerhelp_decline","I must get my gains in! No thanks.","xxxx",,,,
"Aime_present_useful_1","I'll use this during my workout.","xxxx","6",,,
"Aime_present_useful_2","I feel POWERFUL!!! Yes, that's great, (playername). Bring me MORE!","xxxx","10",,,
"Aime_present_useful_3","Thank you, (playername). This is great. I feel like working out right now!","xxxx","13",,,
"Aime_present_valuable_1","Whew, I'm not sure I can take this, (playername). But if you insist . . .","xxxx","16",,,
"Aime_present_birthday_1","Woah, this is a fantastic birthday gift! I'm one year older, which means I will become even more POWERFUL!","xxxx","19",,,
"Aime_present_useless_1","If I it doesn't make me more powerful, then I do not need it.","xxxx","14",,,
"Aime_present_useless_2","I don't really need this. Now if you will excuse me, my muscles have work to do!","xxxx","17",,,
"Aime_present_useless_3","What am I supposed to do with this? Am I supposed to lift this?","xxxx","14",,,
"Aime_gift_already_given","Thanks, but you've already given me something today.","xxxx","8",,,
"Aime_hug","I cannot hug you back for I fear I would break you.","xxxx",,,,
"Aime_hangout_decline","Sorry, I'm a bit busy today.","xxxx",,,,
,,,,,,
,,,,,,
"104_AIME_BEAS_BAR",,,,,,
,,,,,,
"Aime_shop_default_1","Welcome to Bea's Bar, what kind of spirit can I interest you in today?","xxxx","14",,,
"Aime_shop_default_2","You will never find a better collection of spirits in all of White Ash Harbor.","xxxx","15",,,
"Aime_shop_default_3","These spirits are almost as strong as me!","xxxx","8",,,
"Aime_shop_default_4","If you can do more push ups than me, I'll give you 40% off your first purchase!","xxxx","17",,,
"Aime_shop_default_5","Bea's Bar is the premiere liquor store in all of White Ash Harbor.","xxxx","13",,,
"Aime_shop_buy_1","The perfect bottle to do curls with.","xxxx","7",,,
"Aime_shop_buy_2","I'm glad you like it!","xxxx","5",,,
"Aime_shop_buy_3","A great reward for yourself!","xxxx","5",,,
"Aime_shop_sell_1","Ooo, a rare vintage!","xxxx","4",,,
"Aime_shop_sell_2","I haven't seen this bottle before!","xxxx","6",,,
"Aime_shop_sell_3","Look how old it is. I'll buy it!","xxxx","8",,,
"Aime_shop_sell_rejected_1","(playername), I simply cannot.","xxxx","4",,,
"Aime_shop_sell_rejected_2","This is . . . well, not for Bea's Bar.","xxxx","10",,,
"Aime_shop_sell_rejected_3","No one should lift this, not even for the gains.","xxxx","10",,,
"Aime_shop_too_poor_1","If you can do 2000 push ups, I'd take that instead of the money you don't have.","xxxx","17",,,
"Aime_shop_too_poor_2","Not enough credits, it seems, friend.","xxxx","6",,,
"Aime_shop_too_poor_3","If you recycle enough bottles, you can probably afford it.","xxxx","10",,,
,,,"",,,
,,,"",,,
"105_BIANCA",,,"",,,
,,,"",,,
"Bianca_interaction1_1","If you're here to sell me somethin', please don't. I'm too busy.","xxxx","12",,,
"Bianca_interaction1_2","Look, whatever you have isn't as good as what I can make, so scram.","xxxx","14",,,
"Bianca_interaction1_3","I know more than you.","xxxx","5",,,
"Bianca_interaction1_4","If you're going to continue to bother me, find me a socket wrench.","xxxx","13",,,
"Bianca_interaction1_5","I'm going to start charging you by the minute if you keep standing here.","xxxx","14",,,
"Bianca_interaction1_6","If you think I'm some sort of friendly chump like Uriel, you'd be very mistaken.","xxxx","15",,,
,,,"",,,
"Bianca_interaction2_1_intro","You look like you know your way around a shop. What's your angle?","xxxx","13",,,
"Bianca_interaction2_1_option_1","Nothing, just trying to meet people.","xxxx","6",,,
"Bianca_interaction2_1_option_2","I've been known to dabble around with tools and such.","xxxx","10",,,
"Bianca_interaction2_1_response_1","Meeting people is overrated. You want to do something worth the time? Get building.","xxxx","14",,,
"Bianca_interaction2_1_response_2","Right . . . yeah, that's how people talk shop.","xxxx","10",,,
"Bianca_interaction2_2","After a long day, I love opening a bottle of whiskey and enjoying the warmth it provides me.","xxxx","18",,,
"Bianca_interaction2_3","I'd prefer if you could step to the right, I'm in a hurry, and you being a wall isn't helping.","xxxx","20",,,
"Bianca_interaction2_4","I only talk to people when I feel like there's something to say. You're in my way again, move.","xxxx","19",,,
"Bianca_interaction2_5",". . . Look, I'm pretty tired and it's been a long day._Maybe talk to me tomorrow after I've had some vod . . . ah . . . I mean coffee.","xxxx","32",,,
"Bianca_interaction2_6","Be careful with yourself. If you show too much competence, people won't leave you alone. Trust me . . . I know.","xxxx","22",,,
,,,"",,,
"Bianca_interaction3_1_intro","Aloys and I were talking the other day and . . . have you met him yet?","xxxx","17",,,
"Bianca_interaction3_1_option_1","Yeah, first day here in fact! He gave me a fishing rod.","xxxx","12",,,
"Bianca_interaction3_1_option_2","Yep, we're pretty close friends too.","xxxx","6",,,
"Bianca_interaction3_1_response_1","That guy knows his stuff in terms of robotics and cognitive A.I. development._One of the sharpest minds in White Ash Harbor and he's catching shrimp.","xxxx","25",,,
"Bianca_interaction3_1_response_2","Can I say one thing about him? His obsession with hats is second to none. If he could, he would fill up his house with hats.","xxxx","26",,,
"Bianca_interaction3_2","I am of the opinion that the only reason people talk to each other is because they want to talk about themselves.","xxxx","22",,,
"Bianca_interaction3_3","I can build you the most advanced food prep technology available. Sous vide?_Forget about it! I'm talking fully programmed cooks that will make anything you put in front of them! Imagine the profit margins if you didn't have to pay cooks!","xxxx","41",,,
"Bianca_interaction3_4","I don't try to think about other people's problems too much because I can't fix them. I've tried in the past and I'm done now.","xxxx","25",,,
"Bianca_interaction3_5","Humans are faulty and need to sleep. There are other problems with their operating system, but I'm too tired to list them right now.","xxxx","24",,,
"Bianca_interaction3_6","If you want to go on one of the best walks around here, check out the Lonely Cliffs. It's my go-to spot.","xxxx","22",,,
,,,"",,,
"Bianca_interaction4_1_intro","Your story about coming here and making things better with your restaurant is great._But . . . not all of us had a choice in leaving Billboard City for this small town.","xxxx","32",,,
"Bianca_interaction4_1_option_1","What's your story, Bianca?","xxxx","4",,,
"Bianca_interaction4_1_option_2","It was either that or stay and be depressed daily.","xxxx","10",,,
"Bianca_interaction4_1_response_1","The abbreviated version is I didn't want to move here, but I had to._I don't mind White Ash Harbor, but I kinda wish I got a chance to live in BC. I'll tell ya more one day.","xxxx","37",,,
"Bianca_interaction4_1_response_2","I always heard that Billboard City was fast and exciting. I kinda wish I got to grow up in it . . . but that's a story for another day.","xxxx","30",,,
"Bianca_interaction4_2","I always found that if you are not innovating, then you're standing still. And it's easy to get knocked down when you're not moving.","xxxx","24",,,
"Bianca_interaction4_3","School showed me that I was wasting my time._I could already make things with my hands, so why not get to the doing rather than wasting time studying? I opened this place and haven't looked back.","xxxx","36",,,
"Bianca_interaction4_4","I hate the fact that LELSH is even in town! If only White Ash Harbor could own its water and power. We could kick them out of here!","xxxx","28",,,
"Bianca_interaction4_5","Aloys and Hasel are my closest friends. I don't do much for most people in this world, but I would for them._Maybe you've made that list too.","xxxx","27",,,
"Bianca_interaction4_6","You have a lot going on. The only difference is you are actually doing something about it rather than waiting for something to happen._Too many people do that second bit but not the first.","xxxx","34",,,
,,,"",,,
"Bianca_interaction5_1_intro","Do you think I'm a little too harsh at times?","xxxx","10",,,
"Bianca_interaction5_1_option_1","Uh, is this a trap? I feel like this is a trap.","xxxx","12",,,
"Bianca_interaction5_1_option_2","I think you have a bit of an edge, yes.","xxxx","10",,,
"Bianca_interaction5_1_response_1","I suppose I had that coming with that question._I wasn't trying to fish for compliments or something, but I dunno, I think I want to try to be less like that to the people I care about, you know?","xxxx","39",,,
"Bianca_interaction5_1_response_2","Why you have stayed around as much as you have is bonkers to me, but here we are, together as friends._Haha! I just want to make sure I'm not always like that with folks I care for.","xxxx","37",,,
"Bianca_interaction5_2","The way I grew up, I just felt like I had to keep a facade up at all times, even when I was at home._It led to a lot of fights with my Mom and Dad . . . Too many, really.","xxxx","42",,,
"Bianca_interaction5_3","I often forget that I need to have some fun or else I'll wind up like one of the robots on my shop table._Everyone needs to remember that, for sure.","xxxx","30",,,
"Bianca_interaction5_4","I wish people would just be a bit more helpful._I know this is rich coming from me, but frankly, maybe I wouldn't have ended up like this if I'd experienced more of that while I was growing up? Maybe.","xxxx","39",,,
"Bianca_interaction5_5","I'm going to impart on you some wisdom: Wall out the public, but make a side entrance for family and friends._It's better to have a core group of friends than a massive ring of acquaintances.","xxxx","35",,,
"Bianca_interaction5_6","If there is one person around here that has surprised me the most, it's you._I don't quite get you yet, but what I have seen has impressed me.","xxxx","28",,,
,,,"",,,
"Bianca_interaction6_1_intro","Hello, (playername), how are you?","xxxx","5",,,
"Bianca_interaction6_1_option_1","I'm good. Bianca, are you feeling okay?","xxxx","7",,,
"Bianca_interaction6_1_option_2","A little tired, but how are you?","xxxx","7",,,
"Bianca_interaction6_1_response_1","Good, good, I just . . . I don't really know how to be in a relationship.","xxxx","17",,,
"Bianca_interaction6_1_response_2","Oh, I hope that you feel better soon. . . I don't really know how to do this sort of thing.","xxxx","21",,,
"Bianca_interaction6_2","I love you, like I really do, but I don't know how to be around you._Does that make sense? I am trying my best. I just haven't been in too many relationships.","xxxx","32",,,
"Bianca_interaction6_3","I've been thinking about it, and I think I have been so used to being brash with people that I've forgotten how to be. . . kind._Thanks for not giving up on me.","xxxx","33",,,
"Bianca_interaction6_4","I think you're rubbing off on me. The other day I gave a discount to a kid who came in to repair his hoverboard, UNPROMPTED._I figured I can afford to be a little soft with some people.","xxxx","37",,,
"Bianca_interaction6_5","I'd like to take a break some time and go somewhere with you. The amount of work we've done, I know we've earned a break._Never would I have thought I'd utter those words, but here I am, a changed woman.","xxxx","40",,,
"Bianca_interaction6_6","Wherever we go in life I don't care so long as its with you, partner._I will make sure we remain financially solvent through thick and thin. I love you.","xxxx","29",,,
,,,"",,,
"105_BIANCA_PROGRESSION",,,"",,,
,,,"",,,
"Bianca_progression_restaurantOpen","I heard Le Sequoia is open to the public. Welcome to the stress of being a business owner.","xxxx","18",,,
"Bianca_progression_luciusReview","People's opinions do not matter, so don't let some randos make you feel good or bad. Your work speaks for you._If they cross the line, you can always throw a wrench at them. Just an idea.","xxxx","36",,,
"Bianca_progression_bathhouseOpen","Since you helped rebuild the bathhouse, I am wondering . . . What was the guts of that place like?!_Maybe I can sneak a peek after a soak. Don't hold out next time, 'kay?","xxxx","34",,,
"Bianca_progression_leSequoiaReputation","Your restaurant is supposed to be good, I hear. Good job on not sucking at your job.","xxxx","17",,,
"Bianca_progression_teahouseReputation","I've been hearing the teahouse is great. I'll have to have check it out when I'm not face deep in circuit boards.","xxxx","22",,,
"Bianca_progression_helpfullness1","You've been helping out a lot. It's starting to make SOME of us who are running businesses look bad._Can we pace out the selfless acts, just a bit? Okay? Thanks.","xxxx","30",,,
"Bianca_progression_helpfullness2","Ughhh, it's nice that you've been helping out so much. I said it. Tell no one!","xxxx","16",,,
,,,"",,,
"Bianca_restaurantMenu_positive_1","Oh hey, your menu is looking pretty good. The drinks are looking especially tasty. I'll have to stop by after work.","xxxx","21",,,
"Bianca_restaurantMenu_positive_2","The drinks you're making are really great. I've had more hangovers than usual, thanks a lot.","xxxx","16",,,
"Bianca_restaurantMenu_negative_1","Yeah, I heard about your menu. Pass._Not that it's bad, it's just not for me. Thinking of all those baked goods just makes me shudder.","xxxx","25",,,
"Bianca_restaurantMenu_negative_2","Nope. I'm not eating at your place. Nope._All that gluten, I'll fall asleep before I make it home.","xxxx","18",,,
,,,"",,,
"Bianca_environmentConsumer_positive_1","Do you like LELSH? Personally I don't mind them. I wouldn't have the supplies I have if they weren't here._The locals here don't like their influence here.","xxxx","27",,,
"Bianca_environmentConsumer_positive_2","Ever notice how folks won't do the right thing until they see someone else doing it first?_You're the person making us see that we need to do better. Good.","xxxx","29",,,
"Bianca_environmentConsumer_negative_1","This place feels different since you arrived. Is it just me, or are the lonely cliffs looking more barren than usual?","xxxx","21",,,
"Bianca_environmentConsumer_negative_2","Be careful with how you are treating this place, (playername)._I don't hug trees or anything, but seeing lots of trash from your business isn't nice either.","xxxx","26",,,
,,,"",,,
"Bianca_firstQuestComplete_1","Keeping Sasha going is why I work as hard as I do. She is the key to making my future happen.","xxxx","21",,,
"Bianca_firstQuestComplete_2","The work you did to keep Sasha going is appreciated, (playername).","xxxx","11",,,
"Bianca_firstQuestComplete_3","I cannot wait for the next step with Sasha. I have some kinks to work out, but if everything lines up, I'll be all set.","xxxx","25",,,
,,,"",,,
"Bianca_secondQuestComplete_1","Mom and Dad were a little pissed at me, but that didn't stop them from hugging me._Felt good to help . . . dunno if I'll do it more for others, but this felt good.","xxxx","35",,,
"Bianca_secondQuestComplete_2","Like I said, I only took what was needed, what was owed._LELSH should have more done to them, but I also do not fight giant systems that will crush you for free. Pay me, and maybe I'll help.","xxxx","38",,,
"Bianca_secondQuestComplete_3","I don't know what else I'll do with the tech from Sasha._It would be a shame to leave it to rot. If some freedom fighters want help, they better come strapped with credits.","xxxx","33",,,
,,,,,,
,,,,,,
"105_BIANCA_INTERACT",,,,,,
,,,,,,
"Bianca_compliment_looks",". . . neat. Don't do that again.","xxxx",,,,
"Bianca_compliment_clothing","Seriously? Not the time for that.","xxxx",,,,
"Bianca_compliment_mind","It's a magnificent machine, and it's cranking right now, so please stop talking.","xxxx",,,,
"Bianca_compliment_work","It's not finished yet, but the potential is there.","xxxx",,,,
"Bianca_encouragement","I've sailed under my own wind for a while now, so thanks.","xxxx",,,,
"Bianca_offerhelp_accept","I really don't need help, but today . . . I do.","xxxx",,,,
"Bianca_offerhelp_decline","Don't offer again.","xxxx",,,,
"Bianca_present_useful_1","I could really use this. Like, I really need this.","xxxx","10",,,
"Bianca_present_useful_2","Thank you, (playername). Now if you will excuse me, I will go enjoy this. Be right back.","xxxx","17",,,
"Bianca_present_useful_3","Ahh, great stuff, (playername). It's been a tough day, but this will take the edge off.","xxxx","16",,,
"Bianca_present_valuable_1","This looks valuable, but I do not need it. But since you're offering, I will take it off your hands.","xxxx","20",,,
"Bianca_present_birthday_1","Huh, I don't really celebrate birthdays, but . . . thank you, (playername). This means something.","xxxx","16",,,
"Bianca_present_useless_1","Why are you carrying garbage?","xxxx","5",,,
"Bianca_present_useless_2","I can create anything I want in my workshop. Why would I need this?","xxxx","14",,,
"Bianca_present_useless_3","Why are you giving me this, (playername)? Why?","xxxx","8",,,
"Bianca_gift_already_given","Thanks, but you've already given me something today.","xxxx","8",,,
"Bianca_hug","No. A thousand times, no. Never again.","xxxx",,,,
"Bianca_hangout_decline","Sorry, I'm a bit busy today.","xxxx",,,,
,,,,,,
"105_BIANCA_BITS_&_PIECES",,,,,,
,,,,,,
"Bianca_shop_default_1","Bits 'n' Pieces, what can I get you?","xxxx","8",,,
"Bianca_shop_default_2","Yeah, this is Bits 'n' Pieces, what do you want?","xxxx","10",,,
"Bianca_shop_default_3","You're not here for my personality, so what can I sell you?","xxxx","12",,,
"Bianca_shop_default_4","You want something?","xxxx","3",,,
"Bianca_shop_default_5","What is it that you want to buy?","xxxx","8",,,
"Bianca_shop_buy_1","That part. It's okay.","xxxx","4",,,
"Bianca_shop_buy_2","I mean, if it works for you, go ahead.","xxxx","9",,,
"Bianca_shop_buy_3","Yeah, that was a rare find.","xxxx","6",,,
"Bianca_shop_sell_1","I'll buy that, sure.","xxxx","4",,,
"Bianca_shop_sell_2","I'll never know when I'll need it.","xxxx","7",,,
"Bianca_shop_sell_3","Better to be safe than sorry, I'll buy it.","xxxx","9",,,
"Bianca_shop_sell_rejected_1","This is garbage.","xxxx","3",,,
"Bianca_shop_sell_rejected_2","Crap, utter crap.","xxxx","3",,,
"Bianca_shop_sell_rejected_3","Why would you sell this? It's trash.","xxxx","7",,,
"Bianca_shop_too_poor_1",". . . you have no money.","xxxx","7",,,
"Bianca_shop_too_poor_2","I only deal in credits. Goodbye.","xxxx","6",,,
"Bianca_shop_too_poor_3","If you can't pay in credits, then I can't be bothered.","xxxx","11",,,
,,,,,,
"105_BIANCA_HOSPITAL",,,,,,
,,,,,,
"Bianca_hospital_health_1","Finally awake, are you? It took me 2 days to repair your circuitry. Be more careful next time.","xxxx","18",,,
"Bianca_hospital_health_2","Ah, you're finally awake. I found you beaten and broken by the side of the road. You were lucky this time.","xxxx","21",,,
"Bianca_hospital_health_3","Look who's finally awake. Your power core was damaged. It took a while, but I was able to fix it up.","xxxx","21",,,
"Bianca_hospital_health_4","(playername)! Ah, here we are. Glad to see you up and about. You were out for 2 days._Get some rest and be more careful next time.","xxxx","26",,,
"Bianca_hospital_health_5","So you're finally awake, (playername). I see your systems are up and running. I found you and brought you here. Here's my bill. You're welcome.","xxxx","25",,,
,,,"",,,
"Bianca_hospital_stamina_1","Finally awake, are you? It took me a whole day to fix you up. It looks like you ran out of power and collapsed.","xxxx","24",,,
"Bianca_hospital_stamina_2","Ah, finally awake. You overworked yourself and collapsed._Get some rest sooner next time. I don't enjoy carrying your body all the way to my shop.","xxxx","25",,,
"Bianca_hospital_stamina_3","Look who's finally awake. Your power core overheated. It took a day, but I was able to fix it up.","xxxx","20",,,
"Bianca_hospital_stamina_4","(playername)! Ah, here we are. You were out for a whole day._Next time, stop before your energy cells are dead, 'kay?","xxxx","21",,,
"Bianca_hospital_stamina_5","Ah, so you're finally awake, (playername). I found you collapsed by the side of the road. It's a good thing I was nearby and saw you.","xxxx","26",,,
,,,"",,,
"Bianca_hospital_payment_1","That'll be (credits) credits for the repair.","xxxx","7",,,
"Bianca_hospital_payment_2","And there is also the matter of my payment. That will be (credits).","xxxx","13",,,
"Bianca_hospital_payment_3","The supplies needed to fix you up weren't cheap. The total cost comes to (credits).","xxxx","15",,,
"Bianca_hospital_payment_nomoney","It doesn't look like you have enough credits. So I'll just take what you have for now.","xxxx","17",,,
,,,,,,
,,,,,,
,,,,,,
"106_POMARINE",,,,,,
,,,,,,
"Pomarine_interaction1_1","Running into people only reminds me how much I miss the quiet of the forest.","xxxx","15",,,
"Pomarine_interaction1_2","Hunting is something that few understand and even fewer have attempted.","xxxx","11",,,
"Pomarine_interaction1_3","Meat isn't simply a product of nature, but rather a living being that once breathed and roamed the earth._Although taking its life may seem brutal, it provides sustenance and allows us to survive. It's the cycle of life. It's poetry.","xxxx","40",,,
"Pomarine_interaction1_4","By the way, I am Pomarine. I know who you are, (playername). The new chef in town and the restaurant and such._Look, stay out of the way of my arrows when I'm hunting. There, I helped.","xxxx","36",,,
"Pomarine_interaction1_5","Hunting is affordable, keeps you healthy, and keeps the environment in check when regulated correctly.","xxxx","15",,,
"Pomarine_interaction1_6","I am at the library all the time. I have read almost every book in there. If you possess any brains in your head you'll read more too._And if you ever try to burn or close our library, you will find my arrows not far behind you.","xxxx","47",,,
,,,"",,,
"Pomarine_interaction2_1_intro","I want people to know what real food is. Not the stuff in the freezer, but out here in the wild._Food should have lived before it is eaten, am I right?","xxxx","31",,,
"Pomarine_interaction2_1_option_1","Yes, a steak that has seen the sun tastes better.","xxxx","10",,,
"Pomarine_interaction2_1_option_2","But . . . but all meat was once alive.","xxxx","10",,,
"Pomarine_interaction2_1_response_1","You don't hunt cows, (playername). A real hunter would know that.","xxxx","11",,,
"Pomarine_interaction2_1_response_2","Tell that to the lab grown garbage they're serving at Fast Patties!_Those burgers never breathed in the real wilderness and you can taste the difference!","xxxx","25",,,
"Pomarine_interaction2_2","Everyone should barbeque their meat. Nothing beats having flames and heat turn raw meat into a delicious meal. Nothing.","xxxx","19",,,
"Pomarine_interaction2_3","Deer, rabbit, gopher, trout, bear, bison, elk, moose . . . I've had it all and I know how to get the best cuts from each.","xxxx","26",,,
"Pomarine_interaction2_4","******","xxxx","1",,,
"Pomarine_interaction2_5","The animals I hunt are never taunted. I don't pose with them because that would be elevating myself._I thank them for being here for me and others who will live because of them. Respect is always given.","xxxx","37",,,
"Pomarine_interaction2_6","A tip, if you haven't figured this out yet. Try to lead your shots when hunting._If your target is on the move, shoot at where you think they'll be rather than where they are currently. There, I helped.","xxxx","38",,,
,,,"",,,
"Pomarine_interaction3_1_intro","I have 12 kids, (playername). I love each one dearly and they've challenged me to stay in shape._How else do you think I've been able to keep myself so young for so long?","xxxx","33",,,
"Pomarine_interaction3_1_option_1","I thought you did lots of yoga.","xxxx","7",,,
"Pomarine_interaction3_1_option_2","What answer will result in me not being hunted down?","xxxx","10",,,
"Pomarine_interaction3_1_response_1","Yoga! Ha! Yoga pales in comparison to stalking your target, waiting for them to feel safe, and then tickling them until they cry uncle!_I loved doing that when the kiddos were little.","xxxx","32",,,
"Pomarine_interaction3_1_response_2","Sometimes the best answer is no answer at all, (playername).","xxxx","10",,,
"Pomarine_interaction3_2","All of my kids have moved on with their lives. Am I sad? No!_It means I've done the parenting part damn well, now that they're out in the world doing their thing.","xxxx","32",,,
"Pomarine_interaction3_3","Having kids breaks you. It breaks you in ways you never thought possible, but it breaks you so you can become something better._If anyone disagrees, they will find themselves staring at the pointy end of an arrow.","xxxx","37",,,
"Pomarine_interaction3_4","When I down an elk or any big game, I think about my kids and how full their stomachs will be._Some are in their 40's, but you never stop being a mom.","xxxx","32",,,
"Pomarine_interaction3_5","I only collect busts for the wall of creatures who gave me the best hunt. If you want one for your restaurant, you'll just have to go and get it.","xxxx","30",,,
"Pomarine_interaction3_6","I stay away from older structures while I am hunting in the woods._You should too, not only because they are unsafe, but also because they are creepy. Even thinking about it just gives me the shivers.","xxxx","36",,,
,,,"",,,
"Pomarine_interaction4_1_intro","This is something I don't offer often, but do you want to get a taxidermy for your place?_I can take you right now to nab it.","xxxx","26",,,
"Pomarine_interaction4_1_option_1","Um . . . let me think about it first.","xxxx","10",,,
"Pomarine_interaction4_1_option_2","I'd prefer to have an artificial taxidermy. It's more humane.","xxxx","10",,,
"Pomarine_interaction4_1_response_1","That's not the attitude that'll down one of the giants of the forest!","xxxx","13",,,
"Pomarine_interaction4_1_response_2","Humane . . . is it humane to buy a bust made in a sweatshop from exploited labor? Is that humane?","xxxx","21",,,
"Pomarine_interaction4_2","I started hunting because I had to feed my kids. My husband left us a long time ago and I had to do something to keep everyone alive.","xxxx","28",,,
"Pomarine_interaction4_3","The quiet of the forest allowed me to survive. Home was filled with sound, but out there, it's just me._Being among the trees saved me and the meat it provided saved my family.","xxxx","33",,,
"Pomarine_interaction4_4","I haven't forgiven my ex for leaving us the way he did. Leaving my kids. Leaving me.","xxxx","17",,,
"Pomarine_interaction4_5","In some ways, my ex made me who I am today. A stronger person who could skin and debone him in under 20 minutes.","xxxx","24",,,
"Pomarine_interaction4_6","Your restaurant has been helpful to our small town. I'm actually impressed._I compliment sparingly, and it takes a lot of doing to earn one, so bask in my admiration. It isn't expressed all that often.","xxxx","35",,,
,,,"",,,
"Pomarine_interaction5_1_intro","May I be honest for a moment?","xxxx","7",,,
"Pomarine_interaction5_1_option_1","Pomarine, when aren't you honest?","xxxx","5",,,
"Pomarine_interaction5_1_option_2","No, you cannot.","xxxx","3",,,
"Pomarine_interaction5_1_response_1","I'm glad to see my life's policy is being seen by others._Now, I wanted to tell you that your fly is down. Pull that up before anyone else sees. There, I helped.","xxxx","32",,,
"Pomarine_interaction5_1_response_2","Oh, stop it! Hahahaha, but in all seriousness, your fly is down. Pull that up before anyone else sees. There, I helped.","xxxx","22",,,
"Pomarine_interaction5_2","You will never find peace if you don't give yourself time to be bored._Being bored allows you to take account of yourself and know who you are. So, make sure you are bored sometimes, okay?","xxxx","35",,,
"Pomarine_interaction5_3","At my age I understand that fiber is important, but I cannot stand vegetables. They're just absolutely yucky!","xxxx","18",,,
"Pomarine_interaction5_4","I have so many grandchildren. I am truly blessed to be surrounded by such love._I did the best I could as a mother and I am happy that my children could see that I tried my best.","xxxx","37",,,
"Pomarine_interaction5_5","When I die, (playername), I plan on having my remains left in the forest for the earth to take and the animals to use._Formal funerals are a scam! May the mushrooms be my casket and the trees my headstone.","xxxx","39",,,
"Pomarine_interaction5_6","Many people haven't made it as far as you have in such a short span of time._Take a moment to be impressed with yourself, okay? You're allowed that much in life.","xxxx","31",,,
,,,"",,,
"106_POMARINE_PROGRESSION",,,"",,,
,,,"",,,
"Pomarine_progression_restaurantOpen","Le Sequoia is open now? Good luck. Don't screw it up._Remember to use fresh, natural ingredients only! You don't know what they put into that packaged stuff they sell in stores . . .","xxxx","34",,,
"Pomarine_progression_luciusReview","I find the opinion of others to be rather useless._I am older than you, which is why I know when to ignore some words over others. That guy's? Praise or no, just forget about him.","xxxx","35",,,
"Pomarine_progression_bathhouseOpen","My joints thank you for getting the bathhouse up and running. I cannot wait to do a nice soak after a long day of hunting.","xxxx","25",,,
"Pomarine_progression_leSequoiaReputation","Your restaurant is getting a lot of attention. It's good to see young ones striving forward and pushing towards a goal.","xxxx","21",,,
"Pomarine_progression_teahouseReputation","Tea, it's the life blood of any society. I hear the teahouse is a place to go and enjoy some peace._I cannot wait to try! What? An old lady can't be excited sometimes?","xxxx","33",,,
"Pomarine_progression_helpfullness1","Community is built around us helping one another to survive._Your good deeds haven't gone unnoticed and I'm not the only one who's been watching.","xxxx","24",,,
"Pomarine_progression_helpfullness2","The golden rule rings pretty loud in your head, doesn't it? That's why you keep answering those calls for help. Don't change and keep being you.","xxxx","26",,,
,,,"",,,
"Pomarine_restaurantMenu_positive_1","Your menu, I find your use of fresh meat to be adequate. Good job.","xxxx","14",,,
"Pomarine_restaurantMenu_positive_2","Don't fret too much if others are not singing your praises about the menu. Personally, I love it._By the way, have you every tried a carnivorous diet? You should sometime.","xxxx","30",,,
"Pomarine_restaurantMenu_negative_1","Your menu, it stinks. Talk to me when you serve more meat. Bye.","xxxx","13",,,
"Pomarine_restaurantMenu_negative_2","Just my luck. The one good chef in town and you decide to serve veggies instead of meat._Guess I'll have to make do with cooking my own food.","xxxx","28",,,
,,,"",,,
"Pomarine_environmentConsumer_positive_1","Having the environment not be completely trashed by consumerism is important. Good on you for leading that balance._LELSH on the other hand . . . well, they are definitely tipping that balance for the worse.","xxxx","35",,,
"Pomarine_environmentConsumer_positive_2","If we lose the forest, the rivers, the seas, then where do we live? How do we thrive? Let's hope we never have to answer those questions.","xxxx","27",,,
"Pomarine_environmentConsumer_negative_1","Hunting and fishing are a fantastic way to gather natural ingredients. Just remember to do it in moderation._Nature needs time to replenish its resources.","xxxx","24",,,
"Pomarine_environmentConsumer_negative_2","I keep finding wrappers with your business name on them in the forest._If you keep making things worse around here and you'll be seeing the tip of my arrow pointed at ya.","xxxx","32",,,
,,,"",,,
"Pomarine_firstQuestComplete_1","The kids loved the baskets. They asked me how I did it and I said I got some help from a higher power. They were pretty confused, but hey, you are taller than me.","xxxx","34",,,
"Pomarine_firstQuestComplete_2","I think I'd like to craft more. Is this the first step toward the grave? Making things with feathers and pine cones?","xxxx","22",,,
"Pomarine_firstQuestComplete_3","Having a hobby that isn't hunting has been fun. I really enjoy being able to make these small baskets._Thanks, (playername) for showing a young woman like myself that there is more to life.","xxxx","33",,,
,,,"",,,
"Pomarine_secondQuestComplete_1","That hunt took it out of me. I never thought I was going to get that boar. Thought I would've died trying . . . Good thing I'm terrible at predicting futures!","xxxx","32",,,
"Pomarine_secondQuestComplete_2","I cannot believe that LELSH made The Ancient Razorback. How irresponsible of them to think they can play maker like that! Maybe I'll hunt them for a change . . .","xxxx","31",,,
"Pomarine_secondQuestComplete_3","Now that I am done hunting one of the most dangerous game out here, I might have to hunt humans now . . . I am joking . . . of course.","xxxx","32",,,
,,,,,,
,,,,,,
"106_POMARINE_INTERACT",,,,,,
,,,,,,
"Pomarine_compliment_looks","My camouflage must not be working today if you could see me.","xxxx",,,,
"Pomarine_compliment_clothing","Ha! Hahahahahaha! That's rich.","xxxx",,,,
"Pomarine_compliment_mind","Don't be fooled by my age, my brain is as sharp as the arrows I shoot.","xxxx",,,,
"Pomarine_compliment_work","I do what I do because I have to.","xxxx",,,,
"Pomarine_encouragement",". . . ","xxxx",,,,
"Pomarine_offerhelp_accept","Don't slow me down.","xxxx",,,,
"Pomarine_offerhelp_decline","I'm faster than you.","xxxx",,,,
"Pomarine_present_useful_1","Good thinking. I think this will make my next hunt more comfortable.","xxxx","12",,,
"Pomarine_present_useful_2","Ah, thank goodness. Whew, I needed this! Hey, (playername), can you help me apply this?_Hey! Why are you moving away from me?","xxxx","22",,,
"Pomarine_present_useful_3","Perfect! DOWN WITH THE SUN! (playername), you aren't so bad after all . . .","xxxx","15",,,
"Pomarine_present_valuable_1","Valuable, yet useless. (playername), you must understand, I live a simple life, free of material desires.","xxxx","16",,,
"Pomarine_present_birthday_1","Hey, you remembered! You are the best, (playername)!","xxxx","8",,,
"Pomarine_present_useless_1","I don't need that.","xxxx","4",,,
"Pomarine_present_useless_2","I appreciate the thought, but I won't be able to use this.","xxxx","12",,,
"Pomarine_present_useless_3","No no no. Why are you giving me this?_Sorry, I'm a bit irritated today. See this sunburn? It doesn't feel good. NOT AT ALL.","xxxx","24",,,
"Pomarine_gift_already_given","Thanks, but you've already given me something today.","xxxx","8",,,
"Pomarine_hug","Next time, ask first!","xxxx","4",,,
"Pomarine_hangout_decline","Sorry, I'm a bit busy today.","xxxx",,,,
"Pomarine_romantic_decline","I'm sorry. I don't feel that way about you.","xxxx",,,,
,,,,,,
,,,,,,
,,,,,,
"106_POMARINE_HUNTORIUM",,,,,,
,,,,,,
"Pomarine_shop_default_1","Welcome to Huntorium, where you'll find anything that is sharp and pointy and good for hunting.","xxxx","16",,,
"Pomarine_shop_default_2","We have bows, spears, and fishing rods. No guns, since they are used by the weak.","xxxx","16",,,
"Pomarine_shop_default_3","We carry only the finest tools for hunting game, big or small.","xxxx","12",,,
"Pomarine_shop_default_4","Here, you can get the best hunting equipment available.","xxxx","9",,,
"Pomarine_shop_default_5","Skill will never be capped by equipment, but having good equipment does help build skill.","xxxx","15",,,
"Pomarine_shop_buy_1","Ah, yes! A great design. Excellent craftsmanship.","xxxx","7",,,
"Pomarine_shop_buy_2","You'll need it where you're going.","xxxx","6",,,
"Pomarine_shop_buy_3","It'll never let you down!","xxxx","5",,,
"Pomarine_shop_sell_1","What an intriguing offer.","xxxx","4",,,
"Pomarine_shop_sell_2","I'll buy it at a high price!","xxxx","7",,,
"Pomarine_shop_sell_3","Fantastic.","xxxx","1",,,
"Pomarine_shop_sell_rejected_1","This is trash.","xxxx","3",,,
"Pomarine_shop_sell_rejected_2","Get this out of here.","xxxx","5",,,
"Pomarine_shop_sell_rejected_3","You thought I would buy this?","xxxx","6",,,
"Pomarine_shop_too_poor_1","We do pounds of flesh here, but in the animal variety, not human.","xxxx","13",,,
"Pomarine_shop_too_poor_2","You can buy it next time.","xxxx","6",,,
"Pomarine_shop_too_poor_3","We don't extend credit here, (playername).","xxxx","6",,,
,,,,,,
,,,,,,
"107_APRIL",,,,,,
,,,,,,
"April_interaction1_1","Good day to you! Such a wonderful day, isn't it?","xxxx","10",,,
"April_interaction1_2","It appears that your chakras need an alignment. I suggest checking out my crystals, they can help.","xxxx","17",,,
"April_interaction1_3","Healing can come in many forms. In my case, they come in the form of crystals.","xxxx","16",,,
"April_interaction1_4","A nice salt lamp in your home will help purify the air. Also, they are a de-light!","xxxx","17",,,
"April_interaction1_5","I see you have some interest in my crystals and wares._I have some more inventory coming in tomorrow if you want to come back and see what's new for this season.","xxxx","31",,,
"April_interaction1_6","I see in your future . . . this lovely collection of emerald crystals._Just like a room at Circuit Lodge, they can fill any space with peaceful energy and prime it for a nice slumber.","xxxx","35",,,
,,,"",,,
"April_interaction2_1_intro","Tell me, (playername) . . . what do you see in your future?","xxxx","13",,,
"April_interaction2_1_option_1","Great wealth!","xxxx","2",,,
"April_interaction2_1_option_2","Being a great chef!","xxxx","4",,,
"April_interaction2_1_response_1","Pity, another one lost to the allure of material goods. When will people ever learn?","xxxx","15",,,
"April_interaction2_1_response_2","It's not a bad goal to chase, so long as your heart remains pure. You must place the utmost importance on the food, above all else.","xxxx","26",,,
"April_interaction2_2","My shop has been my haven for over three years now. It's always been my dream to have a shop since I was a little girl.","xxxx","26",,,
"April_interaction2_3","I sell the real treasures of the Earth in the form of garnets, amethysts, and geodes._These gems are the real wonders of the planet and are also my favorite things to have around my home.","xxxx","35",,,
"April_interaction2_4","Beyond just being gorgeous and calming to look at, my crystals can ensure proper health . . . in conjunction with a doctor's visit, of course!","xxxx","26",,,
"April_interaction2_5","Yes, doctors can bandage physical wounds, but they cannot use sound to heal one's spirit or use the power of crystals to mend the heart.","xxxx","25",,,
"April_interaction2_6","There are a few people in town who I trust, first and foremost being Nabiha._She sells some of the freshest fruits and vegan products available because she understands the importance of what goes into our bodies.","xxxx","36",,,
,,,"",,,
"April_interaction3_1_intro","I truly believe that we and the earth are connected. It's why I don't wear shoes._Tell me, do you cherish the sensation of being truly grounded?","xxxx","26",,,
"April_interaction3_1_option_1","Yes, I try to get some dirt on my feet daily.","xxxx","11",,,
"April_interaction3_1_option_2","Nah, I'm good with my shoes.","xxxx","6",,,
"April_interaction3_1_response_1","Exactly! It's our lack of connection that is hurting us as a society._It's why everyone should have some lava stone around. To keep them grounded.","xxxx","25",,,
"April_interaction3_1_response_2","Mass-manufactured petroleum products have no room in my store. Though I understand that they have their uses in a kitchen.","xxxx","20",,,
"April_interaction3_2","You should get yourself some crystals. Surround yourself with opals, rose quartz, and emeralds!_Feel their energy and internalize that sensation so you can return it to your environment.","xxxx","28",,,
"April_interaction3_3","(playername), I am usually a person of peace, but if I hear one more comment about how crystals do nothing then . . . I WILL COMPLETELY LOSE IT!","xxxx","29",,,
"April_interaction3_4","When I'm on my nature walks, I tend to run into Pomarine._She is a powerful woman and I respect her for her ability to raise 12 kids, be in such good shape, and respect nature. Snaps for Pomarine!","xxxx","38",,,
"April_interaction3_5","I am a vegetarian, (playername), and while I choose to be one, I do not expect everyone to make the same choice._If only meat eaters could extend this same courtesy to everyone that isn't themselves . . . that would be nice.","xxxx","42",,,
"April_interaction3_6","One of my favorite places to go to is South Beach._The spirits there are roaring and fill everyone who visits with so much life. I love it. Check it out sometime if you want.","xxxx","34",,,
,,,"",,,
"April_interaction4_1_intro","My crystals, they sometimes take me places while I sleep. Have you noticed this as well?","xxxx","16",,,
"April_interaction4_1_option_1","Nope, but that salt rock lamp looks dope at my house.","xxxx","11",,,
"April_interaction4_1_option_2","I've noticed some . . . shadows around my house.","xxxx","10",,,
"April_interaction4_1_response_1","Hmm, maybe it's their placement in my home? Something is off.","xxxx","11",,,
"April_interaction4_1_response_2",". . . I . . . I'm glad I'm not the only one who's noticed it.","xxxx","17",,,
"April_interaction4_2","Seeing open spaces is such a luxury. I wish people would understand just how nice it is to live around here.","xxxx","21",,,
"April_interaction4_3","I am from Billboard City, where everything you see and touch is man-made and it's making the people there sick._It's why I love White Ash Harbor so much. You can still experience nature here.","xxxx","34",,,
"April_interaction4_4","What I want for my children, for my family one day . . . is to have a piece of nature to hold on to, even when the days are hard.","xxxx","31",,,
"April_interaction4_5","My future kids will never be without love and without nature._They will live in a better world than the one I knew growing up.","xxxx","24",,,
"April_interaction4_6","I need to develop the habit of polishing my crystals daily._When they're even just a bit dusty my sleep suffers. I'll fix that before bed tonight.","xxxx","26",,,
,,,"",,,
"April_interaction5_1_intro","I hope you don't mind, but I made you something, and offered it to the forest spirits.","xxxx","17",,,
"April_interaction5_1_option_1","That's very kind! Thank you!","xxxx","5",,,
"April_interaction5_1_option_2","Oh, you really . . . shouldn't have.","xxxx","8",,,
"April_interaction5_1_response_1","Of course! After everything you've done for me, I figured a likeness of the forest alter carved from jade would help cleanse your spirit.","xxxx","24",,,
"April_interaction5_1_response_2","I foresaw that you would be a little hesitant._It's your nature to be humble, but you've done a lot for me, so carving a likeness of the forest alter from jade to cleanse your spirit is the least I can do.","xxxx","41",,,
"April_interaction5_2","Pomarine may be old, but she is a kind lady and full of knowledge. I say kindness, but what I really mean is her honesty, which she dispenses liberally.","xxxx","29",,,
"April_interaction5_3","A lot of my clients are searching for something. Often, what they don't know, is that what they're looking for is already there. They just need a gentle nudge.","xxxx","29",,,
"April_interaction5_4","I just want you to know that if you ever hear from a ghost that you should never, ever, ask how they are doing._They will not stop talking and dishes will be thrown. It's a mess.","xxxx","36",,,
"April_interaction5_5","A soak at the bathhouse is just what the my astral projection needs at this moment._Soaking in its waters will give me that boost I need, even if the heat is made artifically.","xxxx","33",,,
"April_interaction5_6","I knew my vision was correct about you. I knew when I first met you that you would bring prosperity to our town and you have._I am grateful that you are here, (playername).","xxxx","33",,,
,,,"",,,
"April_interaction6_1_intro","I am going to promise you something: I will never peer into our future._I'd rather cherish the present with you and see where we land.","xxxx","25",,,
"April_interaction6_1_option_1","That's very sweet, thank you.","xxxx","5",,,
"April_interaction6_1_option_2","Could you at least . . . see some lotto numbers?","xxxx","11",,,
"April_interaction6_1_response_1","For us, I will keep the playing field level. I shouldn't know more than you when it comes to our relationship.","xxxx","21",,,
"April_interaction6_1_response_2","Hahaha! (playername)! I could never do such a thing. Also, all gambling outcomes are blocked by the powers that be for VERY obvious reasons.","xxxx","24",,,
"April_interaction6_2","I really hope when we've been together for long enough that I will never know all of you._Sure, I'll know how you like your coffee or your favorite color, but I want to keep finding things or trying to decipher pieces of you.","xxxx","43",,,
"April_interaction6_3","Last night I received a vision! Something wonderful will happen to us very soon!_I know I said I wouldn't use my gift for us, but this wasn't something I actively did._It just happened! Ahhh! I can't wait to see what it is!","xxxx","42",,,
"April_interaction6_4","The future is uncertain, even when I do my readings, because it relies on the person who is here today to make it happen._And they have to want to make it happen. I hope our future is bright, because I want it for us.","xxxx","44",,,
"April_interaction6_5","Out of all the readings I've done, there is one I will never forget._I had this young woman in front of me, I opened myself to the universe, and I saw nothing for her._I have never told anyone that before. I just hope she's okay.","xxxx","45",,,
"April_interaction6_6","I want to hold your hand until I can't anymore. It's us until we're dust and become part of the Earth once again.","xxxx","23",,,
,,,"",,,
"107_APRIL_PROGRESSION",,,"",,,
,,,"",,,
"April_progression_restaurantOpen","Ah! I forgot to mention, congrats on opening Le Sequoia! The town feels different compared to before I left.","xxxx","19",,,
"April_progression_luciusReview","I saw a darkness encroaching upon your aura. And then I saw Lucius and knew that he was the being tainting your energy!","xxxx","23",,,
"April_progression_bathhouseOpen","I CANNOT BELIEVE YOU WORKED ON THE BATHHOUSE AND DIDN'T TELL ME! My gift must be off._I can't believe I didn't see you were working on it. Whatever, I'm jumping in!","xxxx","31",,,
"April_progression_leSequoiaReputation","Your restaurant is really starting to attract attention._A lot of my clients have been telling me about it. They love it! Good work!","xxxx","23",,,
"April_progression_teahouseReputation","Not that you need to hear this from me, but the teahouse is amazing! I'm not the only one who loves it._So many clients have been talking about it. It is just divine! I always say that tea is the key to unlock our spirits.","xxxx","45",,,
"April_progression_helpfullness1","It doesn't take a psychic to see that you're a good person for doing as much as you do. Thank you.","xxxx","21",,,
"April_progression_helpfullness2","I saw you helping out our neighbors. I saw it via the power of my gift. Thank you for being a positive force in our community!","xxxx","26",,,
,,,"",,,
"April_restaurantMenu_positive_1","Your menu looks so good! MMMmmmmmm!","xxxx","6",,,
"April_restaurantMenu_positive_2","I love seeing the menu change over time. It is always so tempting!_Your focus on greens is fantastic. Delicious and healthy!","xxxx","21",,,
"April_restaurantMenu_negative_1","Your menu? It's . . . it's yours! You made it! Yay . . .","xxxx","15",,,
"April_restaurantMenu_negative_2","I cannot do this anymore, your menu does nothing for me. Sorry._All that meat . . . I get a bit queasy just thinking about it.","xxxx","26",,,
,,,"",,,
"April_environmentConsumer_positive_1","The environment is at the top of my list of things I am constantly thinking about, and you have done a great job not making a mess of it! Thanks.","xxxx","30",,,
"April_environmentConsumer_positive_2","Usually, running a business and caring for the environment don't go hand-in-hand, and yet, you have done it! Keep going!","xxxx","20",,,
"April_environmentConsumer_negative_1","I know you want to grow your restaurant (playername), but be careful how you treat this land._It is a living and breathing being, and it needs time to heal itself.","xxxx","30",,,
"April_environmentConsumer_negative_2","You have damaged the landscape in the name of consumerism! HOW DARE YOU!","xxxx","13",,,
,,,"",,,
"April_firstQuestComplete_1","I hope the greenhouse is treating you well. It's always been wonderful for me._I'm glad someone else gets to use it since I haven't had a lot of time to plant as much as I'd like.","xxxx","36",,,
"April_firstQuestComplete_2","I wonder if Regrow the Planet is needing more seeds? I'll have to check their website and see.","xxxx","18",,,
"April_firstQuestComplete_3","I like to think that my seeds are feeding someone in need, somewhere. Potatoes are such a universal food.","xxxx","19",,,
,,,"",,,
"April_secondQuestComplete_1","My new crystal ball is working wonderfully! AH! I love it so much. The picture I'm getting now is so clear._All planes of existence are open to me again, past and future. Thank you, (playername).","xxxx","35",,,
"April_secondQuestComplete_2","I wonder if the forest spirits enjoyed the tea._They always seem to criticize the way I make it even if I follow their advice from last time. Such picky spirits.","xxxx","30",,,
"April_secondQuestComplete_3","Look, I usually don't wish ill upon anyone, but I hope that boar had their cave roughed up by a rampaging human! Would serve them right!","xxxx","26",,,
,,,,,,
,,,,,,
"107_APRIL_INTERACT",,,,,,
,,,,,,
"April_compliment_looks","Thank you, I just use essential oils. All natural.","xxxx",,,,
"April_compliment_clothing","No mixed fabrics! 100% organic.","xxxx",,,,
"April_compliment_mind","Still trying to keep that mind in line, but thank you for recognizing my work.","xxxx",,,,
"April_compliment_work","I will not rest until crystals are in every home.","xxxx",,,,
"April_encouragement","Doing the right thing can be hard sometimes, thanks.","xxxx",,,,
"April_offerhelp_accept","I accept! Thanks for the help!","xxxx",,,,
"April_offerhelp_decline","I am a big girl, I can manage on my own.","xxxx",,,,
"April_present_useful_1","This is only going to help me out, thank you!","xxxx","10",,,
"April_present_useful_2","I . . . I can feel the energies within this crystal! Thank you, (playername)!","xxxx","15",,,
"April_present_useful_3","What a fantastic specimen. I will keep this one safe.","xxxx","10",,,
"April_present_valuable_1","Expensive, yet hollow. I do not feel any positive energies from this object.","xxxx","13",,,
"April_present_birthday_1","My goodness! How did you foresee that it was by birthday? Do you have the . . . 'Gift' . . . As well?","xxxx","24",,,
"April_present_useless_1","It's lovely, but it isn't for me. Thank you.","xxxx","9",,,
"April_present_useless_2","I need something with a bit more soul. A bit more . . . oomph.","xxxx","15",,,
"April_present_useless_3","Is this for me? Oh . . . thanks . . . I guess.","xxxx","14",,,
"April_gift_already_given","Thanks, but you've already given me something today.","xxxx","8",,,
"April_hug","Oh, a hug. I am okay for now, please stop.","xxxx",,,,
"April_hangout_decline","Sorry, I'm a bit busy today.","xxxx",,,,
,,,,,,
,,,,,,
"107_APRIL_APRILS_TREASURES",,,,,,
,,,,,,
"April_shop_default_1","Welcome to April's Treasures!","xxxx","4",,,
"April_shop_default_2","April's Treasures provides natural remedies to heal your problems.","xxxx","9",,,
"April_shop_default_3","Nothing is more natural than the items in this store.","xxxx","10",,,
"April_shop_default_4","I also sell souvenirs!","xxxx","4",,,
"April_shop_default_5","Everything in April's Treasures was made by the earth.","xxxx","9",,,
"April_shop_buy_1","It's organic!","xxxx","2",,,
"April_shop_buy_2","This will help soothe your body.","xxxx","6",,,
"April_shop_buy_3","That'll keep your energies aligned.","xxxx","5",,,
"April_shop_sell_1","That's organic?! I'll buy it!","xxxx","5",,,
"April_shop_sell_2","You got what?! I'll take it.","xxxx","6",,,
"April_shop_sell_3","You can't find this anywhere! Please let me buy it.","xxxx","10",,,
"April_shop_sell_rejected_1","This is not organic.","xxxx","4",,,
"April_shop_sell_rejected_2","This is not natural. No thanks.","xxxx","6",,,
"April_shop_sell_rejected_3","I cannot in good conscience buy this item.","xxxx","8",,,
"April_shop_too_poor_1","I sell stones, but stones aren't accepted at the grocery store.","xxxx","11",,,
"April_shop_too_poor_2","You need to have credits to buy this, sorry! Capitalist society and all!","xxxx","13",,,
"April_shop_too_poor_3","I truly believe that you will have money one day. Just not today.","xxxx","13",,,
,,,"",,,
,,,"",,,
"108_NACIM",,,"",,,
,,,"",,,
"Nacim_interaction1_1","Ah, pleasure to see you again, my friend. Have you seen my daughter, Aminata?_She can be a little monster sometimes, always running around and getting into trouble.","xxxx","27",,,
"Nacim_interaction1_2","Being a parent is not a full-time job. It's a full-time job with way too much overtime and no lunch break.","xxxx","21",,,
"Nacim_interaction1_3","The other day, my oldest lost her teddy. A zombie apocalypse would have been easier to survive . . .","xxxx","20",,,
"Nacim_interaction1_4","My afternoon has been a whirlwind of getting kids to nap, bringing kids to practices, and meal prepping for the week.","xxxx","21",,,
"Nacim_interaction1_5","Everyone needs a hobby and mine's gaming._When the kids are asleep I tend to play waaaaaay into the night. I should sleep more. Haha, nah.","xxxx","25",,,
"Nacim_interaction1_6","Hasel's boba shop is one of the funnest places to visit in town._If you haven't gone yet, I highly recommend it. She makes so many fun new drinks. Go when you can.","xxxx","32",,,
,,,"",,,
"Nacim_interaction2_1_intro","(playername), here's an important question: Do you like video games?_I've played Brim Fantastico, Dim Spirits, Time Loss DEMON 7, Indiana Highway 9, and Fast Light Tumbler._What games have you played lately?","xxxx","31",,,
"Nacim_interaction2_1_option_1","I've been wanting to check out Pilot: Conflict Earth.","xxxx","9",,,
"Nacim_interaction2_1_option_2","I haven't had the time to even think about gaming.","xxxx","10",,,
"Nacim_interaction2_1_response_1","I'm not the biggest fan of western games. They're often too short and stifled. They don't say enough._Now, Japanese games and indie titles, that's where the magic happens.","xxxx","28",,,
"Nacim_interaction2_1_response_2","You should! Gaming is so much fun! I love long games that take weeks to complete because I just love getting lost in a fantasy world.","xxxx","26",,,
"Nacim_interaction2_2","Gaming is the one vice I allow myself._When I was younger, I drank and did all that stuff that young people do. Now? Gaming is it.","xxxx","26",,,
"Nacim_interaction2_3","One of my favorite things to do with my kids is craft._Besides gaming, making things by hand with my kids always brings a smile to my face. It's so much fun. Sea shells are great for it.","xxxx","37",,,
"Nacim_interaction2_4","I should be going to bed at 10 PM, but when I'm deep into a questline I find 2 AM is when I pass out.","xxxx","25",,,
"Nacim_interaction2_5","Should I get more sleep? Sure, but . . . I need some time for myself once the kids are in bed. I'll sleep more later.","xxxx","26",,,
"Nacim_interaction2_6","You've been keeping yourself busy. I see you getting things done at Le Sequoia. I can't wait to have some food there myself.","xxxx","23",,,
,,,"",,,
"Nacim_interaction3_1_intro","Here's a point blank question: You want kids one day?","xxxx","10",,,
"Nacim_interaction3_1_option_1","One day, yes.","xxxx","3",,,
"Nacim_interaction3_1_option_2","No, don't have the time for them.","xxxx","7",,,
"Nacim_interaction3_1_response_1","I don't say people should have children, but if you are going to have them, know there is no going back._You, as a person, will need to change, and you need to remember that in order to survive what's coming.","xxxx","40",,,
"Nacim_interaction3_1_response_2","If your life isn't made for kids, then great! We don't need any more terrible parents, we have enough of them these days. Haha!","xxxx","24",,,
"Nacim_interaction3_2","Children are a joy, but they will challenge you. You can't be the same person after they arrive._You have to evolve. If you don't change, then you will join the ranks of terrible parents.","xxxx","34",,,
"Nacim_interaction3_3","I am tired most days, (playername). But I wouldn't change this life for anything else. A life without my Adelaide and Aminata isn't worth living.","xxxx","25",,,
"Nacim_interaction3_4","I like making small buildings and knights for my kids. Aminata likes taking them and leaving them outside for nature to play with._She'll watch from our windows as birds land and flutter around her villages. It's lovely.","xxxx","37",,,
"Nacim_interaction3_5","Why become a parent if it's hard as hell?_. . . Because even when you're done, tired, and just plain cooked, you get invited to your bedroom that is now a cafe where you have lively conversations with dolls._And that's just wonderful.","xxxx","42",,,
"Nacim_interaction3_6","If you haven't been already, I recommend you go to the library in town._It's quiet, safe, and the perfect spot to take a nap . . . Not that I know anything about that, haha!","xxxx","35",,,
,,,"",,,
"Nacim_interaction4_1_intro","Having kids is a lot of fun and work, but if you have a partner it makes things easier . . ._May . . . may I tell you about Allison?","xxxx","31",,,
"Nacim_interaction4_1_option_1","Of course.","xxxx","2",,,
"Nacim_interaction4_1_option_2","I really have to go.","xxxx","5",,,
"Nacim_interaction4_1_response_1","Thank you, I . . . I haven't talked to anyone about her._Since Robin's been born and I've needed to keep up with Aminata's needs, that's something I haven't have time for.","xxxx","32",,,
"Nacim_interaction4_1_response_2","Oh, yeah, sure. Have a great day.","xxxx","7",,,
"Nacim_interaction4_2","Allison was the best. Just simply the best. She wasn't perfect, none of us are, but to me she was the best friend and partner I loved having._Allison died a few months after Robin was born. I'm okay, I'm okay.","xxxx","40",,,
"Nacim_interaction4_3","I need to go see a therapist though. Grief is a terrible thing to deal with on your own, especially when you have to raise two kids._Keeping your own emotional needs in mind is hard.","xxxx","35",,,
"Nacim_interaction4_4","I can't let my kids see the grief inside of me._I don't blame Allison either, she wasn't in full control of herself . . . and I didn't see it. I thought she was just tired.","xxxx","36",,,
"Nacim_interaction4_5","Allison was a light in this world and our lanterns burn brighter because we knew her._I miss her every day and I wish she could be here to see how amazing of a big sister Aminata is to Robin.","xxxx","39",,,
"Nacim_interaction4_6","I take my kids to the beach when the weather is right. It's one of our favorite spots. Lots of good memories there.","xxxx","23",,,
,,,"",,,
"Nacim_interaction5_1_intro","I was reading this book last night and found myself wondering, do I read books because I actually enjoy it?_Or just because I feel the need to read a book. You know?","xxxx","32",,,
"Nacim_interaction5_1_option_1","Sometimes our hobbies change and that's okay.","xxxx","7",,,
"Nacim_interaction5_1_option_2","Maybe you need a different book?","xxxx","6",,,
"Nacim_interaction5_1_response_1","Isn't it strange? When the things we liked doing for so long just don't make sense suddenly?","xxxx","17",,,
"Nacim_interaction5_1_response_2","Yeah, that's probably it.","xxxx","4",,,
"Nacim_interaction5_2","I've been trying to figure out why my reading has been dropping off, and I think it's because it was something I did with Allison._Now that it's just me, I'd rather play a game or watch a show. Is it strange that I feel guilty?","xxxx","45",,,
"Nacim_interaction5_3","I'll never forget when I took Aminata to the playground when she was an only child._There was a kid there that tried to push her out of the way of the slide, and by out of the way, I mean over the edge._Kids are mini sociopaths.","xxxx","46",,,
"Nacim_interaction5_4","Prisca has done a lot for me. When I first lost Allison, she made sure I got free daycare until Aminata could go to school._It was very much needed since daycare could've easily eaten through my entire paycheck.","xxxx","38",,,
"Nacim_interaction5_5","I'm just wondering what the hell it is going to take for me to get past this one level in The Fires of Eternity._The boss is impossible! I've died . . . SO MANY TIMES! Ugh! But I love that game. Can't get enough of it.","xxxx","46",,,
"Nacim_interaction5_6","One of the things about kids is that they always try to show you their love whenever they see you struggling._My girls snuggle me any chance they can, but when I'm feeling down, they just dig in deeper. Helps so much, every time.","xxxx","43",,,
,,,"",,,
"Nacim_interaction6_1_intro","We are going to get you a console and you are going to get into some games!_That is, if you want to. I mean, it's your decision.","xxxx","27",,,
"Nacim_interaction6_1_option_1","I already have my own, my dude.","xxxx","7",,,
"Nacim_interaction6_1_option_2","Sounds intriguing, sure!","xxxx","3",,,
"Nacim_interaction6_1_response_1","AH! Yesssss! We are going to have some many fun nights of adventure and not looking directly at one another for hours! I can't wait!","xxxx","25",,,
"Nacim_interaction6_1_response_2","I'll get ya set up and we'll ease into this whole thing. If you don't dig it, then I'm sure Aminata will take it over in a few weeks anyway. Haha!","xxxx","31",,,
"Nacim_interaction6_2","I haven't felt this relaxed in. . . forever, it feels like. I never thought I'd feel this way again.","xxxx","20",,,
"Nacim_interaction6_3","I'm not trying to live in the past, but when Allison died, I never thought I would be in position to ever feel alive again._I know that sounds dark, but you've brought some light into my life. I am grateful we're together.","xxxx","42",,,
"Nacim_interaction6_4","I know the girls are excited for us when I wake up to them jumping on my bed asking when you are coming over?!_Ha! They're a rowdy bunch, but they're also a good bunch.","xxxx","34",,,
"Nacim_interaction6_5","Today was a tough one. Allison is still inside my heart, but you are making room in there too._It . . . it brings a lot of guilt and love to the surface. Conflicted is the word I'm looking for, but I'd rather have this than nothing at all.","xxxx","49",,,
"Nacim_interaction6_6","(playername), I love you, but I am trying really hard to get us through the next phase of this boss fight._I'm racking my brain for ideas, but with the power of our love together, I'm sure I'll figure out the meta we need for it.","xxxx","45",,,
,,,"",,,
"108_NACIM_PROGRESSION",,,"",,,
,,,"",,,
"Nacim_progression_restaurantOpen","Time has flown by! Congrats on the restaurant being open! It's nice to see all your hard work paying off.","xxxx","20",,,
"Nacim_progression_luciusReview","Being a parent has made me a wiser person, I think._One thing to learn is that not everyone will like you. It doesn't matter, because there are other people that will always have your back","xxxx","35",,,
"Nacim_progression_bathhouseOpen","I can't believe it, you worked on the bathhouse too?! Man, folks without kids really do have all the time in the world, hahahaha!_Well done, (playername). You should be proud of yourself, but please, take it easy at some point, eh?","xxxx","41",,,
"Nacim_progression_leSequoiaReputation","I've been hearing a lot of chatter with folks checking in about Le Sequoia and it's good chatter too! Keep doing your thing, (playername). It's working.","xxxx","26",,,
"Nacim_progression_teahouseReputation","That teahouse of yours is getting a lot of folks from far and wide checking in._Between the bathhouse and Le Sequoia, it's feeling like White Ash Harbor is something more than a fishing town.","xxxx","34",,,
"Nacim_progression_helpfullness1","Yo, I've been seeing you running around here like a rabbit helping people. Keep it up! Clearly people need it.","xxxx","20",,,
"Nacim_progression_helpfullness2","I don't know where you are getting the energy from to do all of those bulletin board posts!_I can barely get my shoes on without needing a nap!","xxxx","28",,,
,,,"",,,
"Nacim_restaurantMenu_positive_1","When I get some free time, I'll try out the selection at your place I've been hearing so much about._For me, nothing beats a croissant in the morning.","xxxx","28",,,
"Nacim_restaurantMenu_positive_2","Seeing all those pastries on your menu, it's got my mind spinning. I need to have some of that food, and the sooner the better!","xxxx","25",,,
"Nacim_restaurantMenu_negative_1","Eh, I dunno if I'm down with the food on your menu. Doesn't jive with me._I'm a pastry man, in case you are wondering.","xxxx","24",,,
"Nacim_restaurantMenu_negative_2","Not really into that menu filled with all those drinks, but someone else probably is, so good for them.","xxxx","19",,,
,,,"",,,
"Nacim_environmentConsumer_positive_1","The local environment is a resource that I treasure because I want my kids to have what I had growing up._Thanks for not burning it all for the sake of a paycheck.","xxxx","32",,,
"Nacim_environmentConsumer_positive_2","Don't think I haven't seen what you're doing here._I am glad you've been making active choices to help out the rest of us by not polluting our town.","xxxx","28",,,
"Nacim_environmentConsumer_negative_1","Man, I know you got to make a living, but could you please try not damaging the landscape to make it?","xxxx","21",,,
"Nacim_environmentConsumer_negative_2","Do you see that you are actively harming our town?_You really should get your head set straight, because if you make this place a pit for my kids, I'm going to bop you.","xxxx","33",,,
,,,"",,,
"Nacim_firstQuestComplete_1","Getting that cake made for Aminata was pure magic. She loved it and it made her party! Thanks again, (playername).","xxxx","20",,,
"Nacim_firstQuestComplete_2","Allison was the one who baked. I tried, but the best I can do a box cake and that's usually for the fun of it and breakfast. Ha ha!","xxxx","29",,,
"Nacim_firstQuestComplete_3","Now, one problem: Aminata wants that cake . . . every day! She might come up and bother you sometimes for it, so be prepared.","xxxx","25",,,
,,,"",,,
"Nacim_secondQuestComplete_1","Sorry for before. I know I said thank you, but I was caught up in the moment and couldn't do words then._What you did was huge for me and my girls. Thank you so much for that. It is something I will never forget.","xxxx","44",,,
"Nacim_secondQuestComplete_2",###############################################################################################################################################################################################################################################################,"xxxx","49",,,
"Nacim_secondQuestComplete_3","The photobook and objects have their own shelf in the living room._The girls can access it at anytime. It's something I never thought I would have done, but since I accepted help, it is done. Thank you again, seriously.","xxxx","39",,,
,,,,,,
,,,,,,
"108_NACIM_INTERACT",,,,,,
,,,,,,
"Nacim_compliment_looks","Uhh, I got hairbands in my hair. I guess it's a look.","xxxx",,,,
"Nacim_compliment_clothing","This shirt is on its third day of duty, but thanks.","xxxx",,,,
"Nacim_compliment_mind","I'm surprised there's even a thought left in this walnut after the miniscule amount of sleep I've gotten.","xxxx",,,,
"Nacim_compliment_work","The kids area of my house is a reflection of my effort, and today it's sitting at about a 5/10. Haha.","xxxx",,,,
"Nacim_encouragement","There are days, thanks.","xxxx",,,,
"Nacim_offerhelp_accept","Hand me that, will you?","xxxx",,,,
"Nacim_offerhelp_decline","I've changed enough dirty diapers in my time. I got this.","xxxx",,,,
"Nacim_present_useful_1","Heeyyy, would you look at that? Thanks.","xxxx","7",,,
"Nacim_present_useful_2","Perfect for my crafts day with my girls. Thanks, (playername).","xxxx","10",,,
"Nacim_present_useful_3","Wow! You found this? What a nice shell! This will be great for Aminata's art project.","xxxx","16",,,
"Nacim_present_valuable_1","Woah this looks valuable (playername)! I'm not sure what to do with this though . . .","xxxx","17",,,
"Nacim_present_birthday_1","Awww, you remembered my birthday, (playername)! I will enjoy this with my kids.","xxxx","13",,,
"Nacim_present_useless_1","I am not able to use that at all during this current stage in my life.","xxxx","16",,,
"Nacim_present_useless_2","Thanks, but I'm not sure what to do with this.","xxxx","10",,,
"Nacim_present_useless_3","Uhh, is this for me? Is this for Aminata? Who is this for?","xxxx","13",,,
"Nacim_gift_already_given","Thanks, but you've already given me something today.","xxxx","8",,,
"Nacim_hug","That's surprising. I hope it helped you?","xxxx",,,,
"Nacim_hangout_decline","Sorry, I'm a bit busy today.","xxxx",,,,
,,,,,,
,,,,,,
"109_ANNA_MAY",,,,,,
,,,,,,
"AnnaMay_interaction1_1",". . . hi.","xxxx","4",,,
"AnnaMay_interaction1_2","Oh, hi again. Hope you're having a good day.","xxxx","9",,,
"AnnaMay_interaction1_3","You're new here, right? I know most of the people in White Ash Harbor, so you stick out like a rotten potato._. . . Not that you're rotten, but you're definitely noticeable. Take it easy.","xxxx","35",,,
"AnnaMay_interaction1_4","I am Anna-May, dunno why I didn't say that last time. My family owns Takashi Farms and we grow lots of crops._Some organic, some industrial-sized, you know, varied amounts.","xxxx","29",,,
"AnnaMay_interaction1_5","So, you're the new owner of the Sequoia? . . . Don't get creeped out, it's a small town, so word gets around pretty fast about anything new.","xxxx","28",,,
"AnnaMay_interaction1_6","White Ash Harbor is a small town, so the nightlife here isn't the best, but I would recommend Bea's Bar._It's pretty noticeable, but it's also one of the only places in town for late night fun. Take that as you will.","xxxx","41",,,
,,,"",,,
"AnnaMay_interaction2_1_intro","What are your thoughts of White Ash Harbor so far?","xxxx","10",,,
"AnnaMay_interaction2_1_option_1","It's a cute small town.","xxxx","5",,,
"AnnaMay_interaction2_1_option_2","I miss hustle and bustle of Billboard City.","xxxx","8",,,
"AnnaMay_interaction2_1_response_1","Small doesn't begin to describe this town.","xxxx","7",,,
"AnnaMay_interaction2_1_response_2","You're from Billboard City and you decided to come here? To this tiny town by the sea, so far from the big city?","xxxx","23",,,
"AnnaMay_interaction2_2","I couldn't imagine leaving such a place like Billboard City to come here. I mean, what an odd thing to do. You sure you're okay in the head?","xxxx","28",,,
"AnnaMay_interaction2_3","The culture in White Ash Harbor is stale, to put it kindly._No art scene at all, and making connections into that world is difficult even when you're in the right place for it. Here? Impossible.","xxxx","35",,,
"AnnaMay_interaction2_4","My sister, May-Lou, loves this place, and I do too, but I just . . . it's not filling my cup anymore.","xxxx","22",,,
"AnnaMay_interaction2_5","It's hard to think that for a lot of people here, this is it for them, and they're just . . . okay with that. I wish I could think like that too.","xxxx","33",,,
"AnnaMay_interaction2_6","I think I am going to do a public art piece involving the payphones._They are such a relic of the past that somehow has survived until now. I find them just fascinating.","xxxx","32",,,
,,,"",,,
"AnnaMay_interaction3_1_intro","Do you feel the weight of the Sequoia's legacy around your neck at all?_I heard was a lively spot back in the day.","xxxx","23",,,
"AnnaMay_interaction3_1_option_1","Every. Day. They are big shoes to fill.","xxxx","8",,,
"AnnaMay_interaction3_1_option_2","No. I know Chef Casteau believes in me.","xxxx","8",,,
"AnnaMay_interaction3_1_response_1","One rule when it comes to legacy: it doesn't have to keep going. It just hurts if you're the one who ends it.","xxxx","23",,,
"AnnaMay_interaction3_1_response_2","Making it your own . . . but you at least have an interest in the work to be done. Enough that you're going to make it your own. Must be nice to be that free.","xxxx","36",,,
"AnnaMay_interaction3_2","You went to cooking school, right? Like, you chose your profession. It wasn't handed down to each generation whether they liked it or not. You got a choice.","xxxx","28",,,
"AnnaMay_interaction3_3","When I was a kid, I loved helping my parents out in the fields. I loved doing those mundane daily tasks and keeping the farm going._I hope that they know that I will always cherish that time we had together.","xxxx","40",,,
"AnnaMay_interaction3_4","I like to watch the horror movies that Valentina screens at the library because not only are they fun but they're also inspiring for some reason.","xxxx","26",,,
"AnnaMay_interaction3_5","I want Takashi Farms to thrive, but . . . I just want it to be able to thrive without me.","xxxx","21",,,
"AnnaMay_interaction3_6","A place I always loved visiting when I needed some alone time was and always will be the library._It's a fantastic space that gives me what I need: air that doesn't smell like compost.","xxxx","34",,,
,,,"",,,
"AnnaMay_interaction4_1_intro","You know what I really want out of life? To make art and make a living off of it.","xxxx","19",,,
"AnnaMay_interaction4_1_option_1","Why not go for it then?","xxxx","6",,,
"AnnaMay_interaction4_1_option_2","You can still make art in your free time.","xxxx","9",,,
"AnnaMay_interaction4_1_response_1","My parents have ingrained in me that this farm will care for me long after they are gone. Makes it hard to walk away from it.","xxxx","26",,,
"AnnaMay_interaction4_1_response_2","No half measures, (playername). If I don't treat my art as a serious profession, it will never grow.","xxxx","18",,,
"AnnaMay_interaction4_2","I have always loved creating art. I often use the animals around the farm as inspiration for many of my pieces._Its just, making a living from it is hard. If I don't go for it, if I don't go now, I will forever wonder . . . what could have been?","xxxx","51",,,
"AnnaMay_interaction4_3","I do not want to end up like some of the people here. Trapped in a life I never truly wanted.","xxxx","21",,,
"AnnaMay_interaction4_4","I love my family, but it's been difficult for them to understand just why I want to do art as a venture._'It's hard', they say. So is harvesting an entire field of crops!","xxxx","33",,,
"AnnaMay_interaction4_5","I have made some connections in Billboard City from the art shows I've done here in town._Maybe . . . maybe I should go for it. May-Lou gets why I should do it and that's good enough for me!","xxxx","39",,,
"AnnaMay_interaction4_6","When I'm a big time artist in Billboard City, there is one place I know I will miss, and that's the wharf._It's a bit of a contradiction because I don't really like the beach, but I love the way the wood planks creak under my shoes at the wharf.","xxxx","49",,,
,,,"",,,
"AnnaMay_interaction5_1_intro","Tell me, (playername), do you game at all?","xxxx","8",,,
"AnnaMay_interaction5_1_option_1","I like being out in nature when I have the time.","xxxx","11",,,
"AnnaMay_interaction5_1_option_2","I love games, but have been busy lately.","xxxx","8",,,
"AnnaMay_interaction5_1_response_1","Nature's great, but it doesn't help me relax._I love video games because I take what didn't work out today and I pretend to pulverize it into a fine dust during a Cyber Fighter 8 play session._Instant stress relief.","xxxx","38",,,
"AnnaMay_interaction5_1_response_2","It can be hard to find time for your hobbies, but you should find the time! They are so important for stress management.","xxxx","23",,,
"AnnaMay_interaction5_2","I dunno if this is true for you, but when I am painting, I feel lost in my work._Not that I am directionless, more like nothing else matters around me when I am in front of that canvas or drawing pad.","xxxx","41",,,
"AnnaMay_interaction5_3","I'll never forget when I was little and I pulled this carrot from the ground and the carrot looked like a face!_May-Lou teased me, saying that it was what I'd look like when I get old! Jokes on her, we're twins. She's gonna go all wrinkly with me!","xxxx","48",,,
"AnnaMay_interaction5_4","I have been selling some pieces lately! Seeing people really connect with my work has been such a boost._It . . . it shows that I'm worth it. I'm worth trying this new thing out.","xxxx","35",,,
"AnnaMay_interaction5_5","You probably know this, but doing something on your own is scary._Everyone's raving about your restaurant now, but when you first got here, I'm sure you felt shaky._Maybe you still do? I don't think that feeling ever really goes away.","xxxx","40",,,
"AnnaMay_interaction5_6","I really admire the amount of courage you had to come here and re-open Le Sequoia._It takes grit to go after something as hard as you have even though it might not pan out. You're pretty inspo, (playername).","xxxx","38",,,
,,,"",,,
"AnnaMay_interaction6_1_intro","Look, I really like you, a lot, but . . ._. . . But I am never going to ask your opinion on an art piece I am making.","xxxx","29",,,
"AnnaMay_interaction6_1_option_1","I get it!","xxxx","3",,,
"AnnaMay_interaction6_1_option_2","Why not? I got eyes.","xxxx","5",,,
"AnnaMay_interaction6_1_response_1","Exactly, I won't expect you to ask me to give you notes on a dish you're trying out._I might hate it, but it might be a big hit with everyone else. And if you'd taken my comment to heart, you'd never know. Same goes for my art.","xxxx","47",,,
"AnnaMay_interaction6_1_response_2","And I got a mouth, but that doesn't mean I'll like everything you make in the kitchen and that might derail any chance of a cool dish being made._I respect you, but your eyes probably won't understand what I've painted on my canvas.","xxxx","43",,,
"AnnaMay_interaction6_2","We're both professionals, and I will respect your work as much as you respect mine._But let's both remember to relax with one another still, okay? Good.","xxxx","26",,,
"AnnaMay_interaction6_3","Since we've been together, my mind has been able to find new material I never knew I had waiting inside. You make me my best me.","xxxx","26",,,
"AnnaMay_interaction6_4","I have had relationships in the past, but this . . . us . . . it feels different. It doesn't feel like it's going to end in three months or something._I feel like it will grow and keep on growing. I love that idea.","xxxx","45",,,
"AnnaMay_interaction6_5","Hey, I love you.","xxxx","4",,,
"AnnaMay_interaction6_6","You and I will go places. I just know it. And I cannot wait for the adventure we will be taking together, my love.","xxxx","24",,,
,,,"",,,
"109_ANNAMAY_PROGRESSION",,,"",,,
,,,"",,,
"AnnaMay_progression_restaurantOpen","How cool is it now that Le Sequoia is open? People are filling the seats. Eating your food. It's gotta be a blast! Good luck!","xxxx","25",,,
"AnnaMay_progression_luciusReview","In the art world, critics are everywhere, because a lot of them were artists who couldn't make it_They're bitter beans, (playername). I'm still working on this myself, but try not to give them too much space in your mind.","xxxx","39",,,
"AnnaMay_progression_bathhouseOpen","Oh my god, you helped get the bathhouse reopened?! How, what . . . I mean, that's amazing!_It's such a gorgeous piece of architecture and a piece of history here in White Ash. So cool!","xxxx","35",,,
"AnnaMay_progression_leSequoiaReputation","I've been hearing from patrons at the stall that Le Sequoia is super good. People are finding you! That's awesome!","xxxx","20",,,
"AnnaMay_progression_teahouseReputation","The teahouse is a favorite spot of mine, but I'm not alone, a lot of people chat about it. It's very popular.","xxxx","22",,,
"AnnaMay_progression_helpfullness1","You may be new, but you're doing more for this town than most people who have lived here since day one. Keep it up.","xxxx","24",,,
"AnnaMay_progression_helpfullness2","(playername), I just wanted you to know that the good you are doing echoes out from you._It will bounce around and inspire others. I should know, I'm one of them.","xxxx","30",,,
,,,"",,,
"AnnaMay_restaurantMenu_positive_1","Your menu has a lot of what I love. I cannot wait to eat at Le Sequoia!","xxxx","17",,,
"AnnaMay_restaurantMenu_positive_2","I ate there the other day and wow! The menu has dishes on it I've never even seen before! So cool!","xxxx","21",,,
"AnnaMay_restaurantMenu_negative_1","I dunno about your menu. It's okay, I guess.","xxxx","9",,,
"AnnaMay_restaurantMenu_negative_2","No offense, but no thanks. The food on your menu doesn't look good to me.","xxxx","15",,,
,,,"",,,
"AnnaMay_environmentConsumer_positive_1","Way to keep your ventures growing without trashing our environment! As a farmer, artist, and resident here, believe me when I say we all appreciate it.","xxxx","26",,,
"AnnaMay_environmentConsumer_positive_2","You've done a lot for us by not making consumerism your top priority. Being a conscientious business owner will net you more love than anything else.","xxxx","26",,,
"AnnaMay_environmentConsumer_negative_1","The impact of LELSH here has been growing. I have to admit, they put out some cool gadgets here and there._Just don't turn into one of them, (playername). I will be . . . very upset . . . if you did that.","xxxx","43",,,
"AnnaMay_environmentConsumer_negative_2","Our local environment is on the brink of failure, thanks to you!_I will never be able to make art if you kill my family's business with all this waste that's being made.","xxxx","32",,,
,,,"",,,
"AnnaMay_firstQuestComplete_1","With these colors, I'll rule the world! Muhahahahaha! I've always wanted to do that._Thank you for not judging me, at least not out loud.","xxxx","24",,,
"AnnaMay_firstQuestComplete_2","I've been thinking about branching into murals at some point._The only problem is, I can't load spray cans by myself, and buying them would be very costly. Oils it is for a while.","xxxx","33",,,
"AnnaMay_firstQuestComplete_3","Once I get some more patrons, I know I'll be on the right track towards being a successful artist! Thanks for the help again.","xxxx","24",,,
,,,"",,,
"AnnaMay_secondQuestComplete_1","My patron loved the piece I made for them with the paint you made for me! Ahhhh! It's happening!","xxxx","19",,,
"AnnaMay_secondQuestComplete_2","I hope that Macman arcade cabinet is working out for you. I like the aesthetics of retro games, but not necessarily the gameplay itself.","xxxx","24",,,
"AnnaMay_secondQuestComplete_3","Since I made that commission, I have had a few more potential patrons reach out to me! AHHHHHHH! So cool!","xxxx","20",,,
,,,,,,
,,,,,,
"109_ANNA_MAY_INTERACT",,,,,,
,,,,,,
"AnnaMay_compliment_looks","My dye needs some work, but I guess I'll take it.","xxxx",,,,
"AnnaMay_compliment_clothing","There's a small boutique in town run by Milo. Great threads.","xxxx",,,,
"AnnaMay_compliment_mind","My brain just works, I can't control it sometimes, but it makes cool art.","xxxx",,,,
"AnnaMay_compliment_work","Which work? My brush or the bok choy?","xxxx",,,,
"AnnaMay_encouragement","Every bit of encouragement helps, so thanks.","xxxx",,,,
"AnnaMay_offerhelp_accept","Grab this and thanks.","xxxx",,,,
"AnnaMay_offerhelp_decline","I'm a daughter of a farmer, I got it.","xxxx",,,,
"AnnaMay_present_useful_1","I've been looking for one of these, thanks.","xxxx","8",,,
"AnnaMay_present_useful_2","This will be great for my next sculpture, thanks. (playername), you aren't so bad.","xxxx","14",,,
"AnnaMay_present_useful_3","Hmmmmm, yes . . . Oh yeah . . . This is a great piece. I'll take that then. Thank you.","xxxx","21",,,
"AnnaMay_present_valuable_1","I don't need this, but I guess I can sell this.","xxxx","11",,,
"AnnaMay_present_birthday_1","Ah, what a perfect birthday gift! I can definitely use this in my art.","xxxx","14",,,
"AnnaMay_present_useless_1","Ehhhhhh, I'm good.","xxxx","3",,,
"AnnaMay_present_useless_2","There is no artistic value, no artistic potential to this object.","xxxx","11",,,
"AnnaMay_present_useless_3","This looks kinda dull.","xxxx","4",,,
"AnnaMay_gift_already_given","No thank you, you gave me one already.","xxxx","8",,,
"AnnaMay_hug","I'm really okay with you asking if I want a hug in the future.","xxxx",,,,
"AnnaMay_hangout_decline","Sorry, I'm a bit busy today.","xxxx",,,,
,,,,,,
,,,,,,
"110_MAE_LOU",,,,,,
,,,,,,
"MaeLou_interaction1_1","I'm still a little worried about giving you that scythe. Show me your toes . . . actually, that's a weird ask._I'm sure you still have all eight of them, just like me. Haha!","xxxx","34",,,
"MaeLou_interaction1_2","Everything we grow on our farm gets used. Even the oddly shaped veggies are donated to food pantries. No waste here!","xxxx","21",,,
"MaeLou_interaction1_3","You ever suddenly need a mint? Because I do.","xxxx","9",,,
"MaeLou_interaction1_4","Rainy days are the best when you don't need to work in a field, let me tell you.","xxxx","18",,,
"MaeLou_interaction1_5","I wish I had some coffee right now. It would pair well with the vibe.","xxxx","15",,,
"MaeLou_interaction1_6","Being right next to Nabiha's booth is both inspiring and frightening._She has some of the best fruit you can find, and I don't think our farm will ever be able to match it.","xxxx","33",,,
,,,"",,,
"MaeLou_interaction2_1_intro","Hi, (playername). How are you handling running a restaurant all by yourself?","xxxx","12",,,
"MaeLou_interaction2_1_option_1","My culinary training has prepared me for this!","xxxx","8",,,
"MaeLou_interaction2_1_option_2","It's been a struggle. I don't know what to do.","xxxx","10",,,
"MaeLou_interaction2_1_response_1","That's great to hear! I can't wait to see Le Sequoia flourish._I hope our farm's fresh veggies will help out with that!","xxxx","22",,,
"MaeLou_interaction2_1_response_2","Running a business is hard, but I think you will learn the ins and outs soon enough._If you are ever in need, be sure to ask the folks in town for help and guidance.","xxxx","34",,,
"MaeLou_interaction2_2","Le Sequoia was a really beloved place in town._Knowing that it's back in any form has made waves, so don't be too shocked when people at least know of you.","xxxx","30",,,
"MaeLou_interaction2_3","Being a farmer means I have to start my day before the sun rises._Coffee is a need, not a want, because if I don't get it then everyone will starve. Haha!","xxxx","31",,,
"MaeLou_interaction2_4","Do you know if the last match between Team Pots 'n' Pans and Team Wind is still going on?_My stream is buffering for some reason and this being the finals, I don't want to miss it!","xxxx","36",,,
"MaeLou_interaction2_5","Oh, you're still okay with talking to me? Glad I didn't scare you off!_It's just, I have very few things in life that I care about. Finding amazing food and e-sports are two of them.","xxxx","35",,,
"MaeLou_interaction2_6","I've been trying to get the library to upgrade their tech so I can hold tournaments for fighting games!_Funds are always tight, but I think it'll happen one day. Maybe.","xxxx","30",,,
,,,"",,,
"MaeLou_interaction3_1_intro","What's going through your head when you're making a dish?","xxxx","10",,,
"MaeLou_interaction3_1_option_1","The ding of the next ticket, and a finished dish.","xxxx","10",,,
"MaeLou_interaction3_1_option_2","How many ingredients do I have left?","xxxx","7",,,
"MaeLou_interaction3_1_response_1","You just blank out and make everything from muscle memory and instinct?_Wow, that's wild! I didn't realize that a chef's mind was so in the moment.","xxxx","26",,,
"MaeLou_interaction3_1_response_2","Analyzing everything around you and trying to be a few steps ahead?_I've always wondered how a professional chef's mind works. Seems organized!","xxxx","22",,,
"MaeLou_interaction3_2","Bowie is also a bit of a foodie, even though you'd never suspect it from his laid-back fishing vibe. He's my foodie buddy!","xxxx","23",,,
"MaeLou_interaction3_3","A lot of people in White Ash Harbor aren't just what they seem to be on the surface._Hopefully there aren't a lot of serial killers posing as normal folk.","xxxx","29",,,
"MaeLou_interaction3_4","Food and desserts are my creative outlet. My sister is the artist of the family. She wants to make it full-time, and I hope she does. Me?_I like expressing my creativity with my cooking. I'm nowhere near as good as you, though!","xxxx","42",,,
"MaeLou_interaction3_5","Not many people know this, but Anna May and I used to dress the same. Every day._Well . . . until our parents finally understood that we really meant no when we said no. We were already 14 by then.","xxxx","40",,,
"MaeLou_interaction3_6","Before you opened Le Sequoia, one of the only spots in town was Bea's Bar._She's lovely and makes great drinks, but there were some . . . big misses from time to time with her food menu.","xxxx","37",,,
,,,"",,,
"MaeLou_interaction4_1_intro","What are your goals in this life, (playername)?_Just working 'til you're dead like the rest of us?","xxxx","17",,,
"MaeLou_interaction4_1_option_1","To make great food every day.","xxxx","6",,,
"MaeLou_interaction4_1_option_2","To build a profitable empire of frozen food products.","xxxx","9",,,
"MaeLou_interaction4_1_response_1","That's very romantic. I more meant, is that all you want to do in your life? I am not all about my work all the time._What kind of a life is that, even?","xxxx","33",,,
"MaeLou_interaction4_1_response_2","That is ambitious. Guess that's one way of making a living, even if it does sound a bit . . . cold and dispassionate. Eh? See what I did there?","xxxx","30",,,
"MaeLou_interaction4_2","I am going to keep the farm going when my parents hand it over to me, but I do want to do other things in this life as well.","xxxx","29",,,
"MaeLou_interaction4_3","Retirement isn't in the cards for us, you and I. Our jobs are for life, right, (playername)?","xxxx","17",,,
"MaeLou_interaction4_4","I don't know if the farm will last forever or even if I'll be alive beyond next week, so I try to outline my life but not plan too much.","xxxx","30",,,
"MaeLou_interaction4_5","I am taking a page out of my sister's book and making sure I have something for myself outside of work that I want to do with my life._Such as making a puppet show. I will do that, one day . . . maybe.","xxxx","44",,,
"MaeLou_interaction4_6","When I was a kid, I would go exploring in the caves along the beach._Be careful in there, some of the animals can be pretty big. Just keep your distance.","xxxx","30",,,
,,,"",,,
"MaeLou_interaction5_1_intro","How has life in White Ash Harbor been going for you so far?","xxxx","13",,,
"MaeLou_interaction5_1_option_1","I'm a little stressed about how my place is doing.","xxxx","10",,,
"MaeLou_interaction5_1_option_2","I am feeling pretty relaxed these days.","xxxx","7",,,
"MaeLou_interaction5_1_response_1","Yep, when you're running your own ship, stress can vary in magnitude, but it is always there.","xxxx","17",,,
"MaeLou_interaction5_1_response_2","I get that. What helps me is setting goals. If I can check that item off my list, I feel like I've done something worthwhile. It's simple, but it works.","xxxx","30",,,
"MaeLou_interaction5_2","My dad asked me to check and see why the farm's computer was running so slow._I opened it up, and wow, I haven't seen that much dust and feathers inside a space since one of our pillows exploded during pretty nasty pillow fight.","xxxx","43",,,
"MaeLou_interaction5_3","Farmers are the kind of folks who would rather lose their arm to an auger than give up. Farmers are a hopeful lot, I give us that.","xxxx","27",,,
"MaeLou_interaction5_4","Feeding folks and giving them what they need is what brings me joy. Well, that and reading . . . and talking to friends._I think humans need many avenues of joy. Confining yourself to just one is rather limiting.","xxxx","39",,,
"MaeLou_interaction5_5","Anyone can change, but they have to want it. Just look at Thelio._He's been working on his anger for years and you can see him trying hard. Change is normal, but that doesn't mean it's easy.","xxxx","36",,,
"MaeLou_interaction5_6","I love our small town, but it would have rotted away if you didn't show up when you did._I mean that, we are a community of hard workers, but you brought something that was missing here: Direction.","xxxx","37",,,
,,,"",,,
"MaeLou_interaction6_1_intro","I really hope I don't 'scare' you away . . . I just really want this to work because you are someone I admire and love._I hope you are okay with my intense personality.","xxxx","34",,,
"MaeLou_interaction6_1_option_1","I am right there 'wheat' you.","xxxx","6",,,
"MaeLou_interaction6_1_option_2","I am here for you through thick and thin.","xxxx","9",,,
"MaeLou_interaction6_1_response_1","Ah, puns, that's how I know this is real. I'm glad you can pick up what I was sowing! Haha!","xxxx","20",,,
"MaeLou_interaction6_1_response_2","And you know what I like. I can tell you meant what you just said, and that gives me a calm I have been missing in my life. I love us.","xxxx","31",,,
"MaeLou_interaction6_2","I woke up at 4 am today to make sure we got everything harvested from this season's plantings._I can really go for a bath, tea, and you sometime soon.","xxxx","29",,,
"MaeLou_interaction6_3","I meant it when I said you make me feel like a warm cup of tea. I don't say that to just anyone._I love tea and maybe four people, and you're one of them. It's a short list, count yourself lucky. Haha!","xxxx","42",,,
"MaeLou_interaction6_4","Farmers are known for their patience, but I am less patient when it comes to romance._When I love someone, I love them with all of my being._So, when are we getting married? . . . Wait! Don't answer that! PATIENCE, Mae-Lou!","xxxx","41",,,
"MaeLou_interaction6_5","I am very ready to bypass the awkward 'getting to know you' phase of our relationship._I cannot wait to be in the 'cozy sweats and knowing what the other wants without speaking' portion. I'm lazy, what can I say?","xxxx","39",,,
"MaeLou_interaction6_6","I am not trying to get my hopes up but . . ._I am a farmer, we don't count anything until we harvest it, but I really hope the romance we've planted here will sprout into something lovely.","xxxx","38",,,
,,,"",,,
"110_MAELOU_Random Interact",,,"",,,
,,,"",,,
"MaeLou_random_interaction_1","Um . . . hello. Need some veggies?","xxxx","8",,,
"MaeLou_random_interaction_2","You must be new?","xxxx","4",,,
"MaeLou_random_interaction_3","Welcome to White Ash Harbor!","xxxx","5",,,
"MaeLou_random_interaction_4","Are you from the city?","xxxx","5",,,
"MaeLou_random_interaction_5","Hello. Yes, I'm the resident farmer.","xxxx","6",,,
,,,"",,,
"110_MAELOU_PROGRESSION",,,"",,,
,,,"",,,
"MaeLou_progression_restaurantOpen","I saw that Le Sequoia is open! It's nice to see hard work pay off, right? Good job.","xxxx","18",,,
"MaeLou_progression_luciusReview","Your first review. It must be exciting. Keep shooting for the stars, (playername). I will be cheering you on.","xxxx","19",,,
"MaeLou_progression_bathhouseOpen","After a long day of harvesting, laying in a big, warm bath sounds lovely. Thanks for giving us that peace at the end of the day.","xxxx","26",,,
"MaeLou_progression_leSequoiaReputation","People here have been saying you are doing some great stuff at Le Sequoia. Keep going!","xxxx","16",,,
"MaeLou_progression_teahouseReputation","My family and I love the teahouse, but I also know it's a big draw for tourists too. Good work.","xxxx","20",,,
"MaeLou_progression_helpfullness1","You're doing good around here, answering those help wanted ads. Go you.","xxxx","12",,,
"MaeLou_progression_helpfullness2","Someone needs to make you a pie sometime. I feel you've more than earned it for all the good you've done.","xxxx","21",,,
,,,"",,,
"MaeLou_restaurantMenu_positive_1","I've heard you have a great selection of vegetable dishes on the menu at Le Sequoia and color me intrigued!_I cannot wait to try some of them out.","xxxx","28",,,
"MaeLou_restaurantMenu_positive_2","My inner foodie was so happy being at Le Sequoia the other day. Everything looked delectable and my food was perfect!_I didn't know you could make vegetables taste like that!","xxxx","30",,,
"MaeLou_restaurantMenu_negative_1","I heard you have a great menu, (playername), but I'm just not a big fan of the focus on meat. Sorry.","xxxx","21",,,
"MaeLou_restaurantMenu_negative_2","I had hoped you would use my veggies in your menu. To say I'd sad about that would be . . . It would be an understatement. Goodbye.","xxxx","28",,,
,,,"",,,
"MaeLou_environmentConsumer_positive_1","Our farm needs the surrounding land to also be healthy._You've done a great job foraging wild ingredients without damaging the environment.","xxxx","21",,,
"MaeLou_environmentConsumer_positive_2","I dunno how you manage it, but White Ash Harbor looks better than ever._It's easy to overharvest the natural resources, but the forest and the hills look as lively as ever.","xxxx","31",,,
"MaeLou_environmentConsumer_negative_1","I found a wrapper in my field from one of the vending machines. I hope this isn't your doing, (playername).","xxxx","20",,,
"MaeLou_environmentConsumer_negative_2","If my crop fails because we cannot source unpolluted ground water, you'll be hearing from me._Or maybe . . . your ankles will be hearing from my scythe.","xxxx","28",,,
,,,"",,,
"MaeLou_firstQuestComplete_1","I am very happy to report that mom and dad really like those veggie dishes you made for them. Thanks for that.","xxxx","22",,,
"MaeLou_firstQuestComplete_2","I've been heading the library every once in a while to find more veggie-based recipes. It's been a lot more fruitful than anything I've found on the internet.","xxxx","28",,,
"MaeLou_firstQuestComplete_3","A lot of my research has shown me that there is more to veggies than bell pepper and cucumbers. Some have some real medicinal properties to them!","xxxx","27",,,
,,,"",,,
"MaeLou_secondQuestComplete_1","My Nana is doing better since she had that drink you made for her._Even though she isn't completely cured, you helped relieve her pain.","xxxx","24",,,
"MaeLou_secondQuestComplete_2","The other day, while Nana was tending to her garden, a ladybug landed on her and she said she was the luckiest lady in the world._Getting her outside again was all thanks to you. Thank you for that moment.","xxxx","39",,,
"MaeLou_secondQuestComplete_3","Life shouldn't be pain, but pain is a motivator to do certain things because we want to avoid pain._To me, pain is like a friend who has a harsh truth to tell you, and if you don't listen to it then it's gonna suck.","xxxx","44",,,
,,,,,,
,,,,,,
"110_MAE_LOU_INTERACT",,,,,,
,,,,,,
"MaeLou_compliment_looks","I got some mud on me, but thanks.","xxxx",,,,
"MaeLou_compliment_clothing","Oh, these are not to be seen as anything other than making sure I'm not nude.","xxxx",,,,
"MaeLou_compliment_mind","How do you compliment a brain? That seems odd.","xxxx",,,,
"MaeLou_compliment_work","As a farmer, that's what I do, all day, every day. It's tiring. Haha!","xxxx",,,,
"MaeLou_encouragement","When you work all night to birth a calf only to lose it in the morning . . . it takes it out of you, but also reminds you that life is fragile.","xxxx",,,,
"MaeLou_offerhelp_accept","Hop up, let's go.","xxxx",,,,
"MaeLou_offerhelp_decline","No thanks, I got it.","xxxx",,,,
"MaeLou_present_useful_1","Perfect for waking me up. You are very thoughtful, (playername).","xxxx","10",,,
"MaeLou_present_useful_2","I sooooo needed this! Thanks, (playername).","xxxx","6",,,
"MaeLou_present_useful_3","Whew, talk about being at the right place at the right time! This will hit the spot for sure!","xxxx","19",,,
"MaeLou_present_valuable_1","How much did you spend on this! Oh, it's for me? Oh . . . I will take . . . this.","xxxx","22",,,
"MaeLou_present_birthday_1","You just made this day perfect, (playername). I really mean it.","xxxx","11",,,
"MaeLou_present_useless_1","You should just chuck it into a field._Uh, sorry. I'm not myself without some . . . Never mind.","xxxx","19",,,
"MaeLou_present_useless_2","No no no. I don't want this right now.","xxxx","9",,,
"MaeLou_present_useless_3","Sorry, I don't need this.","xxxx","5",,,
"MaeLou_gift_already_given","Thanks, but you've already given me something today.","xxxx","8",,,
"MaeLou_hug","Not too tight, my back is killing me.","xxxx",,,,
"MaeLou_hangout_decline","Sorry, I'm a bit busy today.","xxxx",,,,
,,,,,,
,,,,,,
"110_MAE_LOU_GREENSTALK",,,,,,
,,,,,,
"MaeLou_shop_default_1","Takashi Farms has the freshest veg you'll find anywhere.","xxxx","9",,,
"MaeLou_shop_default_2","Our veggies were just pulled out of the ground this morning. Mind the dirt.","xxxx","14",,,
"MaeLou_shop_default_3","Never put tomatoes in the fridge! They'll lose their flavor.","xxxx","10",,,
"MaeLou_shop_default_4","Remember, everything wants to become a crab. Even veggies.","xxxx","9",,,
"MaeLou_shop_default_5","Our prices are based on the market. Right now, the market is here, so this is the price.","xxxx","18",,,
"MaeLou_shop_buy_1","That's so fresh!","xxxx","3",,,
"MaeLou_shop_buy_2","I am glad to see it go home with someone.","xxxx","10",,,
"MaeLou_shop_buy_3","I love those!","xxxx","3",,,
"MaeLou_shop_sell_1","I didn't know you could get these around here!","xxxx","9",,,
"MaeLou_shop_sell_2","I will buy these from you. I have my reasons. Reasons you don't need to know.","xxxx","16",,,
"MaeLou_shop_sell_3","Where did you get these?","xxxx","5",,,
"MaeLou_shop_sell_rejected_1","These are terrible, who can eat these?","xxxx","7",,,
"MaeLou_shop_sell_rejected_2","I can't do anything with that.","xxxx","6",,,
"MaeLou_shop_sell_rejected_3","If you can't be serious, then neither can I.","xxxx","9",,,
"MaeLou_shop_too_poor_1","You need credits to buy food here.","xxxx","7",,,
"MaeLou_shop_too_poor_2","We are not a charity, sorry.","xxxx","6",,,
"MaeLou_shop_too_poor_3","I know you really want it, but I also really want to stay in business.","xxxx","15",,,
,,,,,,
,,,,,,
"111_PRISCA",,,,,,
,,,,,,
"Prisca_interaction1_1","Are you a bag of trash? Then why are you talking to me? I got trash to collect. MOVE!","xxxx","19",,,
"Prisca_interaction1_2","Want to help? Grab a bag, a claw arm, and get to work.","xxxx","13",,,
"Prisca_interaction1_3","I have to get Mrs. Mary Anne her medication and talking to you isn't going to get that done.","xxxx","19",,,
"Prisca_interaction1_4","There is so much I need to do today and stopping to talk to you isn't one of them.","xxxx","19",,,
"Prisca_interaction1_5","Okay . . . we, I . . . I may have gotten off on the wrong foot earlier. Sorry about that._It's just . . . I have such a busy schedule. The Mayor relies on me to complete these tasks around town.","xxxx","43",,,
"Prisca_interaction1_6","Living in a town with so much hidden potential makes me a bit abrasive sometimes because I want it to shine bright, ASAP._I get too wrapped up in the doing that I forget my manners sometimes. So, again, sorry about how I was behaving.","xxxx","44",,,
,,,"",,,
"Prisca_interaction2_1_intro","My role with this town is a super official one. As the Head Volunteer, I serve White Ash Harbor and her citizens._I have a moment, is there anything you need right now?","xxxx","32",,,
"Prisca_interaction2_1_option_1","Right now, I think I'm okay. Thanks though?","xxxx","8",,,
"Prisca_interaction2_1_option_2","I . . . wait, you're not going to bite my head off?","xxxx","13",,,
"Prisca_interaction2_1_response_1","I am simply offering assistance to a citizen of my town. It's always available. No questions asked.","xxxx","17",,,
"Prisca_interaction2_1_response_2","You ever had a bad day? Try a bad week sometime.","xxxx","11",,,
"Prisca_interaction2_2","Look, I . . . ugh, I apologize. I have a lot to do right now and that's how it always is around White Ash Harbor.","xxxx","26",,,
"Prisca_interaction2_3","I've got events to plan, community gatherings to organize, and deliveries to deliver.","xxxx","13",,,
"Prisca_interaction2_4","A lot of people depend on me. It's nice in a way, but yeah, I'm . . . I'm just tired more often than not. I wish I was at least getting paid for this.","xxxx","35",,,
"Prisca_interaction2_5","My job is volunteer work for the city, but man, it would sting less if they paid me just a little.","xxxx","21",,,
"Prisca_interaction2_6","I was talking to Bowie the other day and found out about the old mines that are in the wilderness around White Ash Harbor._Death trap or an opportunity for eco-tourism? Lemme see how we can make those spaces safe for the public.","xxxx","42",,,
,,,"",,,
"Prisca_interaction3_1_intro","Hey, do you like wrestling? Random question, I know, but still give me your answer.","xxxx","15",,,
"Prisca_interaction3_1_option_1","Yes! Chair combat and stories are the best.","xxxx","8",,,
"Prisca_interaction3_1_option_2","No, I find it kind of boring, to be honest.","xxxx","10",,,
"Prisca_interaction3_1_response_1","Ah, you must have seen last week's Coliseum Rumble! What the hell is going with T-Train?_Does he love Elysium or not? Make up your damn mind, man! Right? At least he put on a good show with that chair . . .","xxxx","42",,,
"Prisca_interaction3_1_response_2","I find you kinda boring, to be honest. Oh, I'm sorry, did I say that out loud?","xxxx","17",,,
"Prisca_interaction3_2","I don't know why, but romantic subplots in wrestling really resonate with me. It feeds something inside of me._Seeing these massive people going through hell for the ones they love . . . that's just inspiring to me.","xxxx","38",,,
"Prisca_interaction3_3","The Hades in the Cage match is on tonight._My money is on Red Fin because if he doesn't win then his fiancee, Gidget, will be taken off life support._THE DRAMA IS SO HIGH! Ah, I love wrestling.","xxxx","37",,,
"Prisca_interaction3_4","My back aches a bit when it's cold outside. I really did a number on it when I was a firefighter._It was only two years of my life, but the equipment we hauled was heavy.","xxxx","35",,,
"Prisca_interaction3_5","I still can't believe Red Fin didn't win. This loss will haunt him throughout his storyline._Poor Gidget! Chances are high she'll come back from the dead and take her revenge. I love wrestling!","xxxx","33",,,
"Prisca_interaction3_6","Seeing what your restaurant has done for White Ash Harbor gives me a lot of hope for new businesses in town._I think. . . I think we're hitting an upswing!","xxxx","30",,,
,,,"",,,
"Prisca_interaction4_1_intro","This latest event I'm planning for the city has me running all over town! Ugh!_I need like five assistants! AND WHY DOESN'T THIS POSITION PAY?!","xxxx","25",,,
"Prisca_interaction4_1_option_1","Why not ask the city council for a stipend?","xxxx","9",,,
"Prisca_interaction4_1_option_2","This is why volunteering shouldn't be a full-time job.","xxxx","9",,,
"Prisca_interaction4_1_response_1",". . . I dunno, they might just . . . you know what? I will._Yeah, because if I'm not the one to get these events going, then no one will! They'd be stuck without me . . . I think.","xxxx","41",,,
"Prisca_interaction4_1_response_2","True enough, but it doesn't help that none of this wouldn't get done unless I was the one running around to do it!_HEY, that gives me an idea . . . Let's talk later, gotta go.","xxxx","36",,,
"Prisca_interaction4_2","I'm going to petition that the city council give me a stipend! I'm a little freaked that they might dump me over it . . . but I am worth it, damn it!","xxxx","33",,,
"Prisca_interaction4_3","I got trucks coming in today with my order of tables and chairs so the city doesn't have to keep renting them every time we hold an event._Meaning, I'm busy for the day. Let's chat later though, okay?","xxxx","38",,,
"Prisca_interaction4_4","I'm taking a break, because if I don't do that then I'll . . . who's texting me . . . NO!_Wrong address, WRONG ADDRESS! Get that popcorn over to city hall STAT!","xxxx","33",,,
"Prisca_interaction4_5","You'll be happy to know that I stood up for myself today and got the stipend!_They couldn't imagine not having me around. I'm just glad I get to help out this community without having to hunt for a living elsewhere.","xxxx","40",,,
"Prisca_interaction4_6","One of my favorite places to be is just in town. I work in it all day, but I love seeing everyone being there and living their lives in it._It sparks my passion over and over, and that helps make me the best public servant I can be.","xxxx","48",,,
,,,"",,,
"Prisca_interaction5_1_intro","Guess what I found the other day! Go ahead! GUESS!","xxxx","10",,,
"Prisca_interaction5_1_option_1","I CAN'T! I DON'T DO WELL UNDER PRESSURE!","xxxx","8",,,
"Prisca_interaction5_1_option_2","Bigfoot! You finally found Bigfoot!","xxxx","5",,,
"Prisca_interaction5_1_response_1","You don't do well under pressure? Aren't you a chef?! Anyway, I found THE book that was written for me!_It's a wrestling love story called 'Ladder Fight Confessions' and I am eating this book up, it's so good!","xxxx","38",,,
"Prisca_interaction5_1_response_2","What? No! Bigfoot exists? Huh? Doesn't matter! I found THE book that was written for me!_It's a wrestling love story called 'Ladder Fight Confessions' and I am eating this book up, it's so good!","xxxx","34",,,
"Prisca_interaction5_2","Now that I have some funding, I have been able to get so much more done around here._You wouldn't have imagined how much work . . . one moment, I got a text . . . NOOO! I gotta go!","xxxx","40",,,
"Prisca_interaction5_3","I think the people of White Ash Harbor are kind of like my family, since I don't really have one._Mom died when I was seven and my dad vanished not long after. This town took care of me and that's why I do what I do.","xxxx","46",,,
"Prisca_interaction5_4","If I wasn't doing this job, what would I be doing?_I frankly don't know, because working to make this city the best it can be is all I've wanted to do with my life.","xxxx","34",,,
"Prisca_interaction5_5","I finished that book I was telling you about, and wow, what a tear jerker!_Also, it's got some amazing . . . well . . . plot. So much great plot. Yep! Great plot.","xxxx","34",,,
"Prisca_interaction5_6","I really need to suggest to our outreach department that we spread the word about the giant seqouia tree growing in our town's backyard._Could you imagine if people actually heard about it? Eco-tourism is the future.","xxxx","36",,,
,,,"",,,
"Prisca_interaction6_1_intro","When it comes to us, I am going to make sure that I have boundaries set up so I will not be answering . . ._. . . Answering any messages that come in while we're hanging out . . ._Oh, that's a lot of new messages.","xxxx","47",,,
"Prisca_interaction6_1_option_1","You can answer them, it's okay.","xxxx","6",,,
"Prisca_interaction6_1_option_2","AHEM!","xxxx","1",,,
"Prisca_interaction6_1_response_1","I meant it when I said I wouldn't . . . but I'm going to start doing that AFTER I answer these ones and then . . . no more!","xxxx","30",,,
"Prisca_interaction6_1_response_2","Yea, yea, I know what I said, but . . . these look important! Uhhhhh! AHHHH! It can wait! I'm sure they'll figure it out.","xxxx","25",,,
"Prisca_interaction6_2","Boundaries are something I am working on because I have a responsibility to both this city and you._I'm just asking that you please give me some grace while I am learning how to do it.","xxxx","35",,,
"Prisca_interaction6_3","I cannot wait to watch some wrestling matches with you! Ahhhh! It's gonna be so much fun!","xxxx","17",,,
"Prisca_interaction6_4","I am planning our time for the week, and I have a two meeting slots coming up._One is with the city planning commission and the other is dinner: You, me, and a premade dinner._You won't have to cook! I promise.","xxxx","40",,,
"Prisca_interaction6_5","I do not want to fail at our relationship. Like, I don't want us to fall apart because of my lack of action._I want to give 110% and know that I did my best in the event of anything bad happening.","xxxx","41",,,
"Prisca_interaction6_6","You will not find another partner who is as committed as I am, and that's a promise. You and me are always at the forefront of my mind.","xxxx","28",,,
,,,,,,
"111_PRISCA_PROGRESSION",,,,,,
,,,,,,
"Prisca_progression_restaurantOpen","I was in a planning meeting when I heard that your restaurant opened. Congratulations.","xxxx","14",,,
"Prisca_progression_luciusReview","Lucius' reviews are pretty infamous here in Town Hall. Some of the other people in the building really like how . . . direct he can be._I think he's a jerk. Plain and simple. Don't give jerks the time of day.","xxxx","41",,,
"Prisca_progression_bathhouseOpen","How . . . how did I miss you working on one of White Ash Harbor's largest cultural landmarks?!_How did you even get in? I heard it was haunted and . . . regardless, it's great to see it open again. Thanks for helping with that.","xxxx","46",,,
"Prisca_progression_leSequoiaReputation","Your restaurant is making its way into a lot of conversations I am having. Seems like a real nice spot. I'll have to check it out.","xxxx","26",,,
"Prisca_progression_teahouseReputation","I overheard some tourists say the Teahouse was sublime. Whatever you're doing, keep doing it. White Ash is growing well because of it.","xxxx","23",,,
"Prisca_progression_helpfullness1","Are you answering the bulletin board requests too? I thought I was the only one doing that! High-five! Yeahhh!","xxxx","19",,,
"Prisca_progression_helpfullness2","Hey now, are you doing more requests than me? Is that even possible?! I don't think you realize how competitive I can be!_Consider this a challenge! I will out help others more than you! Muhahaha! I mean, good job helping out.","xxxx","41",,,
,,,"",,,
"Prisca_restaurantMenu_positive_1","I heard about what you have on your menu. Sounds rather fancy, but it's getting attention._Oh, by the way, I really like a good pastry. Remember that.","xxxx","27",,,
"Prisca_restaurantMenu_positive_2","Your menu is amazing, especially the pastries and baked goods. I finally went and at it Le Sequoia and, wow! I haven't had anything like it before.","xxxx","27",,,
"Prisca_restaurantMenu_negative_1","Your menu . . . uhhh, I'm not really a foodie, but it sounds meh. I knew when I saw all that meat on the menu.","xxxx","26",,,
"Prisca_restaurantMenu_negative_2","I dunno why you keep asking me about the menu because nothing has changed since you last asked.","xxxx","18",,,
,,,"",,,
"Prisca_environmentConsumer_positive_1","I hate litter and you have done a great job keeping it at bay. Thanks.","xxxx","15",,,
"Prisca_environmentConsumer_positive_2","People who drop trash in town get a grim look from me. Our town isn't trash, so do not treat it as such! Thanks for not leaving trash behind.","xxxx","29",,,
"Prisca_environmentConsumer_negative_1","Hey! Your little venture in town is causing the place to become a trash heap! Clean up your act!","xxxx","19",,,
"Prisca_environmentConsumer_negative_2","I HATE LITTER! Stop making it or so help me I will bring down the might of my position as Head Volunteer to this fine town!","xxxx","26",,,
,,,"",,,
"Prisca_firstQuestComplete_1","Those poor kids! I had no idea that they didn't have any place to live._I thought the thieves were more of the mustache-twirling, bad-to-the-bone type! Not hungry children!","xxxx","28",,,
"Prisca_firstQuestComplete_2","The kids are running around town hall and driving me crazy!! I have to get them into classes or something._Maybe I'll talk to some of the older folks in town, Bowie and Pom-somthing I think? Maybe they can help.","xxxx","39",,,
"Prisca_firstQuestComplete_3","I have been running into brick walls trying to find their parents! There isn't much to go on._They are not on any public registry. Ughhhh! I am too young to be an auntie!","xxxx","33",,,
,,,"",,,
"Prisca_secondQuestComplete_1","I . . . I cannot believe that happened! I AM MAYOR NOW! I think I'm the youngest mayor in this town's history! That's still settling in for me.","xxxx","29",,,
"Prisca_secondQuestComplete_2","I am lining up some social programs to help out with folks who need it._Doesn't matter how much you make, if you need assistance, we got you covered. That's my motto!","xxxx","31",,,
"Prisca_secondQuestComplete_3","Oh boy, there is so much to do._Mayor Dummy, the previous mayor, left so much to rot that I am doing a lot of boring tasks, fixing very important things for the city._It's going to suck up a lot of funds, but we need to do it.","xxxx","47",,,
,,,,,,
,,,,,,
"111_PRISCA_INTERACT",,,,,,
,,,,,,
"Prisca_compliment_looks","Are . . . are you being serious right now?","xxxx",,,,
"Prisca_compliment_clothing","I am a hot mess, please walk away.","xxxx",,,,
"Prisca_compliment_mind","My mind is in two dozen places right now and none of them are here talking to you.","xxxx",,,,
"Prisca_compliment_work","Getting an event to go off without a problem takes a lot of planning. Thank you.","xxxx",,,,
"Prisca_encouragement","This city deserves the love I have for it.","xxxx",,,,
"Prisca_offerhelp_accept","I could really use your help right now. There, I said it.","xxxx",,,,
"Prisca_offerhelp_decline","I got it. Really. Please stop.","xxxx",,,,
"Prisca_present_useful_1","That is pretty damn perfect. Thanks. These seeds will shape the future of White Ash Harbor.","xxxx","16",,,
"Prisca_present_useful_2","How did you know I was looking for things like this? These need to be planted right away. Yes yes.","xxxx","20",,,
"Prisca_present_useful_3","Great minds think alike, (playername)! We should work together in the future. I think together, we can make a real difference.","xxxx","21",,,
"Prisca_present_valuable_1","This is valuable . . . but what good will this do for White Ash Harbor?","xxxx","16",,,
"Prisca_present_birthday_1","A conscientious citizen and a great friend? You really are something, (playername)._Now, let's get back to it shall we? Even though it's my birthday, I have more work to do! The town ain't gonna clean itself!","xxxx","36",,,
"Prisca_present_useless_1","Get me something more useful. No no, not for me. For this town!","xxxx","13",,,
"Prisca_present_useless_2","Ehhh, I can't do anything with this.","xxxx","7",,,
"Prisca_present_useless_3","The town has enough waste, and you give me this?","xxxx","10",,,
"Prisca_gift_already_given","Thanks, but you've already given me something today.","xxxx","8",,,
"Prisca_hug","What are you doing?! I will punch you if you ever do that again.","xxxx",,,,
"Prisca_hangout_decline","My schedule is full. Another time.","xxxx",,,,
,,,,,,
"111_PRISCA_CITY_HALL_UPGRADING",,,,,,
,,,,,,
"Prisca_upgrade_house_1","Would you like to purchase your first home for (credits) Credits and (powercells) Power Cells?","xxxx","15",,,
"Prisca_upgrade_house_2","Are you sure you want to upgrade your house for (credits) Credits and (powercells) Power Cells?","xxxx","16",,,
"Prisca_upgrade_house_3","Do you want to make this final upgrade to your house for (credits) Credits and (powercells) Power Cells? ","xxxx","18",,,
"Prisca_upgrade_house_purchased_1","The house is all yours. It's just to the West, behind Circuit Lodge.","xxxx","13",,,
"Prisca_upgrade_house_purchased_2","Thanks! We will start working on it soon.","xxxx","8",,,
"Prisca_upgrade_house_purchased_3","Great! We will start working on it soon. I wish I could afford a home this big . . .","xxxx","20",,,
,,,"",,,
"Prisca_upgrade_restaurant_2","Are you sure you want to expand Le Sequoia for (credits) Credits and (powercells) Power Cells?","xxxx","16",,,
"Prisca_upgrade_restaurant_3","Are you sure you want to upgrade Le Sequoia for (credits) Credits and (powercells) Power Cells?","xxxx","16",,,
"Prisca_upgrade_restaurant_4","Do you want to make this final upgrade to Le Sequoia for (credits) Credits and (powercells) Power Cells? ","xxxx","18",,,
"Prisca_upgrade_restaurant_purchased_2","I look forward to dining in the new restaurant!","xxxx","9",,,
"Prisca_upgrade_restaurant_purchased_3","Whew. The restaurant is going to be a beauty.","xxxx","9",,,
"Prisca_upgrade_restaurant_purchased_4","This is very exciting. Le Sequoia is going to be FABULOUS!","xxxx","11",,,
,,,"",,,
"Prisca_upgrade_no_credits_powercells","You don't have enough Credits or Power Cells to make that purchase.","xxxx","12",,,
"Prisca_upgrade_no_credits","Please make sure you have enough Credits before talking to me. I am very busy.","xxxx","15",,,
"Prisca_upgrade_no_powercells","Ahem. You don't have enough Power Cells to make that purchase.","xxxx","11",,,
,,,"",,,
"Floortype_Maple","maple","xxxx","1",,,
"Floortype_Oak","oak","xxxx","1",,,
"Floortype_Orange_Tile","orange tile","xxxx","2",,,
"Floortype_Purple_Tile","purple tile","xxxx","2",,,
"Floortype_Terracotta","terracotta","xxxx","1",,,
"Floortype_Parquet","parquet","xxxx","1",,,
"Floortype_Purple_Parquet","purple parquet","xxxx","2",,,
"Floortype_Blue_Tile","blue tile","xxxx","2",,,
"Floortype_Wood_Tile","wood tile","xxxx","2",,,
,,,"",,,
"Floorname_Maple","Maple","xxxx","1",,,
"Floorname_Oak","Oak","xxxx","1",,,
"Floorname_Orange_Tile","Orange Tile","xxxx","2",,,
"Floorname_Purple_Tile","Purple Tile","xxxx","2",,,
"Floorname_Terracotta","Terracotta","xxxx","1",,,
"Floorname_Parquet","Parquet","xxxx","1",,,
"Floorname_Purple_Parquet","Purple Parquet","xxxx","2",,,
"Floorname_Blue_Tile","Blue Tile","xxxx","2",,,
"Floorname_Wood_Tile","Wood Tile","xxxx","2",,,
,,,"",,,
"Prisca_floor_House","Are you sure you want me to install (floortype) flooring in your home for (credits) Credits?","xxxx","16",,,
"Prisca_free_floor_LeSequoia","Are you sure you want me to install (floortype) flooring in Le Sequoia?","xxxx","13",,,
"Prisca_floor_LeSequoia","Are you sure you want me to install (floortype) flooring in Le Sequoia for (credits) Credits?","xxxx","16",,,
"Prisca_floor_LeSequoia_Basement","Are you sure you want me to install (floortype) flooring in the Maintenance Room for (credits) Credits?","xxxx","17",,,
"Prisca_floor_Teahouse","Are you sure you want me to install (floortype) flooring in the Tea House for (credits) Credits?","xxxx","17",,,
"Prisca_floor_House_purchased","Your home is gonna look great!","xxxx","6",,,
"Prisca_floor_LeSequoia_purchased","Ah, I'll send over our installer to put in your new floor soon. It should look great.","xxxx","17",,,
"Prisca_floor_LeSequoia_Basement_purchased","Ah, I'll send over the installer for your new floor soon. Are you sure Aylin is ok with this?","xxxx","19",,,
"Prisca_floor_Teahouse_purchased","Ah, I'll head over and install these soon. Are you sure Aylin is ok with this?","xxxx","16",,,
,,,"",,,
"Prisca_research_confirmation","Would you like to construct a (buildingName)?","xxxx","7",,,
"Prisca_research_confirmation_replace","Are you sure about replacing your (replacedBuildingName) with a (buildingName)?","xxxx","10",,,
"Prisca_research_confirmation_complete","We will get started right away. The facility will take 2 days to construct.","xxxx","14",,,
,,,,,,
,,,,,,
,,,,,,
"112_BOWIE",,,,,,
,,,,,,
"Bowie_interaction1_1","Well hello there, young one. Care to sample some of our fish? Freshly caught this morning!_Oh, you are the new chef taking over Le Sequoia! Fantastic! My name is Bowie. Come by if you need any fresh seafood.","xxxx","38",,,
"Bowie_interaction1_2","(playername), if you think the fishing here is great, then you've never been to Reddington! It's a small little town, but the fish they catch are the size of buses!","xxxx","30",,,
"Bowie_interaction1_3","Well, well . . . birds are flying low, aren't they . . .","xxxx","14",,,
"Bowie_interaction1_4","Smooth seas never made a skilled sailor, so I'm sure you're getting the hang of the ropes with your restaurant. Hold fast!","xxxx","22",,,
"Bowie_interaction1_5","Did you already meet the butcher, Uriel? He is my grandson!","xxxx","11",,,
"Bowie_interaction1_6","You live long enough and you see some things, hear some stories, and meet some memorable folks._Strangers are just friends you haven't met yet and that's a true statement! Don't be foolish, but don't close yourself off to the world either.","xxxx","41",,,
,,,"",,,
"Bowie_interaction2_1_intro","Uriel's a good kid. Kind-hearted. I am very proud of him and his shop. Have you been to it yet?","xxxx","20",,,
"Bowie_interaction2_1_option_1","No, not yet.","xxxx","3",,,
"Bowie_interaction2_1_option_2","Yes! Uriel is a swell guy.","xxxx","6",,,
"Bowie_interaction2_1_response_1","Oh, you should, it's called Chop. He's very talented!","xxxx","9",,,
"Bowie_interaction2_1_response_2","He is, isn't he? Got that from me, you know. Had to make sure someone in my family knew how to talk to people!","xxxx","24",,,
"Bowie_interaction2_2","I hope to see this small town revitalized. I miss the time when White Ash Harbor was a place of festivities and dreams.","xxxx","23",,,
"Bowie_interaction2_3","I used to play poker with the owner of the bathhouse. I think her name was. . . I can't remember, but I just remember she was good at cards.","xxxx","30",,,
"Bowie_interaction2_4","Ah, I see I am a bit late for my afternoon nap. Mustn't be late for things like that!","xxxx","19",,,
"Bowie_interaction2_5","This morning my neighborhood cat came to say hello, I couldn't resist giving her some of my fish.","xxxx","18",,,
"Bowie_interaction2_6","(playername), you will witness all sorts of wonders in your lifetime. There was this one time when I was bringing in a haul of fish and witnessed manta rays dancing around my boat. It's one of my most cherished memories.","xxxx","40",,,
,,,"",,,
"Bowie_interaction3_1_intro","Got a moment to hear some yarn be spun? Living as long as I have means I have plenty to share._There I was, fifty feet in the air, painting a mural in Billboard City, when the scissor lift under me began to crash faster than the stock market!","xxxx","48",,,
"Bowie_interaction3_1_option_1","Sorry Bowie, not right now, got things to do.","xxxx","9",,,
"Bowie_interaction3_1_option_2","Go on?!","xxxx","2",,,
"Bowie_interaction3_1_response_1","I leapt from the . . . Ah, yes, of course. Youth, always in a rush. I'll tell you some other time.","xxxx","22",,,
"Bowie_interaction3_1_response_2","I leapt from the platform and landed in some bushes. Dazed, I got up, and found myself face-to-face with the most beautiful woman I'd ever seen._And that's how I met my wife. What a happy accident that was, haw haw haw!","xxxx","41",,,
"Bowie_interaction3_2","Look at the town, gorgeous in its white coat._You know what would be great right now? A cup of mulled wine._It would fit perfectly with this wintry atmosphere.","xxxx","28",,,
"Bowie_interaction3_3","Uriel is a good kid. He's been on the outs with my daughter and her husband since he started butchering meat._No clue why though, since Uriel can still debone a tuna like lightning!","xxxx","33",,,
"Bowie_interaction3_4","Back for some more of this old man's charm? No? Well if you got the time, I'd love to tell you about that time I fought off a giant squid.","xxxx","30",,,
"Bowie_interaction3_5","That old shrew of Pomarine did her thing again. She cheats somehow when we play Gin Rummy! I don't know how, but she does!","xxxx","24",,,
"Bowie_interaction3_6","I hear your ""tree"" restaurant is supposed to be good. I'll be stopping by and trying it out sometime. Trying out new things keeps you young!","xxxx","26",,,
,,,"",,,
"Bowie_interaction4_1_intro","Tell me, is there anyone waiting for you when you're off shift at Le Sequoia?","xxxx","15",,,
"Bowie_interaction4_1_option_1","No, I haven't had the time. It wouldn't be fair.","xxxx","10",,,
"Bowie_interaction4_1_option_2","Yes, I have, in spite of it all. Why do you ask?","xxxx","12",,,
"Bowie_interaction4_1_response_1","That's a shame. Young love is an amazing adventure. Everything feels high stakes and every moment that passes is one that burns bright._I cannot recommend it enough.","xxxx","27",,,
"Bowie_interaction4_1_response_2","Good, in this life you need someone to share it with, otherwise you wind up alone and rambling to anyone who'll lend you an ear, haw haw haw.","xxxx","28",,,
"Bowie_interaction4_2","The photographs on the walls of my home are my life. I love photography almost as much as traveling._Take as many pictures and videos as you need, because when you get old, memories are a warm blanket on a cold night.","xxxx","41",,,
"Bowie_interaction4_3","If you find yourself in a place you don't know surrounded by people you don't know, don't worry._Grab some food, some drink, and soon you'll know everyone and everything.","xxxx","29",,,
"Bowie_interaction4_4","I know Le Sequoia is taking a lot of your attention, but when you get a second, you should set off to somewhere you've never been before._I promise you, you will not regret it.","xxxx","34",,,
"Bowie_interaction4_5","There are days when I wonder if I've made the best choices. It's just what you do when you're my age. But when I look back, all I can do is smile._Guess it was worth it, even if I lost a few friends and lovers along the way.","xxxx","48",,,
"Bowie_interaction4_6","I'm sure you've heard this from everyone, but the library is a gem to see. We are all proud of it and love having one._There was this one time I was dating a librarian and. . . ah, no, I need to nap now! Haw haw!","xxxx","46",,,
,,,"",,,
"Bowie_interaction5_1_intro","I never thought I would live this long. I have outlived some of the healthiest people I know._I don't know how I did it. None.","xxxx","25",,,
"Bowie_interaction5_1_option_1","Did you make a deal with a sea witch?","xxxx","9",,,
"Bowie_interaction5_1_option_2","Random is random, Bowie. Just is.","xxxx","6",,,
"Bowie_interaction5_1_response_1","You know, there was this one time that I met a sea witch. We were just off the coast of New England and she was delightful._Did I give her anything of value other than my hat? Nope. Nothing comes to mind.","xxxx","41",,,
"Bowie_interaction5_1_response_2","Hardtack and gristle!_I lost my boat in a squall forty years ago and was picked up three days later by another boat . . . that then hit a reef and sank._Thankfully, we were close enough to shore so we swam to safety.","xxxx","43",,,
"Bowie_interaction5_2","I'm glad we met, you know? It's funny, since I talk to so many people so often, but it's rare to have a repeat customer for my blathering._Haw haw! I appreciate our friendship, (playername). Truly.","xxxx","35",,,
"Bowie_interaction5_3","I don't mention my wife all that often. She passed decades ago from cancer not long after my daughter was born._Her name was Heidi and she was one of the bravest ladies to ever walk this Earth. I miss her to this day.","xxxx","43",,,
"Bowie_interaction5_4","I always have plenty of stories to share, but I usually don't share too many personal stories._Those are only reserved for folks like you, because those types of stories are like pieces of myself. They shouldn't be known by everyone.","xxxx","40",,,
"Bowie_interaction5_5","Here's one not many have heard. When Heidi had just gotten the diagnosis, she planned a trip around the world._She was terminal, and she didn't want my last memory of her being in a hospital bed, so we went. And we loved it.","xxxx","43",,,
"Bowie_interaction5_6","Our lives always involve the lives of others._What we do isn't just for us but for people we will never meet._Being old, I look at my clothes and think about who will wear them one day when I'm not here. It's nice to think about, really.","xxxx","46",,,
,,,"",,,
"112_BOWIE_PROGRESSION",,,"",,,
,,,"",,,
"Bowie_progression_restaurantOpen","Your restaurant is open now, you say? Haw haw haw! That sounds lovely! Well done!","xxxx","15",,,
"Bowie_progression_luciusReview","Who's this Lucius and why should you give a hoot what he has to say?_People love places that critics hate all the time. Don't fret. If your food is good, then you're good.","xxxx","33",,,
"Bowie_progression_bathhouseOpen","I can't believe the bathhouse is open again! It's honestly been decades!_I've used it every day since it's re-opened to give these old bones a rest. It's been lovely.","xxxx","29",,,
"Bowie_progression_leSequoiaReputation","Le Sequoia's reputation is growing. I hear about it all the way out here on the docks! And that's a long way to yell! Haw haw!","xxxx","26",,,
"Bowie_progression_teahouseReputation","That teahouse inside the bathhouse is a hit, it seems!_People are talking all about the different teas so much I can't fit my stories in edgewise! Haw haw haw!","xxxx","29",,,
"Bowie_progression_helpfullness1","I've heard you've been doing some good out there, (playername). It warms my old heart to hear you helping out so much.","xxxx","22",,,
"Bowie_progression_helpfullness2","Winds from the east! You've been flying through those bulletin board ads! Keep the winds at your back, (playername).","xxxx","19",,,
,,,"",,,
"Bowie_restaurantMenu_positive_1","Rather nice menu you have at Le Sequoia! Glad you serve seafood there. I'll have to eat there soon.","xxxx","19",,,
"Bowie_restaurantMenu_positive_2","Your food selection is impressive! I'll give ya that much. To be honest, if there's fish, I'm there._I can eat anything with fish. Fish 'n' chips, fish sticks, steamed fish, grilled fish . . . oh and there's fish stew . . . oh and also . . . ","xxxx","49",,,
"Bowie_restaurantMenu_negative_1","I am not much for the stuff on your menu. All those cold and frozen dishes? My stomach can't handle it.","xxxx","21",,,
"Bowie_restaurantMenu_negative_2","Until you put something on your menu I can stomach, I can't eat at your restaurant. I'm sorry._Maybe some hot seafood? I am always ready for some hot seafood.","xxxx","29",,,
,,,"",,,
"Bowie_environmentConsumer_positive_1","If everything went to pot around here, I would've run out of stories years ago._Thankfully, the fish are active and so am I! Glad you're treating this place well.","xxxx","29",,,
"Bowie_environmentConsumer_positive_2","You're a leader in this town, you know that right? Staying the course includes keeping the town clean. Keep doing it!","xxxx","21",,,
"Bowie_environmentConsumer_negative_1","We must keep our waterways safe and clear of trash. Otherwise, if the kids today get less than we did growing up, then what is the point, eh?","xxxx","28",,,
"Bowie_environmentConsumer_negative_2","I haven't seen our harbor in such a state in all of my years! How dare you spoil the sea with garbage!_If I was twenty years younger, I'd knock your block off!","xxxx","32",,,
,,,"",,,
"Bowie_firstQuestComplete_1","It's so nice to have my camera back in my hands. I remember once I hit a marlin with it when I was taking pictures out at sea._I knocked that fish out and got the photo! Haw haw haw!","xxxx","39",,,
"Bowie_firstQuestComplete_2","This camera is so tough that it survived a fall from five floors up._It hit a palm tree, bounced onto a pedal-cab, took a picture of the passengers in it, and landed in a bush._I still have that photo on my wall! Haw haw haw!","xxxx","45",,,
"Bowie_firstQuestComplete_3","Looking through the pictures, I am seeing faces I haven't seen in decades. I miss these folks._That's something for you young people to remember, take photos with those you love, because your time with them isn't forever.","xxxx","37",,,
,,,"",,,
"Bowie_secondQuestComplete_1","I haven't been this happy in decades, (playername)! Laura and I, it feels the same as all those years ago._I feel like a young man with some white hair! Haw haw haw haw!","xxxx","33",,,
"Bowie_secondQuestComplete_2","Laura and I were out the other day and went to the bathhouse. She said she might not ever go back to Billboard City! Haw haw!","xxxx","26",,,
"Bowie_secondQuestComplete_3","I took Laura on a walk in the forest. I popped the question there and she said yes! I am so excited to finally tie the knot with her.","xxxx","29",,,
,,,,,,
,,,,,,
"112_BOWIE_INTERACT",,,,,,
,,,,,,
"Bowie_compliment_looks","Ooooh._Thank you.","xxxx",,,,
"Bowie_compliment_clothing","Haw haw haw._You would be surprised to hear the story behind that shirt. Let me tell you about it, one of these days.","xxxx",,,,
"Bowie_compliment_mind","Time doesn't only wrinkle your skin, it also matures your mind._Live a good and full life, understood?_Good . . .","xxxx",,,,
"Bowie_compliment_work","Thanks, kid._You know, I used to be a fisherman back in the day. Sadly my body is too weak now, but I'm glad I can still work in the same field.","xxxx",,,,
"Bowie_encouragement","Haw haw haw! You're right kid, keep fighting!","xxxx",,,,
"Bowie_offerhelp_accept","Oh yes, there is something you could do for me!","xxxx",,,,
"Bowie_offerhelp_decline","Go, have fun._Well, well, What are you still doing here, wasting your time with a boring old man?","xxxx",,,,
"Bowie_present_useful_1","Well, well._Thank you!","xxxx","3",,,
"Bowie_present_useful_2","Perfect for a chilly evening by the sea. You are very thoughtful, (playername).","xxxx","13",,,
"Bowie_present_useful_3","This should wake me up! Thank you, (playername).","xxxx","8",,,
"Bowie_present_valuable_1","Whew, I don't know if I can accept this, (playername). Isn't this expensive?_Well, I will keep it. To remind me of you, the rising star of the culinary world.","xxxx","29",,,
"Bowie_present_birthday_1","Aha, just perfect (playername). You know me too well._To be honest, I never really liked getting gifts on my birthday. But tea? Tea I can live with.","xxxx","27",,,
"Bowie_present_useless_1","Hmmm . . . What should I do with this?","xxxx","10",,,
"Bowie_present_useless_2","Thanks, (playername). But an old man like me can't do anything with this.","xxxx","13",,,
"Bowie_present_useless_3","Well, well, well. What do we have here? Oh . . . no . . . I can't really use this.","xxxx","21",,,
"Bowie_gift_already_given","You're very generous, but I don't need another one. Thanks.","xxxx","10",,,
"Bowie_hug","Haw haw haw!","xxxx",,,,
"Bowie_hangout_decline","These bones don't got it in them today. Try again another time.","xxxx",,,,
,,,,,,
"112_BOWIE_FISH_KING",,,,,,
,,,,,,
"Bowie_shop_default_1","Your customers will be very happy, because we received top quality fish today!","xxxx","13",,,
"Bowie_shop_default_2","No one has fresher fish than we do!","xxxx","8",,,
"Bowie_shop_default_3","I am an old man, so I didn't get this from the sea. The younger folks got it for me!","xxxx","20",,,
"Bowie_shop_default_4","This fish was just plucked from the ocean this morning!","xxxx","10",,,
"Bowie_shop_default_5","Fish that fought and lived taste so much better than that farmed stuff.","xxxx","13",,,
"Bowie_shop_buy_1","Yum! That one is my favorite.","xxxx","6",,,
"Bowie_shop_buy_2","That's top quality product! Would you like anything else today?","xxxx","10",,,
"Bowie_shop_buy_3","Ah, great choice!","xxxx","3",,,
"Bowie_shop_sell_1","I haven't seen something like that in decades!","xxxx","8",,,
"Bowie_shop_sell_2","I am intrigued as to how you got this.","xxxx","9",,,
"Bowie_shop_sell_3","I gotta have it!","xxxx","4",,,
"Bowie_shop_sell_rejected_1","I can't sell this, what do you want me to do with this?","xxxx","13",,,
"Bowie_shop_sell_rejected_2","This isn't something my customers will want.","xxxx","7",,,
"Bowie_shop_sell_rejected_3","I don't carry this stuff.","xxxx","5",,,
"Bowie_shop_too_poor_1","Even when I was lost in a distant land, I knew I needed money to buy things.","xxxx","17",,,
"Bowie_shop_too_poor_2","This isn't a charity. You want some old, stinky fish?","xxxx","10",,,
"Bowie_shop_too_poor_3","I really like chatting with you, but you need credits to make a purchase, sorry!","xxxx","15",,,
,,,,,,
"113_ANGI",,,,,,
,,,,,,
"Angi_interaction1_1","I don't have to be careful. I'm rich.","xxxx",,,,
"Angi_interaction1_2","Oh, you're still trying to talk to me? Why?","xxxx",,,,
"Angi_interaction1_3","Mumsy always said that if I want something, I can get it. You don't have anything I want.","xxxx",,,,
"Angi_interaction1_4","New things are good, so long as they aren't trying to tell me what to do or try to change me too much.","xxxx",,,,
"Angi_interaction1_5","Wait . . . you run (restaurant name)? The dump with amazing food?_It's the talk of all the caddies at my golf club and they know good food. My name is Angi! If it's lizardmen-free, I'll come by.","xxxx",,,,
"Angi_interaction1_6",,"xxxx",,,,
,,,,,,
"Angi_interaction2_1_intro","Have you thought about adding a theme to your establishment?","xxxx",,,,
"Angi_interaction2_1_option_1","A mascot? No, I am not doing that.","xxxx",,,,
"Angi_interaction2_1_option_2","Oh, you mean like a jungle theme or something?","xxxx",,,,
"Angi_interaction2_1_response_1","I really think you should! Themed restaurants are all the rage, as they offer something fun to do._Prices can be pushed to the moon because of said fun, and when they close, they are a great tax writeoff!","xxxx",,,,
"Angi_interaction2_1_response_2","Exactly! I was thinking something classy, something with a bit of oddness to it. Hear me out, Alice in Wonderland!_. . . Just wanted to give you a moment. For the genius to sink in.","xxxx",,,,
"Angi_interaction2_2","If you frequent the internet, you are being fed lies daily. Just because something is new doesn't mean that it is true._Books on the other hand, they are truer than people. Facts, people. Just like how all birds are secretly drones.","xxxx",,,,
"Angi_interaction2_3","What kind of books do I read? I have the entirety of Parker U's catalog in my memory core as we speak._They are the best and my only source of information. Do not taint my pool of knowledge, because it is probably filled with lies.","xxxx",,,,
"Angi_interaction2_4","Mumsy has always encouraged me to grow my interests. One of the books she gave me was on furniture making._I found a lot of the designs in it to be intriquing. I might even try to build an 'ottoman' or whatever.","xxxx",,,,
"Angi_interaction2_5","Mumsy believes that the online world is full of lies and I'll get sick if I connect to it._I have seen how some androids behave over the years and I can see what she means. Information is dangerous when it's allowed to flow freely.","xxxx",,,,
"Angi_interaction2_6",,"xxxx",,,,
,,,,,,
"Angi_interaction3_1_intro","Do you go online, (playername)?","xxxx",,,,
"Angi_interaction3_1_option_1","Of course, it's how the modern world functions.","xxxx",,,,
"Angi_interaction3_1_option_2","I try to avoid it. Only run necessary updates and such.","xxxx",,,,
"Angi_interaction3_1_response_1","Of course . . . does that mean I am missing stuff that is happening around us?","xxxx",,,,
"Angi_interaction3_1_response_2","Yeah, same! I knew you would get it. Stuff out there is full of lies like how the last election went down. We all know what they did. It's all rigged!","xxxx",,,,
"Angi_interaction3_2","I have begun to think that maybe I am missing out on something. Conversations with strangers who might . . . no, Mummy wouldn't want me to talk to strangers._We started off as strangers. And here we are, talking. And . . . I feel . . . fine.","xxxx",,,,
"Angi_interaction3_3","Connecting with you has shown me that maybe . . . maybe Mumsy doesn't know . . . everything.","xxxx",,,,
"Angi_interaction3_4","I am going to do it, (playername). I am . . . going to log onto the information superhighway._The ""series of tubes."" The sum total knowledge of all humans. I am going to log onto . . . THE NET!","xxxx",,,,
"Angi_interaction3_5","(playername)! (playername)! I KNEW I WAS RIGHT! The birds! They are DRONES! I found a group talking all about it and they have evidence._The pictures, it's soooo clear that I do not understand how a . . . IS THAT A PIGEON?! RUN!","xxxx",,,,
"Angi_interaction3_6",,"xxxx",,,,
,,,,,,
"Angi_interaction4_1_intro","My head . . . ughhhhh! I ran an update to my server core and I feel terrible. Was Mumsy right, (playername)?_Am I going to die now that I've been online?","xxxx",,,,
"Angi_interaction4_1_option_1","You got the update through the official launcher?","xxxx",,,,
"Angi_interaction4_1_option_2","Ah, looks like you're having a hangover.","xxxx",,,,
"Angi_interaction4_1_response_1","I think so? I went online and clicked on something that flashed at me saying 'Click Here' and that's when everything got strange.","xxxx",,,,
"Angi_interaction4_1_response_2","A hangover? No, this isn't a hangover._This is something else, something worse . . . maybe I shouldn't have clicked on that flashing 'Click Here' button.","xxxx",,,,
"Angi_interaction4_2","Mumsy said I was everything she wanted in her life. My first memories were in my room._I felt both larger and smaller when she hugged me for the first time.","xxxx",,,,
"Angi_interaction4_3","Mumsy isn't picking up the phone anymore._I call and all I get is �Stop calling, this isn't your mumsy, this is Dale's Towing.� WHY DID MUMSY'S NAME CHANGE?!","xxxx",,,,
"Angi_interaction4_4","I went and saw someone. They said they were an IT technician and they were able to fix my damaged data loop._I am set now, fully updated and working, and wow! I feel like I can do anything!","xxxx",,,,
"Angi_interaction4_5","I stepped through the looking glass, (playername) and I can't go back. Mumsy is angry, but she hasn't disowned me._I know so much now. Thank you, for not leaving me to rot during my crisis.","xxxx",,,,
"Angi_interaction4_6",,"xxxx",,,,
,,,,,,
"Angi_interaction5_1_intro",,"xxxx",,,,
"Angi_interaction5_1_option_1",,"xxxx",,,,
"Angi_interaction5_1_option_2",,"xxxx",,,,
"Angi_interaction5_1_response_1",,"xxxx",,,,
"Angi_interaction5_1_response_2",,"xxxx",,,,
"Angi_interaction5_2",,"xxxx",,,,
"Angi_interaction5_3",,"xxxx",,,,
"Angi_interaction5_4",,"xxxx",,,,
"Angi_interaction5_5",,"xxxx",,,,
"Angi_interaction5_6",,"xxxx",,,,
,,,,,,
"Angi_interaction6_1_intro",,"xxxx",,,,
"Angi_interaction6_1_option_1",,"xxxx",,,,
"Angi_interaction6_1_option_2",,"xxxx",,,,
"Angi_interaction6_1_response_1",,"xxxx",,,,
"Angi_interaction6_1_response_2",,"xxxx",,,,
"Angi_interaction6_2",,"xxxx",,,,
"Angi_interaction6_3",,"xxxx",,,,
"Angi_interaction6_4",,"xxxx",,,,
"Angi_interaction6_5",,"xxxx",,,,
"Angi_interaction6_6",,"xxxx",,,,
,,,,,,
"113_ANGI_INTERACT","113_ANGI_INTERACT",,,,,
,,,,,,
"Angi_compliment_looks","Of course. I always look good.","xxxx",,,,
"Angi_compliment_clothing","Top drawer, just like me.","xxxx",,,,
"Angi_compliment_mind","Unpolluted and sharp, like my looks.","xxxx",,,,
"Angi_compliment_work",". . . Oh, you mean my investment portfolio? How do you know about that?","xxxx",,,,
"Angi_encouragement","Mumsy gives me all the encouragement I need.","xxxx",,,,
"Angi_offerhelp_accept","Mumsy would be furious, but I am out of my depth here.","xxxx",,,,
"Angi_offerhelp_decline","No, no handouts. Mumsy taught me to never accept a handout.","xxxx",,,,
"Angi_present_useful_1","Oh, it's a . . . a thing! Neat.","xxxx",,,,
"Angi_present_useful_2",,"xxxx",,,,
"Angi_present_useful_3",,"xxxx",,,,
"Angi_present_valuable_1",,"xxxx",,,,
"Angi_present_birthday_1",,"xxxx",,,,
"Angi_present_useless_1","Ew. No.","xxxx",,,,
"Angi_present_useless_2",,"xxxx",,,,
"Angi_present_useless_3",,"xxxx",,,,
"Angi_gift_already_given","You must be mistaken. I got one of these already. And here I thought you were being creative in your gift giving!","xxxx",,,,
"Angi_hug","You have to sign this NDA first.","xxxx",,,,
"Angi_hangout_decline","I have my reservation at the squash court today. So sorry!","xxxx",,,,
"Angi_romantic_decline","Me . . . date you? Ha. Haha. HAHAHA!! Oh, you're being serious. I mean, I am unavailable.","xxxx",,,,
,,,,,,
,,,,,,
,,,,,,
"114_FLEUR","114_FLEUR",,,,,
,,,,,,
"Fleur_interaction1_1","Okay, okay, okay, but why are all of the suppliers out of cloth napkins?! I gotta find . . . excuse me.","xxxx",,,,
"Fleur_interaction1_2","I swear if I get another vendor bailing on me I will . . . Uh, hi.","xxxx",,,,
"Fleur_interaction1_3","Look, I can see you are trying to be friendly, and that's kind and all, but right now I need to get everything sorted for when my bistro starts service.","xxxx",,,,
"Fleur_interaction1_4","Hi again, I've been very busy lately, and I want to say thank you for seeing how I am doing._We don't know one another at all, but a stranger checking in on me tells me that perhaps I should take a breath.","xxxx",,,,
"Fleur_interaction1_5","My name is Fleur. It's nice to meet you, (playername). I would love to chat, but I have to get going. Stop by my family's bistro sometime._It's called Bistro Papillon and we can chat if when I'm not putting out fires.","xxxx",,,,
"Fleur_interaction1_6",,"xxxx",,,,
,,,,,,
"Fleur_interaction2_1_intro","I looked you up since we last talked. You own Le Sequoia in White Ash Harbor?! Why are you here?","xxxx",,,,
"Fleur_interaction2_1_option_1","I'm going to knock Otto Canton down a peg on The 100.","xxxx",,,,
"Fleur_interaction2_1_option_2","To prove myself as a chef.","xxxx",,,,
"Fleur_interaction2_1_response_1","You're going to climb over Canton's shop? Good luck to you then.","xxxx",,,,
"Fleur_interaction2_1_response_2","Classic imposter syndrome, but I get the need to want to prove yourself on your terms._Wish I had that opportunity, but I'm just happy to run a successful business.","xxxx",,,,
"Fleur_interaction2_2","Bistro Papillon sits comfortably in the 50s on The 100 and I am proud of that. This place has been here for thirty years and it's my turn at the wheel. God help me.","xxxx",,,,
"Fleur_interaction2_3","One of the main drawbacks to this spot is that there is very little I can do to make it my own._Our clientele know us and know what they like. Change isn't on the menu . . . unfortunately.","xxxx",,,,
"Fleur_interaction2_4","We've been in that 53 spot for a long time._We haven't gone up or down. Some people might be accepting of that, but me, I want to push us up just a bit.","xxxx",,,,
"Fleur_interaction2_5","Just . . . trying anything to help us move up The 100 feels like we would risk going down too._It's hard to move out of quicksand when every twitch could save or kill you just the same.","xxxx",,,,
"Fleur_interaction2_6",,"xxxx",,,,
,,,,,,
"Fleur_interaction3_1_intro","Tell me, (playername), you have anyone waiting for you back in White Ash?","xxxx",,,,
"Fleur_interaction3_1_option_1","No, I don't. Why are you asking?","xxxx",,,,
"Fleur_interaction3_1_option_2","I do, why?","xxxx",,,,
"Fleur_interaction3_1_response_1","Don't fret, you're not my type, I have a girlfriend, but she's far away._I was curious to see how you handle long distance stuff, but I got my answer.","xxxx",,,,
"Fleur_interaction3_1_response_2","Good for you! I gotta ask though, how do you do it? The long distance thing?_I ask because I have a girlfriend who lives in Neon Foundry. I know, far away, but we love each other.","xxxx",,,,
"Fleur_interaction3_2","I met Remy at a restaurateurs' conference. She runs a hippy dippy vegan spot in the Art Tunnel of Neon Foundry._She also has an eyebrow piercing, and wouldn't usually be my type, but in that moment, she was.","xxxx",,,,
"Fleur_interaction3_3","Remy has this ability to make me forget all of my stresses from Bistro Papillon._When I call her, everything vanishes, and I just feel . . . oh no! I have to get those restocks done now!","xxxx",,,,
"Fleur_interaction3_4","I want to be with her, (playername)._Every moment I am awake, and it's hard because I can't leave Bistro Papillon on a whim to see her. Not these days.","xxxx",,,,
"Fleur_interaction3_5","I want to show my parents they were right to trust me with their shop._I can't blow it, even for love. I can't drop this dream. It's too precious.","xxxx",,,,
"Fleur_interaction3_6",,"xxxx",,,,
,,,,,,
"Fleur_interaction4_1_intro","I got a text from Remy. She wants to come here! I don't know what to do.","xxxx",,,,
"Fleur_interaction4_1_option_1","You say yes and be happy!","xxxx",,,,
"Fleur_interaction4_1_option_2","Fleur, just have fun.","xxxx",,,,
"Fleur_interaction4_1_response_1","I say yes, she comes here, and then I ignore her because I have Traveler's to deal with, day in and day out! Ughhhhh!","xxxx",,,,
"Fleur_interaction4_1_response_2","You see, I don't need this. I get this enough from the part of my brain that yells this at me daily. I'm nervous about having fun!","xxxx",,,,
"Fleur_interaction4_2","It's hard to let go and enjoy the day when everything is screaming at you to not do that because you gotta make money, honey.","xxxx",,,,
"Fleur_interaction4_3","Do you remember the last time you enjoyed the day? I don't and I'm tired of it. When Remy gets here, I am handing off Bistro Papillon duties to my assistant. This place can survive without me for five days.","xxxx",,,,
"Fleur_interaction4_4","She's almost here! Two days from now she'll be here and I just lost my chef and our supplier is out of garlic, GARLIC, of all things! I'm just waiting for, nope, not gonna say it!","xxxx",,,,
"Fleur_interaction4_5","This is it. I'm going to hang out with my girlfriend and nothing will stop me from doing this. Bistro Papillon will be here when I'm back. Yep. Okay. I'm going now.","xxxx",,,,
"Fleur_interaction4_6",,"xxxx",,,,
,,,,,,
"Fleur_interaction5_1_intro",,"xxxx",,,,
"Fleur_interaction5_1_option_1",,"xxxx",,,,
"Fleur_interaction5_1_option_2",,"xxxx",,,,
"Fleur_interaction5_1_response_1",,"xxxx",,,,
"Fleur_interaction5_1_response_2",,"xxxx",,,,
"Fleur_interaction5_2",,"xxxx",,,,
"Fleur_interaction5_3",,"xxxx",,,,
"Fleur_interaction5_4",,"xxxx",,,,
"Fleur_interaction5_5",,"xxxx",,,,
"Fleur_interaction5_6",,"xxxx",,,,
,,,,,,
"Fleur_interaction6_1_intro",,"xxxx",,,,
"Fleur_interaction6_1_option_1",,"xxxx",,,,
"Fleur_interaction6_1_option_2",,"xxxx",,,,
"Fleur_interaction6_1_response_1",,"xxxx",,,,
"Fleur_interaction6_1_response_2",,"xxxx",,,,
"Fleur_interaction6_2",,"xxxx",,,,
"Fleur_interaction6_3",,"xxxx",,,,
"Fleur_interaction6_4",,"xxxx",,,,
"Fleur_interaction6_5",,"xxxx",,,,
"Fleur_interaction6_6",,"xxxx",,,,
,,,,,,
"114_FLEUR_INTERACT","114_FLEUR_INTERACT",,,,,
,,,,,,
"Fleur_compliment_looks","Thanks.","xxxx",,,,
"Fleur_compliment_clothing","Thank you. Yes, these are from five seasons ago.","xxxx",,,,
"Fleur_compliment_mind","My brain is shot from anxiety and sleep deprivation, but thank you?","xxxx",,,,
"Fleur_compliment_work","Please, I think about it enough.","xxxx",,,,
"Fleur_encouragement"," . . .you know what? Thanks, it's hard to remember to take the positives when they come along.","xxxx",,,,
"Fleur_offerhelp_accept","If you could help me, I'd appreciate it.","xxxx",,,,
"Fleur_offerhelp_decline","I've got my big girl pants on right now. Thanks, though.","xxxx",,,,
"Fleur_present_useful_1","This is perfect, thanks!","xxxx",,,,
"Fleur_present_useful_2",,"xxxx",,,,
"Fleur_present_useful_3",,"xxxx",,,,
"Fleur_present_valuable_1",,"xxxx",,,,
"Fleur_present_birthday_1",,"xxxx",,,,
"Fleur_present_useless_1","Not really my style. Thanks.","xxxx",,,,
"Fleur_present_useless_2",,"xxxx",,,,
"Fleur_present_useless_3",,"xxxx",,,,
"Fleur_gift_already_given","You gave me one of these. I liked it, but I don't need more today.","xxxx",,,,
"Fleur_hug","Who doesn't have time for a hug? Come in here!","xxxx",,,,
"Fleur_hangout_decline","Bistro Papillon needs me tonight, I can't.","xxxx",,,,
"Fleur_romantic_decline","I'm not into you like that, okay?","xxxx",,,,
,,,,,,
,,,,,,
,,,,,,
"115_MILO",,,,,,
,,,,,,
"Milo_interaction1_1","Hello, who are you?_If you are asking, my name is Milo, and if you weren't asking, well now you know.","xxxx","20",,,
"Milo_interaction1_2","How do you feel today? 'Good' is not a state of being, so please answer in a manner that reflects how you actually feel._As for myself, I am feeling joyful at the moment.","xxxx","33",,,
"Milo_interaction1_3","My parents always taught me not to voice my opinion to someone's face, unless it's a good one._I found it's a good rule to live by, which is why I will not share what I think of your outfit, but man, it's hard.","xxxx","43",,,
"Milo_interaction1_4","Did you know? Oni masks are usually reserved for traditional ceremonies and performances around Japan.","xxxx","15",,,
"Milo_interaction1_5","Interacting with neurotypicals is just so tiring. I wish everyone could keep up during conversations, but sadly only a few can track with me._I could go on, but right now I am exhausted.","xxxx","33",,,
"Milo_interaction1_6","You are the new chef in town? I've heard about you. Some people believe you are rather overblown and don't deserve the free restaurant._Others think you're fine. I don't know where I sit yet, but I'll come to a conclusion soon enough.","xxxx","42",,,
,,,"",,,
"Milo_interaction2_1_intro","You're a chef, have you ever tried to make a Japanese pancake?_The big fluffy ones that look like a cloud on a plate?","xxxx","23",,,
"Milo_interaction2_1_option_1","Yes, and they are a delight.","xxxx","6",,,
"Milo_interaction2_1_option_2","No, I haven't yet.","xxxx","4",,,
"Milo_interaction2_1_response_1","They are! I really love them with whipped cream and fresh blueberries. You have passed my test. Congrats.","xxxx","18",,,
"Milo_interaction2_1_response_2","I am sorry to hear that. You have failed my test. For now I bid you adieu.","xxxx","17",,,
"Milo_interaction2_2","I love traditional Japanese masks, though I think my favorites are Hannya masks._I guess some can say they look a bit weird and creepy, but to me they are extremely beautiful.","xxxx","31",,,
"Milo_interaction2_3","To me, making something of quality is the point of making anything. I truly loathe the fast fashion you are wearing as it is both cheap and bad for the planet._Don't worry, you're not the only one who has terrible taste.","xxxx","41",,,
"Milo_interaction2_4","The only reason I'm not a vegan, (playername), is because I love eggs._Nabiha has tried to convince me otherwise, but it's not for me. I love eggs too much.","xxxx","29",,,
"Milo_interaction2_5","I don't have many friends in my life outside of Hasel and Thelio. Perhaps you will be my friend one day too. Have a good day, my future friend.","xxxx","29",,,
"Milo_interaction2_6","If you ever find yourself needing some time for peace, then I recommend East Beach._Its natural wonders and the roar of the ocean always put my mind at ease.","xxxx","29",,,
,,,"",,,
"Milo_interaction3_1_intro","Hello, (playername)! What have you done for someone else today?","xxxx","10",,,
"Milo_interaction3_1_option_1","Oh, uhhh, still working on that.","xxxx","6",,,
"Milo_interaction3_1_option_2","I helped with some deliveries earlier.","xxxx","6",,,
"Milo_interaction3_1_response_1","Remember, a community is only as good as the people who live in it. We should help others using our talents. I hope you cook something for someone in need today.","xxxx","31",,,
"Milo_interaction3_1_response_2","Deliveries? I wasn't expecting that, I was expecting you to cook something for someone. Huh, that is curious.","xxxx","18",,,
"Milo_interaction3_2","Even though I disagree with most clothing brands' methods of production, I still enjoy getting clothes as a gift._It's nice to see what is being made and figure out how to riff off of those designs.","xxxx","36",,,
"Milo_interaction3_3","I will make my own clothing line at scale one day._It's hard to get quality and quantity to work together, (playername), but I plan on taking on that challenge one day.","xxxx","31",,,
"Milo_interaction3_4","Oni are formed when an evil person dies and goes to one of the Buddist hells._They come back as a demon to terrorize the living. In today's world, they are seen as a good luck charm that scares away bad luck.","xxxx","41",,,
"Milo_interaction3_5","When it's raining, I tend to feel a little at ease._The rhythm of the rain hitting the roof helps keep my focus away from any troubling customers in my shop.","xxxx","30",,,
"Milo_interaction3_6","In case you didn't know, Prisca is one of the most helpful people in town._She does so much for so many people. She helped me set up my store, so if you need anything, be sure to find her.","xxxx","39",,,
,,,"",,,
"Milo_interaction4_1_intro","Hi friend! Tell me, do you have anyone special in your life? I'm asking because I am not seeking any sort of relationship with you._I inquire because I am curious about your life.","xxxx","33",,,
"Milo_interaction4_1_option_1","No, I don't have the time for one.","xxxx","8",,,
"Milo_interaction4_1_option_2","Yes, I have someone who is special to me.","xxxx","9",,,
"Milo_interaction4_1_response_1","That is a shame to hear._Everyone needs someone, I believe, even if that person isn't of romantic interest to them, because no human is made to be alone.","xxxx","28",,,
"Milo_interaction4_1_response_2","I'm glad to hear that, (playername). I hope to one day have someone like that in my life._If she will have me that is, but we will see as time goes on.","xxxx","32",,,
"Milo_interaction4_2","Making friends is difficult for me because I am very honest with people._I think it will serve me well in a relationship because honesty is what's needed to make one work.","xxxx","31",,,
"Milo_interaction4_3","I'm making an Oni mask at home. I hope to be able to use it at an upcoming festival._Now I just need a spiked club. Do you think that will get through security?","xxxx","33",,,
"Milo_interaction4_4","As a chef, (playername), I'm sure you've run into your share of criticism, and so have I._I believe that the average person has not because so many people believe that I am rude even though I am simply trying to help.","xxxx","41",,,
"Milo_interaction4_5","You know what I need right now? A boba tea from Hasel. When I'm off work, I'm going over there and getting one._I know I can get them from a vending machine, but hers are better.","xxxx","36",,,
"Milo_interaction4_6","Do you shop at Milk and Wheat frequently?_It doesn't sell anything special but my friend Thelio works there and I like to say hi. He's a good guy.","xxxx","28",,,
,,,"",,,
"Milo_interaction5_1_intro","Have you ever wondered about what life would be like if you were born 'normal'?","xxxx","15",,,
"Milo_interaction5_1_option_1","No one is normal, Milo.","xxxx","5",,,
"Milo_interaction5_1_option_2","I really do wonder somedays.","xxxx","5",,,
"Milo_interaction5_1_response_1","I don't envy or feel jealous about it, but I'd be curious to see what a day would be like as a neurotypical.","xxxx","23",,,
"Milo_interaction5_1_response_2","When my mind is whirling, I don't get as much done, but that doesn't mean that I am not doing anything._Usually I have my Rubik's cube. It helps to fiddle it around when I get like that.","xxxx","37",,,
"Milo_interaction5_2","I really do like watching horror movies. They are hilarious, even though it is probably unintentional._There's just something about watching people scream and run for their lives from a walking masked killer that makes me laugh.","xxxx","36",,,
"Milo_interaction5_3","I make each garment of mine with the hope that it will live a long life. As long as I know they are of a high quality, then I am content.","xxxx","31",,,
"Milo_interaction5_4","This place is full of people nowadays. I am not going to lie, not that I ever do, but I miss when it was quieter._Sure, fewer sales, but also, I could hear the ocean sometimes. Now, it's just constant chatter.","xxxx","40",,,
"Milo_interaction5_5","I was walking to the shop today and saw a little kid with a baseball bat on rollerblades._I don't know why, but I am bothered by that image.","xxxx","28",,,
"Milo_interaction5_6","Have you ever been to Milk and Wheat? It's a corner store in town._It doesn't have stuff as nice as the other stores around here, but my friend Thelio works there and I like to visit him. He's a good guy.","xxxx","41",,,
,,,"",,,
"Milo_interaction6_1_intro","Do you prefer horns or no horns for your oni mask? No judgement, just want to know.","xxxx","17",,,
"Milo_interaction6_1_option_1","Horns, please!","xxxx","2",,,
"Milo_interaction6_1_option_2","No horns, thank you.","xxxx","4",,,
"Milo_interaction6_1_response_1","They do add a lot of drama to the mask, I agree.","xxxx","12",,,
"Milo_interaction6_1_response_2","That's a clean look. I'll emphasize the teeth to create some drama.","xxxx","12",,,
"Milo_interaction6_2","Making us a set of oni masks is something that I just popped into my head. I think it would be a lot of fun to have a set like that.","xxxx","31",,,
"Milo_interaction6_3","Since we've been together, my brain has been on fire with ideas._I have drawn so many clothing doodles that I might need a new drawing pad soon.","xxxx","27",,,
"Milo_interaction6_4","Free-flowing ideas, a sense of warmth throughout the day, I see why people like being in a relationship._When I was single, I loved myself and my ideas, but having someone who also shares my dreams just makes things feel a bit warmer.","xxxx","42",,,
"Milo_interaction6_5","If we're together for long enough, I'm sure the subject of marriage will come up._I don't think I need something so formal as a ceremony to feel like we're together forever, but if you do, let me know.","xxxx","38",,,
"Milo_interaction6_6","I love you more than oni masks. I said it and I mean it. In my mind you are above that line._Which is a place that no one else has ever been, including my parents. I love them, but not as much as oni masks.","xxxx","45",,,
,,,"",,,
"115_MILO_PROGRESSION",,,"",,,
,,,"",,,
"Milo_progression_restaurantOpen","I heard Le Sequoia is open! I hope you last longer than the average restaurant!","xxxx","15",,,
"Milo_progression_luciusReview","Lucius is a rather trite critic. I find his reviews to be boring and lacking any real thought.","xxxx","18",,,
"Milo_progression_bathhouseOpen","I am not that fond of baths. I am very much a shower person, but I am glad to see the building is open. It is very elegant and charming.","xxxx","30",,,
"Milo_progression_leSequoiaReputation","Your food must be good because people in my shop have been talking about it a lot. It's annoying, but good for you!","xxxx","23",,,
"Milo_progression_teahouseReputation","I join many others when I say the teahouse is sublime._That word is a very good word to use for it and I overheard someone say it so I decided to use it again in this conversation._Good job on the teahouse, (playername).","xxxx","42",,,
"Milo_progression_helpfullness1","Thank you for doing as much as you have for people asking for help._It takes a lot to even ask for help, so it's good to see you are honoring their request by answering it.","xxxx","35",,,
"Milo_progression_helpfullness2","Helping people is so important these days or any days to have ever existed. Good work helping out when you can.","xxxx","21",,,
,,,"",,,
"Milo_restaurantMenu_positive_1","Your menu doesn't have food I wouldn't eat. So, that's nice!_And there are a lot of vegetarian choices. So that's nice too!","xxxx","22",,,
"Milo_restaurantMenu_positive_2","When I ate at your restaurant, the menu selections were almost too much goodness in one spot!_You can expect to see me more often.","xxxx","24",,,
"Milo_restaurantMenu_negative_1","I do not like your menu. Why? Well, there is too much meat in there, and not enough greens.","xxxx","19",,,
"Milo_restaurantMenu_negative_2","Have you changed the menu yet? No? Then no, I'm good.","xxxx","11",,,
,,,"",,,
"Milo_environmentConsumer_positive_1","I am glad that you and I are of one mind when it comes to running a successful business and also not destroying the planet in the process. Well done!","xxxx","30",,,
"Milo_environmentConsumer_positive_2","What's the point of money if we destroy everything in the process?_Money can't buy you air and water if it's all contaminated with microplastics._No future with that stuff around. I'm glad you're not contributing to this problem.","xxxx","37",,,
"Milo_environmentConsumer_negative_1","I have nothing to say to you if you pollute and destroy our town for the sake of a credit._We all have a responsibility here, (playername).","xxxx","26",,,
"Milo_environmentConsumer_negative_2","You have doomed our children and their future for nothing but ones and zeros. I hope you sleep poorly.","xxxx","19",,,
,,,"",,,
"Milo_firstQuestComplete_1","This is a mask I have sought for a very long time. Holding it in my hands is such a joy. Thank you again.","xxxx","24",,,
"Milo_firstQuestComplete_2","I have displayed the mask in my home. I get to look at it every day and I am so glad I get to.","xxxx","24",,,
"Milo_firstQuestComplete_3","When Aloys came over the other day, he noticed my newest home decoration. He asked to hold it. I laughed and said no. No one gets to hold it.","xxxx","29",,,
,,,"",,,
"Milo_secondQuestComplete_1","My heart isn't as full as I wish it were, but I'm glad I tried to find love.","xxxx","18",,,
"Milo_secondQuestComplete_2","I don't know what to do with my feelings for Hasel._I don't want to throw them away, but keeping them around is probably a bad idea. Could become toxic.","xxxx","29",,,
"Milo_secondQuestComplete_3","I've decided to place my emotions into a section of my brain dedicated to admiration._I don't want to let those warm feelings go, but also, I am not under the delusion that we will be together someday.","xxxx","37",,,
,,,,,,
,,,,,,
"115_MILO_INTERACT",,,,,,
,,,,,,
"Milo_compliment_looks","My face was given to me by my mom and dad. I had very little to do with it other than adding some highlights to it._Tell them about my face, they did the work.","xxxx",,,,
"Milo_compliment_clothing","Ah, you noticed my clothes and the Oni mask? Thanks, I'm pretty proud with how this print came out, it was really difficult since I had to do it by hand.","xxxx",,,,
"Milo_compliment_mind","Look, my brain is mine and mine alone. You don't need to talk about it.","xxxx",,,,
"Milo_compliment_work","I was taught that a job must be done well. This job allows me to survive, but I hope it will also lead me to my dreams.","xxxx",,,,
"Milo_encouragement",". . . _Ok.","xxxx",,,,
"Milo_offerhelp_accept","Your request to help me with this task is approved.","xxxx",,,,
"Milo_offerhelp_decline","My mom was right about some people having a beautiful heart._But I don't need your help right now. Thank you.","xxxx",,,,
"Milo_present_useful_1","I thought something like this would be beyond my means for a while. This means a lot to me. Thank you.","xxxx","21",,,
"Milo_present_useful_2","Hey, this is pretty stylish! Thank you, friend!","xxxx","8",,,
"Milo_present_useful_3","You know, I think I misjudged you, (playername). You do have great taste.","xxxx","13",,,
"Milo_present_valuable_1","Expensive, yes. But is it stylish? . . . The answer would be a resounding . . ._. . . No . . .","xxxx","24",,,
"Milo_present_birthday_1","What . . . Whoa . . . Hey! Is this a gift for me? Few people remember my birthday. This means a lot, (playername). And look, it's a stylish piece too!","xxxx","32",,,
"Milo_present_useless_1","I wouldn't know what to do with that, but thank you._If you want to give me something, give me materials I can use for mask making, or some healthy meals.","xxxx","30",,,
"Milo_present_useless_2","Not stylish, (playername). Not stylish at all. I thought you had potential, but alas, I was wrong.","xxxx","17",,,
"Milo_present_useless_3","No. I don't like the look of this. Do you like the look of this?","xxxx","15",,,
"Milo_gift_already_given","You have given me this specific item already today. Is your brain okay? Maybe you should lie down.","xxxx","18",,,
"Milo_hug","What are you doing? Are we lovers or something?_No offense, but I really don't like being touched, so don't ever do that again, I'm not joking.","xxxx","26",,,
"Milo_hangout_decline","Sorry, I'm a bit busy today.","xxxx",,,,
,,,,,,
"115_MILO_MILOS_APPAREL",,,,,,
,,,,,,
"Milo_shop_default_1","Hello, this shop sells clothes, go ahead and get some.","xxxx","10",,,
"Milo_shop_default_2","Hello, I made the clothes in this shop. Buy some.","xxxx","10",,,
"Milo_shop_default_3","Hello, the clothes in this shop are not terrible, unlike the clothes you are wearing.","xxxx","15",,,
"Milo_shop_default_4","Hello. Yes, that's my name out front. Don't steal from here.","xxxx","11",,,
"Milo_shop_default_5","Hello, it's good you dropped by. You definitely need new clothes.","xxxx","11",,,
"Milo_shop_buy_1","That will cover your body.","xxxx","5",,,
"Milo_shop_buy_2","You will not find another print like that.","xxxx","8",,,
"Milo_shop_buy_3","This is an excellent choice.","xxxx","5",,,
"Milo_shop_sell_1","I can use this to make more clothes.","xxxx","8",,,
"Milo_shop_sell_2","I will buy that.","xxxx","4",,,
"Milo_shop_sell_3","This will be useful.","xxxx","4",,,
"Milo_shop_sell_rejected_1","Why would you think I needed that?","xxxx","7",,,
"Milo_shop_sell_rejected_2","This has nothing to do with what I make.","xxxx","9",,,
"Milo_shop_sell_rejected_3","I don't need this, stop trying to sell it to me.","xxxx","11",,,
"Milo_shop_too_poor_1","I have to pay people with the credits people pay me for the goods I sell, and you don't have any.","xxxx","21",,,
"Milo_shop_too_poor_2","You need credits to buy that.","xxxx","6",,,
"Milo_shop_too_poor_3","This is a business, not a charity.","xxxx","7",,,
,,,"",,,
"116_VALENTINA",,,"",,,
,,,"",,,
"Valentina_interaction1_1",". . . Hello? Goodbye . . .","xxxx","8",,,
"Valentina_interaction1_2","Is there something you need?","xxxx","5",,,
"Valentina_interaction1_3","I'm not obligated to ask if you're okay just because you bothered me.","xxxx","13",,,
"Valentina_interaction1_4","If you need something, please hesitate to ask.","xxxx","8",,,
"Valentina_interaction1_5","Look, I need to be somewhere very soon. A movie premiere to be exact. If you're done, I'd really like to get moving.","xxxx","23",,,
"Valentina_interaction1_6","I may have overexaggerated about the premiere._It was a movie that hasn't been screened yet, but I managed to find myself an . . . early copy . . .","xxxx","30",,,
,,,"",,,
"Valentina_interaction2_1_intro","If there is one thing that is missing in White Ash Harbor, it's a proper movie theater._You know, squeaky seats, hot popcorn, big screen!","xxxx","24",,,
"Valentina_interaction2_1_option_1","I'm sorry, what?","xxxx","3",,,
"Valentina_interaction2_1_option_2","Like Cinema Rouge in Billboard City?","xxxx","6",,,
"Valentina_interaction2_1_response_1","Movie theaters were a gift that we as a society have squandered. Streaming movies at home doesn't give the same vibe at all.","xxxx","23",,,
"Valentina_interaction2_1_response_2","I LOVE CINEMA ROUGE! They have the best selection of old movies! I'm so glad someone else gets what I'm saying.","xxxx","21",,,
"Valentina_interaction2_2","This town is just a blip on the map and I really can't wait to leave it. You know, head to a place with a real teahouse and that's far, far away from here.","xxxx","34",,,
"Valentina_interaction2_3","When the rain is coming down in full force, that's when I know I'm going to have a good day. Because waiting for me at the end of it is a hot cup of tea.","xxxx","35",,,
"Valentina_interaction2_4","This is my day job. It pays the bills, and helps me get better gear so I can do what I am really into: modeling 3D monsters.","xxxx","27",,,
"Valentina_interaction2_5","When it's foggy out, I sometimes think that there are creatures waiting in the mist. Just beyond what I can see._Makes the walks home feel safer than usual because any creeps out there would be eaten before they say something stupid.","xxxx","41",,,
"Valentina_interaction2_6","If you're looking for some fun gear that has some horror to it, check out Milo's._I know of his style isn't for everyone, but his clothing will last forever if treated right.","xxxx","32",,,
,,,"",,,
"Valentina_interaction3_1_intro","Look, I don't really need to chat right now . . . okay?","xxxx","13",,,
"Valentina_interaction3_1_option_1","You look like you need someone to talk to . . .","xxxx","12",,,
"Valentina_interaction3_1_option_2","Fine, I'll leave you be then.","xxxx","6",,,
"Valentina_interaction3_1_response_1",". . . it's just, my life is hard. I know everyone's is, but today, it's my turn. And I am tired of feeling like it's my turn every day. That's all.","xxxx","32",,,
"Valentina_interaction3_1_response_2","Sorry, (playername). It's just been one of those days.","xxxx","9",,,
"Valentina_interaction3_2","Every Tuesday, I have a call with my online therapist. I wonder if it's even worth it.","xxxx","17",,,
"Valentina_interaction3_3","After a day like today, I cannot wait until I'm home so I can channel my anxiety into some horrific monster models._It really helps lift my spirits.","xxxx","27",,,
"Valentina_interaction3_4","I'd like to pop up to The New Dev for their overnight horror movie marathon._Problem is, I can't take a day off because who would run the clinic? No one, that's who.","xxxx","32",,,
"Valentina_interaction3_5","My thearpist said that my anxiety stems from my lack of sleep and too much coffee._She's not wrong, but I am needed at all hours of the day and coffee is what keeps me going. It's a vicious cycle.","xxxx","39",,,
"Valentina_interaction3_6","I love horror, but I've heard that some parts of the woods around here have some funky stuff going on in them._I'm talking about voices from the wood and such. That's a big nope for me! I'll take my fake ghosts every time, thank you.","xxxx","45",,,
,,,"",,,
"Valentina_interaction4_1_intro","Hey, (playername), do you watch cooking shows when you get home?_I ask because I often find myself watching combat sports if given the chance._Do you indulge in watching your day job on TV?","xxxx","33",,,
"Valentina_interaction4_1_option_1","How does combat sports tie into your job?","xxxx","8",,,
"Valentina_interaction4_1_option_2","Yep, knowing what's new in cooking is important.","xxxx","8",,,
"Valentina_interaction4_1_response_1","Seeing how someone breaks an arm allows me to research how to treat that injury long before said injury comes in my clinic._This cuts down on the time to treat the injury and limit the patient's discomfort. Bonus feature, it's fun to watch.","xxxx","43",,,
"Valentina_interaction4_1_response_2","I'm glad that someone else also enjoys their work enough to watch it at home._Seeing different types of injuries allows me to figure out how to treat them before a patient is in my clinic with said injury._Also, it's fun to watch.","xxxx","42",,,
"Valentina_interaction4_2","Here's a small secret, (playername). I'm not professionally educated in the medical field._I know what I know from watching training videos, combat sports, and horror movies._All that considered, I'm still pretty good at what I do.","xxxx","36",,,
"Valentina_interaction4_3","If you haven't yet, you should watch some Korean horror movies. It's from a different plane of existence and it is one filled with blood.","xxxx","25",,,
"Valentina_interaction4_4","My cat came up to me the other day while I was having some tea. She sat in my lap and we watched the rain together._It's the most peaceful I've been in months. Guess that means something's going right, huh?","xxxx","40",,,
"Valentina_interaction4_5","I've heard a rumor that there's a house under the town that glows with an unnatural light._If that isn't already the start of a horror novel, then it should be. Someone should write that.","xxxx","34",,,
"Valentina_interaction4_6","I had this one patient come in today and they wouldn't stop talking about the old mines around town._The moron broke their ankle trying to climb down into one. Some history is better left forgotten.","xxxx","35",,,
,,,"",,,
"Valentina_interaction5_1_intro","I'm feeling a bit torn these days, (playername)._The clinic feels more and more like it needs more from me. Problem is, I'm already giving it everything I have._So, I don't know where to go from here. Got any advice?","xxxx","39",,,
"Valentina_interaction5_1_option_1","Have you thought about asking the city for help?","xxxx","9",,,
"Valentina_interaction5_1_option_2","Take a break from it.","xxxx","5",,,
"Valentina_interaction5_1_response_1","The town's contribution is allowing me to use the building rent-free and provides a small stipend for supplies._Other than that, I'm on my own for staffing. I can barely afford paying myself so it's a one woman show.","xxxx","38",,,
"Valentina_interaction5_1_response_2","Take. A. Break? (playername), have you paid attention to any of the many conversations we've had together?_Who will help set the broken bones and take out the rusty hooks? That's right, no one can but me.","xxxx","36",,,
"Valentina_interaction5_2","I truly love this town. It's why I give so much of myself to it and why I take my job seriously. Now, if you will excuse me, I have a medical manual to read.","xxxx","35",,,
"Valentina_interaction5_3","It's funny to me, but I still flinch when I see schlock horror movie gore._I deal with real wounds and blood on the daily, but seeing someone's arms being RIPPED OFF just makes me wince.","xxxx","35",,,
"Valentina_interaction5_4","I read the other day that someone is going to remake Stories from the Mausoleum! I'm torn because I want to hate them for thinking it needs a remake, but also, I want to see what they'll do with it.","xxxx","40",,,
"Valentina_interaction5_5","I started listening to horror books while I'm at the clinic and it's been helping a little bit. When I'm filing paperwork or refilling inventory I pop one on and listen. I feel a little bit more relaxed these days.","xxxx","40",,,
"Valentina_interaction5_6","For a brief moment today, I looked out of the windows of the clinic and found myself breathing a bit easier._I think my therapy and everything else is helping. I feel a bit hopeful about the future.","xxxx","37",,,
,,,"",,,
"Valentina_interaction6_1_intro","I didn't let you know this when we first met, but I am very messed up._Are you sure you want to stick around?","xxxx","23",,,
"Valentina_interaction6_1_option_1","I don't want to be anywhere else.","xxxx","7",,,
"Valentina_interaction6_1_option_2","Like a fly on sticky paper, I'm stuck to you.","xxxx","10",,,
"Valentina_interaction6_1_response_1","I'm sure you don't actually mean that, but also, I get what you are saying. Thanks.","xxxx","16",,,
"Valentina_interaction6_1_response_2","And we will go far, little fly, or at least I hope so. I like what we have together.","xxxx","19",,,
"Valentina_interaction6_2","Now that we are officially an item, I am now going to require you to watch the entire Human Worm series._Yes, prepare for six feature-length films that deal with a man eating dirt. Lots of dirt, and blood of course.","xxxx","40",,,
"Valentina_interaction6_3","I can't wait to watch Sleepover Camp with you! That ending!_Ohhhh! I'll never be able to experience it for the first time again, but watching people see it for the first time . . . AHHH! I love it. Can't wait.","xxxx","41",,,
"Valentina_interaction6_4","I am not going to stop going to therapy by the way._I will not always be emotionally available some days and I hope you can understand that. On those days, it isn't because I don't love you._It's because I am trying to love myself.","xxxx","44",,,
"Valentina_interaction6_5","It's been a long day at the clinic. Can we just watch a bunch of stupid teens get murdered in a forest and pass out?_I could really go for that right now.","xxxx","32",,,
"Valentina_interaction6_6","I am onboard with being together until we aren't._That can involve not being in love anymore, death, or being brought back from the dead to roam the earth as a shambling zombie._I would eat brains with you. I love you that much.","xxxx","42",,,
,,,"",,,
"116_VALENTINA_PROGRESSION",,,"",,,
,,,"",,,
"Valentina_progression_restaurantOpen","Oh, hey, cool on you for opening your restaurant. Hope it goes well for you.","xxxx","15",,,
"Valentina_progression_luciusReview","Who's this Lucius guy?_Eh, I wouldn't give anyone's opinion any weight, even my mother's, and trust me when I say she has A LOT of opinions.","xxxx","26",,,
"Valentina_progression_bathhouseOpen","You have no idea how happy I am to see that bathhouse open!_I have been pining for the day when it would open and I could go for a long soak.","xxxx","31",,,
"Valentina_progression_leSequoiaReputation","I had this tourist in here a bit ago who needed stitches for something I can't talk about, and they were saying how good Le Sequoia is._So, you got that going for ya.","xxxx","33",,,
"Valentina_progression_teahouseReputation","A tourist couple came in for a twisted ankle from a hike._They were so excited when I said they should visit the bathhouse because it meant they could get tea there too._You've got a bit of a good rep with that place.","xxxx","42",,,
"Valentina_progression_helpfullness1","I heard you've been a pretty helpful around town. Thanks! it's nice to see someone trying to change things for the better.","xxxx","22",,,
"Valentina_progression_helpfullness2","You're still at the whole 'helping everyone' thing?_Wow, I didn't know you had the endurance to keep it going for this long. Way to go there, tiger!","xxxx","27",,,
,,,"",,,
"Valentina_restaurantMenu_positive_1","I got word from a reporter who needed their finger sewed back on that your menu is great._He said that you have some great frozen desserts. I'll have to check it out.","xxxx","32",,,
"Valentina_restaurantMenu_positive_2","I finally got a chance to eat at your restaurant, and wow it's good! Like, really good! So, way to go on that.","xxxx","23",,,
"Valentina_restaurantMenu_negative_1","A local fisherman who came in with a hook in their cheek said your menu isn't that good._That there were too many vegetarian dishes. After he told me what's on it, I don't think I will visit anytime soon.","xxxx","39",,,
"Valentina_restaurantMenu_negative_2","I just don't think I'm going to be able to make it to your restaurant while the menu is what it is._But if you had frozen treats . . . well, I might just change my mind.","xxxx","37",,,
,,,"",,,
"Valentina_environmentConsumer_positive_1","Hey, you've done some good work around here by not throwing a bunch of garbage around town or the area._Thanks for not making White Ash Harbor into 'Radioactive Fighter 4: Alleys of Death.'","xxxx","33",,,
"Valentina_environmentConsumer_positive_2","Another fisherman was in here with a broken arm, and he was telling me that the harbor seems cleaner these days than it was 10 years ago._That's nice to hear, isn't it?","xxxx","32",,,
"Valentina_environmentConsumer_negative_1","It doesn't take a brain surgeon to see that you're creating a lot of garbage with your rapid consumerism business plan.","xxxx","21",,,
"Valentina_environmentConsumer_negative_2","I had a fisherman come in with a shattered thumb after he slipped on some debris._Worst he's seen in 10 years, apparently. Maybe it has something to do with all the garbage lately. Do you know anything about what's going on here?","xxxx","42",,,
,,,"",,,
"Valentina_firstQuestComplete_1","It's gotta be said: Vanx the Skull Collector is everything I wanted it to be. Thanks again for the help.","xxxx","20",,,
"Valentina_firstQuestComplete_2","I never knew that Vanx became a skull collector because she was in debt!_I thought it was because she wanted vengeance for her village. Pilots always have this weird vibe to them.","xxxx","32",,,
"Valentina_firstQuestComplete_3","I finished the entire series and I feel . . . empty._Like, I had this thing that filled my life, but now that the journey of Vanx is done, I feel adrift . . . until I find a new series to fill the void. It's an endless cycle.","xxxx","49",,,
,,,"",,,
"Valentina_secondQuestComplete_1","I cannot believe I get to go to college! This is still so odd for me to think about, and the fact that I can let the clinic go for a while is just . . . so strange._But good! Very good! Thank you again for helping me out.","xxxx","49",,,
"Valentina_secondQuestComplete_2","I am almost packed up. Walter is getting settled into the clinic._This is becoming more real than the decapitation scene in Dead Phoenix Rising.","xxxx","24",,,
"Valentina_secondQuestComplete_3","It's time, (playername). I'm heading off to college . . . and I am looking forward to it._Thank you for everything you do here. I don't do well with goodbyes, so this is a 'see you later.'","xxxx","37",,,
,,,,,,
,,,,,,
"116_VALENTINA_INTERACT",,,,,,
,,,,,,
"Valentina_compliment_looks","I don't need this right now.","xxxx",,,,
"Valentina_compliment_clothing","Thanks?","xxxx",,,,
"Valentina_compliment_mind","It's been a long road, and I've still got miles to go, but thanks.","xxxx",,,,
"Valentina_compliment_work","Uhhh, this is my day job.","xxxx",,,,
"Valentina_encouragement","I've had to find motivation in the oddest places over the years.","xxxx",,,,
"Valentina_offerhelp_accept",". . . Fine, can you help me?","xxxx",,,,
"Valentina_offerhelp_decline","Back off! I can handle myself!","xxxx",,,,
"Valentina_present_useful_1","I will use this everyday. For what? That is a secret.","xxxx","11",,,
"Valentina_present_useful_2","Yeah! I like this. Better watch out now, world!","xxxx","9",,,
"Valentina_present_useful_3","I think I can do some serious damage with this. You know what I mean? Thank you, (playername).","xxxx","18",,,
"Valentina_present_valuable_1","This cost a pretty penny. I can tell. But what am I supposed to do with this?","xxxx","17",,,
"Valentina_present_birthday_1","This is the best birthday present ever! You are awesome (playername). I will cherish this weapon.","xxxx","16",,,
"Valentina_present_useless_1","That's straight trash.","xxxx","3",,,
"Valentina_present_useless_2","This feels a bit weak in my hand.","xxxx","8",,,
"Valentina_present_useless_3","How much damage can I do with this? None? Then why are you giving me this?","xxxx","16",,,
"Valentina_gift_already_given","I got this from you already. Do you have a horde of them laying around or something to give out to people?","xxxx","22",,,
"Valentina_hug","Look, can you not?!","xxxx",,,,
"Valentina_hangout_decline","My day is full and I can't get out of the clinic today.","xxxx",,,,
,,,,,,
,,,,,,
"116_VALENTINA_INFIRMARY",,,,,,
,,,,,,
"Valentina_shop_default_1","This is the place you can buy pills and thing to stop your bleeding.","xxxx","14",,,
"Valentina_shop_default_2","All of the blood-stopping product you could ever want.","xxxx","9",,,
"Valentina_shop_default_3","If you want something, you can just grab it. Please don't ask me for help.","xxxx","15",,,
"Valentina_shop_default_4","Use the fewest amount of words possible during your visit please.","xxxx","11",,,
"Valentina_shop_default_5","Did you consume poison thinking it was mouthwash? We have an antidote for you.","xxxx","14",,,
"Valentina_shop_buy_1","That's on sale.","xxxx","3",,,
"Valentina_shop_buy_2","Even I can't pronounce that one.","xxxx","6",,,
"Valentina_shop_buy_3","It was sealed when I put it on the shelf.","xxxx","10",,,
"Valentina_shop_sell_1","My manager might get pissed if I don't buy this.","xxxx","10",,,
"Valentina_shop_sell_2","Huh, and it's legal, right?","xxxx","5",,,
"Valentina_shop_sell_3","I hope it's sterilized.","xxxx","4",,,
"Valentina_shop_sell_rejected_1","Ew, no!","xxxx","2",,,
"Valentina_shop_sell_rejected_2","Why would I want to buy that?","xxxx","7",,,
"Valentina_shop_sell_rejected_3","No one wants that. No one will ever want it. Get rid of it.","xxxx","14",,,
"Valentina_shop_too_poor_1","Last I checked, we live in a Capitalist hellscape, so credits please.","xxxx","12",,,
"Valentina_shop_too_poor_2","You need credits to buy stuff, man.","xxxx","7",,,
"Valentina_shop_too_poor_3","No. Good intentions won't buy you bandages.","xxxx","7",,,
,,,"",,,
"116_VALENTINA_HOSPITAL_CUTSCENE",,,"",,,
,,,"",,,
"Valentina_hospital_health_1","Hey!_Hey!!!!_Ah . . . you're finally awake. You had some nasty injuries, but I managed to fix you up with some Medi-Gel.","xxxx","22",,,
"Valentina_hospital_health_2","Hello there!_Anyone home?_Hello!_Ah, looks like you're okay. You where unconscious for two days. It's a miracle I managed to bring you back.","xxxx","22",,,
"Valentina_hospital_health_3","Knock knock. Anyone home?_Oh good, there we are._A tourist found you broken and bloodied by the edge of town. You were lucky that someone found you!","xxxx","26",,,
"Valentina_hospital_health_4","Hey, (playername). Glad you are back among the land of the living. I was half expecting you to turn into a zombie._I may have binged too many Resident Undead movies this week.","xxxx","32",,,
"Valentina_hospital_health_5","Thank goodness. You're finally awake, (playername). It wasn't easy to fix you up. You had some scary cuts and bone fractures._What in the world were you doing?","xxxx","27",,,
,,,"",,,
"Valentina_hospital_stamina_1","Hey!_Glad you're awake. Seems like you fainted. Please don't overwork yourself like that in the future.","xxxx","16",,,
"Valentina_hospital_stamina_2","Ah, here we are. Seems like you collapsed from working too hard. Please Remember to eat and sleep.","xxxx","18",,,
"Valentina_hospital_stamina_3","Oh, you're awake. Is it wrong to say that I enjoyed it more when you were asleep? You looked so peaceful.","xxxx","21",,,
"Valentina_hospital_stamina_4","Looks like the sleeping beauty is finally awake._Please don't overexert yourself like that anymore, (playername). You had me worried.","xxxx","19",,,
"Valentina_hospital_stamina_5","Please Don't be mad, (playername), but . . . while you were unconscious, I used some makeup to make you look like a zombie._Wanna see a photo I took?_No? Are you sure? Oh . . .","xxxx","36",,,
,,,"",,,
"Valentina_hospital_payment_1","Running a clinic isn't cheap! That will be (credits) Credits.","xxxx","10",,,
"Valentina_hospital_payment_2","So let's see. The IV bag, plus the Medi-Gel,_and the use of the X-ray machine . . . _ . . . The total comes out to (credits) Credits.","xxxx","29",,,
"Valentina_hospital_payment_3","(credits) Credits is the cost of your stay.","xxxx","8",,,
"Valentina_hospital_payment_nomoney","You don't seem to have enough credits. I'll let it go this time. Please pay whatever you can. It isn't cheap running a clinic.","xxxx","24",,,
,,,"",,,
,,,"",,,
"117_BEA",,,"",,,
,,,"",,,
"Bea_interaction1_1","Salut, baby! Your face is new around here, no?_Welcome to White Ash Harbor. If you need a drink, see me at the bar that is named after moi: Bea!_On se voit plus tard!","xxxx","33",,,
"Bea_interaction1_2","You will have to excuse me, I have a date with six wonderful children and my husband at the beach. Au revoir.","xxxx","22",,,
"Bea_interaction1_3","Cretin! vie de moi, si je le recroise, je . . . 'scuse, I wasn't talking about you, but someone else who shall remain nameless.","xxxx","25",,,
"Bea_interaction1_4","Excuse, but if you're going to ask me how I got such massive muscles, all I can say is your body is a reflection on how you've spent your time. Courage!","xxxx","31",,,
"Bea_interaction1_5","Am I French? Wow, euh, comment dire . . . Yep'. I thought it was obvious. Haha!","xxxx","17",,,
"Bea_interaction1_6","If you are looking for some fun in town, this is the spot! Haha! I am joking!_Go to the Rec Center! It's on the docks. It has weights and equipment and an arcade! Super fun for everyone!","xxxx","37",,,
,,,"",,,
"Bea_interaction2_1_intro","Since you're here, I have a question, what is your favorite drink to have on a rainy day?_Perso, I love a nice hot toddy.","xxxx","24",,,
"Bea_interaction2_1_option_1","Hot cocoa with marshmallows.","xxxx","4",,,
"Bea_interaction2_1_option_2","Brandy, warms my soul.","xxxx","4",,,
"Bea_interaction2_1_response_1","Ah, a classic, no? Problem with those is finding the proper chocolate mix. Those powder bags are de la merde.","xxxx","20",,,
"Bea_interaction2_1_response_2","Brandy? Huh, didn't take you as an 87 year-old war veteran, but if this job has taught me one thing it's that people are full of surprises.","xxxx","27",,,
"Bea_interaction2_2","Why do I tend bar with six kids at home? Because I like to live dangerously, and in this context, that means living with as little sleep as possible. Ha!","xxxx","30",,,
"Bea_interaction2_3","Contrairement to popular stereotypes, not all bartenders are alcoholics._It would be bad for business if I was one. I just love partying and being in the vibe.","xxxx","27",,,
"Bea_interaction2_4","With my triceps, built from rocking six children to sleep and going to the gym, I can flip and spin not only the small bottles but the massive jugs as well._Kegs? Tu ferais mieux d'y croire.","xxxx","36",,,
"Bea_interaction2_5","I never work in the AM. That's Aime's time since I work nights. Never liked seeing the sun rise. Watching it set? Magnifique.","xxxx","23",,,
"Bea_interaction2_6","Being able to utilize my skills in mixology brings me so much joy._It's one of my favorite things to do, so I am always on the lookout for new mixology recipes.","xxxx","31",,,
,,,"",,,
"Bea_interaction3_1_intro","Your opinion, I need it. What would you say is fair?_Having the ability to go to the gym for a moment of alone time._Or working out at home so you don't need to hire a sitter for six children?","xxxx","39",,,
"Bea_interaction3_1_option_1","Going to the gym, gotta get that center in your day.","xxxx","11",,,
"Bea_interaction3_1_option_2","Home. The kids might have fun while you're out?","xxxx","9",,,
"Bea_interaction3_1_response_1","That's my position. I need time away from the job, away from the kids, hell, away from Aime so I can just exist._That isn't being selfish, that's caring for myself! Merci!","xxxx","31",,,
"Bea_interaction3_1_response_2","Spoken like a human who has no children! Sure, it is fun for them for a moment, but then they get bored._'Mama, I want a cookie!' 'Mama, play with us, this is boring!' Boom, no more workout, and your butt explodes in size.","xxxx","43",,,
"Bea_interaction3_2","You should take my advice, and find yourself some time away from The Sequoia. Grab a drink, do some dancing, party a little? It can't hurt.","xxxx","26",,,
"Bea_interaction3_3","Wow, would you look at this weather? It rains more often than not. It makes the bar feel that much more special when the sun comes out.","xxxx","27",,,
"Bea_interaction3_4","I am very tired today. I'm going to catch a nap, somewhere.","xxxx","12",,,
"Bea_interaction3_5","Every day is a fight for someone else, it is why I choose to be kind to others . . . unless they owe me money, then I am not so kind.","xxxx","32",,,
"Bea_interaction3_6","I am very excited that I get to raise my kids in a seaside town. We love going to the beach! it's so fun.","xxxx","24",,,
,,,"",,,
"Bea_interaction4_1_intro","(playername), bonne journee, I have burnt both ends of my candle as of late. Will you do me a favor?_Bring me some coffee, I will need it with my scotch.","xxxx","30",,,
"Bea_interaction4_1_option_1","Uppers and downers all at once? You doing okay, Bea?","xxxx","10",,,
"Bea_interaction4_1_option_2","I thought bartenders being alcoholics was a stereotype?","xxxx","8",,,
"Bea_interaction4_1_response_1","What I am doing is surviving, mon ami. Jessica is getting her toddler molars in, while Lyam is having a wonder week during the bar's annual inspection from the county._To say I am tired and stressed would not do justice to my current situation.","xxxx","44",,,
"Bea_interaction4_1_response_2","It is only a stereotype when I need it to be! When it serves my purpose! Comprendre?!_Sorry, it's been a long week on top of a long night. Please, the coffee.","xxxx","31",,,
"Bea_interaction4_2","Being pushed to your brink is what parents do day in and out, mon ami._It's part of the job, even if that job wasn't the one you really wanted.","xxxx","29",,,
"Bea_interaction4_3","I love my life Aime and the kids, but we didn't actually want kids when we started having them._It was an accident that made us think, 'Hey, this could be fun.'_It is, but sometimes it's less fun, vous connaissez?","xxxx","39",,,
"Bea_interaction4_4","I hit the gym today and I am back to feeling good as new, baby! I feel like I can take on a tour bus full of thirsty patrons! Aujourd'hui rien ne m'arrete!","xxxx","33",,,
"Bea_interaction4_5","You should come around some time and see the kids and Aime. They'd love to meet you and I think you'll enjoy the wild bunch too.","xxxx","26",,,
"Bea_interaction4_6","I have been a bartender for a very long time. I hear many things, but one of the most bizarre are the . . . comment dire, hauntings in the woods._Multiple people have said they have heard things out there. Makes one think a bit, no?","xxxx","46",,,
,,,"",,,
"Bea_interaction5_1_intro","Bonne chance', is what my mother said to me when I started having children._Mais 'Bonne chance' feels like rather useless advice. What do you think?","xxxx","25",,,
"Bea_interaction5_1_option_1","I think it's a rather hollow piece of advice.","xxxx","9",,,
"Bea_interaction5_1_option_2","I don't have kids, but they seem like work.","xxxx","9",,,
"Bea_interaction5_1_response_1","It is hollow, this I know for sure.","xxxx","8",,,
"Bea_interaction5_1_response_2","It is, mon ami, it is, but I do not blame them. They did nothing wrong and wouldn't exist without my choices being involved . . . but I am very tired.","xxxx","32",,,
"Bea_interaction5_2","You must understand something, (playername)._I am a woman who wanted the world at her feet, but before I could take off, I was grounded by love._I dunno if it was the best exchange looking back on it.","xxxx","37",,,
"Bea_interaction5_3","I was watching the latest body building championship on TV the other day._Mon Dieu, these days the lifters look more like luggage than people with how much bronzer they use!","xxxx","30",,,
"Bea_interaction5_4","I do not want my days to be filled with regrets._I try to live my life by the choices I have made when I was younger, but myself, today, finds that idea of a regretless life to be a lie._Regret is natural, but its merely a matter of not stewing in it.","xxxx","52",,,
"Bea_interaction5_5","I was at the beach with my children, and les enfants they found a big rusty key._I wonder if it was for a pirate ship or something? Imagine finding treasure! So exciting!","xxxx","32",,,
"Bea_interaction5_6","There is much that has happened here in White Ash Harbor and will continue to do so long after we are gone._Hopefully we do something crazy to get added the myths! If we could only be so lucky.","xxxx","38",,,
,,,"",,,
"Bea_interaction6_1_intro","What is your favorite kind of drink to start your day?_This answer will tell me much about you. Go ahead.","xxxx","20",,,
"Bea_interaction6_1_option_1","Coffee.","xxxx","1",,,
"Bea_interaction6_1_option_2","Tea.","xxxx","1",,,
"Bea_interaction6_1_response_1","Bold, a shot of energy. Perhaps that is why you have been able to accomplish so much, mon amour.","xxxx","19",,,
"Bea_interaction6_1_response_2","Quaint, a calmness in the morning. It must keep you steady under pressure, mon amour.","xxxx","15",,,
"Bea_interaction6_2","I love learning about my partner. It is what gives me joy._Perhaps the challenge will start once we've learned everything about one another, no?_Perhaps that day will never come. Who knows?","xxxx","31",,,
"Bea_interaction6_3","I was meeting with my agent and I learned that my schedule will be rather. . . hectic._We are both professionals, I believe that we will be okay, at least I hope so.","xxxx","33",,,
"Bea_interaction6_4","I am having the kids over for a few days, would you like to hang out for dinner sometime? Stop on in and witness the madness and the love, haha!","xxxx","30",,,
"Bea_interaction6_5","I hope Aime is okay. He can be very dramatic, but he's not a bad person._I wish him only the best and hope he finds someone for himself. Now, I am going to hug you tight!","xxxx","36",,,
"Bea_interaction6_6","Je t'aime, aujourd'hui comme demain, comme hier et comme chaque jours au pres de toi.","xxxx","15",,,
,,,"",,,
"117_BEA_PROGRESSION",,,"",,,
,,,"",,,
"Bea_progression_restaurantOpen","Felicitations chou! Look at Le Sequoia! It is brilliant and so are you!","xxxx","13",,,
"Bea_progression_luciusReview","I have dealt with my fair share of annoying people, mon ami, and let me tell you, give them nothing for they are nothing!","xxxx","24",,,
"Bea_progression_bathhouseOpen","Je tiens plus en place! I hear about the bathhouse and my muscles screamed in joy! Aime and I cannot wait to go for a dip sometime.","xxxx","27",,,
"Bea_progression_leSequoiaReputation","A lot of the patrons at my bar talk about Le Sequoia. You are gaining quite the reputation, no?","xxxx","19",,,
"Bea_progression_teahouseReputation","Your teahouse is being seen as a une jolie petite chose that lives inside of the bathhouse. It gives warmth to the place that is already warm, haha!","xxxx","28",,,
"Bea_progression_helpfullness1","Continue comme ca, tu fais du super boulot !","xxxx","9",,,
"Bea_progression_helpfullness2","Vous aidez les autres. C'est ce que j'adore. I hope you continue doing good around town!","xxxx","16",,,
,,,"",,,
"Bea_restaurantMenu_positive_1","Your menu, it should challenge the patron! I believe yours does this well._And those drinks! I think I might have some competition!","xxxx","22",,,
"Bea_restaurantMenu_positive_2","Your food is lovely, chou. The menu, do not change it._I love the beverages you serve. And that's saying something, coming from me!","xxxx","23",,,
"Bea_restaurantMenu_negative_1","Ah, your menu, I wouldn't say it is good because it leaves a lot to be desired._Seafood? Bleh. I have to smell it from my shop every day.","xxxx","28",,,
"Bea_restaurantMenu_negative_2","No, no, no, I do not wish to dine with your menu being in its current state._On the other hand, if you had some tasty cocktails fit for a gal like me, well hun I might just drop by.","xxxx","39",,,
,,,"",,,
"Bea_environmentConsumer_positive_1","My children can play on the beach and not find much trash. For this I am grateful because it means that they have a future.","xxxx","25",,,
"Bea_environmentConsumer_positive_2","Seeing that the town is not buried in garbage, I have you to thank for this, because I have seen your work expand but the trash has not. Good job.","xxxx","30",,,
"Bea_environmentConsumer_negative_1","Comment oses-tu faire ca a notre ville, espece de pourriture!","xxxx","10",,,
"Bea_environmentConsumer_negative_2","Tu detruit notre ville pour quoi? L'argent? Tes choix nous condamne tous!","xxxx","12",,,
,,,"",,,
"Bea_firstQuestComplete_1","Thank you again, chou for your assistance the other night. I wouldn't have been able to do it without you!","xxxx","20",,,
"Bea_firstQuestComplete_2","I really should hire some part-timers to cover for when I have a mass sickness like that happen!","xxxx","18",,,
"Bea_firstQuestComplete_3","There are days I feel like I live behind this bar, (playername). I wish . . . no, no. I am fine.","xxxx","22",,,
,,,"",,,
"Bea_secondQuestComplete_1","The children have been . . . quieter as of late. I do hope they come to understand one day that this is for the best.","xxxx","26",,,
"Bea_secondQuestComplete_2","I do not know if what I've done has been the best for everyone involved, but for me, it has been helpful._I love my children, and I hope Aime will be okay, but I am excited for my future.","xxxx","39",,,
"Bea_secondQuestComplete_3","The meetings have been . . . how do you say, rampant! Unrelenting! It will be worth it once we start shooting!","xxxx","22",,,
,,,,,,
,,,,,,
"117_BEA_INTERACT",,,,,,
,,,,,,
"Bea_compliment_looks","I am quite the look, no?","xxxx",,,,
"Bea_compliment_clothing","These are work clothes, but I keep them pressed.","xxxx",,,,
"Bea_compliment_mind","It is more like putty these days.","xxxx",,,,
"Bea_compliment_work","If I'm not passionate about my work, then what I am doing?","xxxx",,,,
"Bea_encouragement","Bottle flipping, while challenging to learn, isn't rocket science. Merci quand meme.","xxxx",,,,
"Bea_offerhelp_accept","Oui, thank you.","xxxx",,,,
"Bea_offerhelp_decline","No, I got this.","xxxx",,,,
"Bea_present_useful_1","This is a fine ingredient (playername). I'm getting excited thinking of all the possibilities!","xxxx","14",,,
"Bea_present_useful_2","Perfect (playername). This could be great in a cocktail.","xxxx","9",,,
"Bea_present_useful_3","It smells great. This has a lot of potential. It really does.","xxxx","12",,,
"Bea_present_valuable_1","Valuable, yet ineffective. Perhaps something I can use next time?","xxxx","10",,,
"Bea_present_birthday_1","Oui, oui! Thank you for thinking of me (playername)! You've made my day just a little bit brighter.","xxxx","18",,,
"Bea_present_useless_1","Eh, I don't need it.","xxxx","5",,,
"Bea_present_useless_2","Ehh, perhaps something I can use next time?","xxxx","8",,,
"Bea_present_useless_3","I have everything I need in my kids, my husband, and my bar. I have no need for such trifles.","xxxx","20",,,
"Bea_gift_already_given","Yes, yes, I got something from you already.","xxxx","8",,,
"Bea_hug","I won't squeeze too hard, for I might break you.","xxxx",,,,
"Bea_hangout_decline","I am exhausted. No thank you.","xxxx",,,,
,,,,,,
"117_BEA_BEAS_BAR",,,,,,
,,,,,,
"Bea_shop_default_1","If you think I look good, get ready for the drinks I serve.","xxxx","13",,,
"Bea_shop_default_2","Tu trouveras pas mieux ailleurs, jure.","xxxx","6",,,
"Bea_shop_default_3","I can make cocktails, pour beer, whatever you need is here, chou.","xxxx","12",,,
"Bea_shop_default_4","I have non-alcholics too both beers and mocktails are yours to have today!","xxxx","13",,,
"Bea_shop_default_5","Come, share some spirits with the rest of the flock!","xxxx","10",,,
"Bea_shop_buy_1","Et une delicieuse boisson, une!","xxxx","5",,,
"Bea_shop_buy_2","That's a new recipe for me, but it's good.","xxxx","9",,,
"Bea_shop_buy_3","A classic drink.","xxxx","3",,,
"Bea_shop_sell_1","Oh, I must have this for my clientle.","xxxx","8",,,
"Bea_shop_sell_2","A fine bottle that I will use daily.","xxxx","8",,,
"Bea_shop_sell_3","I've never heard of this before! Where did . . . nevermind, I must have it.","xxxx","16",,,
"Bea_shop_sell_rejected_1","Ca vaut rien de rien.","xxxx","5",,,
"Bea_shop_sell_rejected_2","No.","xxxx","1",,,
"Bea_shop_sell_rejected_3","Never.","xxxx","1",,,
"Bea_shop_too_poor_1","You must have credits to buy here, mon ami.","xxxx","9",,,
"Bea_shop_too_poor_2","I cannot loan out credits, how will I feed my family?","xxxx","11",,,
"Bea_shop_too_poor_3","I wish you luck in finding money.","xxxx","7",,,
,,,"",,,
,,,"",,,
"118_AYLIN",,,"",,,
,,,"",,,
"Aylin_interaction1_1","Greetings, (playername). Everything goes well with the Teahouse, I presume?_If you need anything, please let me know.","xxxx","17",,,
"Aylin_interaction1_2","My bathhouse is my life. That is why I don't associate with just anyone and why, even now, I am a little wary of you._Please don't make me regret this decision.","xxxx","31",,,
"Aylin_interaction1_3","Friendship? You must be mistaken. Just because I am alone does not mean that I am in need of friendship.","xxxx","20",,,
"Aylin_interaction1_4","Few people get an opportunity for a second act. It is early on, but I believe that something will come from this effort.","xxxx","23",,,
"Aylin_interaction1_5","Very few understand that a community requires a gathering place. Otherwise, people stop growing, and so does the community._It was my family's duty, and now my duty, to provide this important service.","xxxx","32",,,
"Aylin_interaction1_6","My bathhouse is . . . was the jewel of this town. I hope it will glow as bright as it once did.","xxxx","23",,,
,,,"",,,
"Aylin_interaction2_1_intro","Are you here because Vincent asked you to be here, or is there something else driving you?","xxxx","17",,,
"Aylin_interaction2_1_option_1","Originally, yes, but my feelings have changed.","xxxx","7",,,
"Aylin_interaction2_1_option_2","This place has always stirred my curiosity.","xxxx","7",,,
"Aylin_interaction2_1_response_1","I figured that was the case, but I wanted confirmation. It isn't shameful to take on a job for the sake of it._Not everything has to be a passion project.","xxxx","30",,,
"Aylin_interaction2_1_response_2","The Peony Bathhouse has something to it that casts a spell on most who see it. It's why I am so protective of it.","xxxx","24",,,
"Aylin_interaction2_2","You might think it odd to find the bathhouse in such disrepair, seeing as I hold it in such high regard._But you must understand that my . . . my shell, didn't allow me to do a lot of the physical labor needed to keep it running.","xxxx","47",,,
"Aylin_interaction2_3","Did you know? Recent androids like me have a protective membrane against any moisture. It's why I can stand to be in the bathhouse all the time.","xxxx","27",,,
"Aylin_interaction2_4","Looking out at White Ash Harbor, I am reminded that even though life is hard, it is worth living, because we only have one chance to make the most of it.","xxxx","31",,,
"Aylin_interaction2_5","Hate cuts both ways. For the people who perpetuate it, it changes their soul for the worse. For the people it is directed at, it reduces them to a sub-human status._Letting go of hate is a must if we're going to get anywhere as a community.","xxxx","46",,,
"Aylin_interaction2_6","It's fascinating how much the town has changed. It's been so long since I've wandered down its paths. I wonder if that fisherman is still around?_What was his name? Dowie? No . . . Bowie. Yes, he was always a fun person to chat with.","xxxx","45",,,
,,,"",,,
"Aylin_interaction3_1_intro","Since the bathhouse is both my business and my home, I display my most prized pieces of art inside for everyone to enjoy._Each are one-of-a-kind pieces to remind myself that I, too, am one-of-a-kind.","xxxx","34",,,
"Aylin_interaction3_1_option_1","But . . . you're an android. How are you one-of-a-kind?","xxxx","11",,,
"Aylin_interaction3_1_option_2","Where did you get these from? They look, well . . . old.","xxxx","13",,,
"Aylin_interaction3_1_response_1","I don't know, (playername), how do you shine so bright when you are so clearly dim? Ask questions that are actually worth asking next time.","xxxx","25",,,
"Aylin_interaction3_1_response_2","I have contacts who purchased the pieces on my behalf in Billboard City. They are originals and were made . . . quite some time ago.","xxxx","26",,,
"Aylin_interaction3_2","Time plays such funny tricks with our minds, doesn't it? Everything you think happened five years ago was in actuality ten years ago, and ten ends up being twenty.","xxxx","29",,,
"Aylin_interaction3_3","Thank you once again for all of the work you've done around the bathhouse. It's refreshing to see it shine once more._Even with my mechanical heart, I still feel the joy of the people laughing and having a good time.","xxxx","40",,,
"Aylin_interaction3_4","You will have to excuse me, I am rather tired today. There is so much to do before we open again.","xxxx","21",,,
"Aylin_interaction3_5","I am running through my checklist to make sure everything is in its place. I am also doing it to calm my nerves._I haven't felt this way in quite some time and the excitement is almost too much for me.","xxxx","40",,,
"Aylin_interaction3_6","Where will I go around town? I don't know. So much has changed that I really will be a tourist in my home town._It's rather exciting to experience that once again.","xxxx","31",,,
,,,"",,,
"Aylin_interaction4_1_intro","What is it about Le Sequoia that brings you joy, (playername)?","xxxx","11",,,
"Aylin_interaction4_1_option_1","I love my staff and the atmosphere of my restaurant.","xxxx","10",,,
"Aylin_interaction4_1_option_2","The challenge of creating new dishes.","xxxx","6",,,
"Aylin_interaction4_1_response_1","Being surrounded by the right people can make for a joyful experience, it is true.","xxxx","15",,,
"Aylin_interaction4_1_response_2","Knowing what you do best and being able to showcase that skill every day would bring a smile to my face as well.","xxxx","23",,,
"Aylin_interaction4_2","Hearing the chatter of my neighbors and folks from far off places inside my bathhouse has brought me a calm I haven't felt in a long time.","xxxx","27",,,
"Aylin_interaction4_3","Art is an expression that few can grasp well. It's why I only display the finest pieces I can find._The name of who painted what doesn't matter to me. What it makes me feel is all that matters.","xxxx","38",,,
"Aylin_interaction4_4","(playername), I realized the other day that I need a hobby._The bathhouse is my life, and I do like collecting art, but nothing beats the feeling of making something from nothing using just my hands.","xxxx","35",,,
"Aylin_interaction4_5","Customer feedback shouldn't always be ignored._If something said to me resonates in my mind long after the day is done, then I ensure that I act upon their words, because that means it was a good idea.","xxxx","37",,,
"Aylin_interaction4_6","Nadjet is someone I hold dear. She is the closest I have to family, but she's also my employee._It's a complicated relationship, but I hope I have struck a balance between us that is based on mutual respect.","xxxx","38",,,
,,,"",,,
"Aylin_interaction5_1_intro","Nothing brings me more joy than seeing flowers bloom. Witnessing their return year after year, back when I was alone, gave me hope._Tell me, (playername), how do flowers inspire you?","xxxx","30",,,
"Aylin_interaction5_1_option_1","To be honest, I haven't given them that much thought.","xxxx","10",,,
"Aylin_interaction5_1_option_2","They are vital and should be treated with respect.","xxxx","9",,,
"Aylin_interaction5_1_response_1","Most would be like you. They just see a pretty flower and think it's pretty and move on._They don't realize the miracle that is the flower's design that allows it to be so resilient.","xxxx","34",,,
"Aylin_interaction5_1_response_2","They are very vital, indeed. I revere these small, seemingly fragile creations because they are resilient and beautiful. They give much to the world.","xxxx","24",,,
"Aylin_interaction5_2","I have this memory, perhaps it was a dream? In it, I am a child walking around my family home and I find my father working in the garage._He hands me a hammer, and . . . that's all I can remember. Memory or dream, I cherish it.","xxxx","48",,,
"Aylin_interaction5_3","xxxxx","xxxx","1",,,
"Aylin_interaction5_4","My hope is that I will better the world around me._Those who wish to melt down the hills for the sake of profit do not understand the world they live in, for they think it is only for themselves.","xxxx","39",,,
"Aylin_interaction5_5","(playername), I don't talk a lot about my time as a human because it doesn't matter._Asking what I was like as a human is a silly question to ask because then and now I have always been myself.","xxxx","38",,,
"Aylin_interaction5_6","I plan on venturing to your restaurant for an actual night out very soon, now that I am not needed here every single day._If your restaurant is anything like the teahouse, then I believe I will be in for a grand time.","xxxx","42",,,
,,,"",,,
"Aylin_interaction6_1_intro","Most of my time in this shell has been spent waiting for my actual life to start._Now that it's going, after all this time, I'm glad it's started with you.","xxxx","30",,,
"Aylin_interaction6_1_option_1","Aylin, you'll never have to wait again.","xxxx","7",,,
"Aylin_interaction6_1_option_2","Same.","xxxx","1",,,
"Aylin_interaction6_1_response_1","I don't plan on it. I watched life grow and change outside of my window for too long._Now I want to be the one in the frame with you by my side.","xxxx","32",,,
"Aylin_interaction6_1_response_2","Regardless of our age gap, at least we are on the same page in this relationship.","xxxx","16",,,
"Aylin_interaction6_2","Where should we go? What should we see? It's been a very long time since I've walked around Billboard City._I wonder if it's improved or slid further into squalor? Regardless, a trip somewhere would be nice.","xxxx","36",,,
"Aylin_interaction6_3","There is still a lot to do here in White Ash Harbor, but we must find time for ourselves, otherwise we will crumble._Work must not be the center of us. It will not hold if that's the case.","xxxx","38",,,
"Aylin_interaction6_4","I love both my bathhouse and you. I cannot ever choose between my two loves, and I hope I never have to.","xxxx","22",,,
"Aylin_interaction6_5","If losing my human body meant that I got to meet you today, then it was a worthwhile exchange._Being alive as long as I have been and finding anything like us just felt more and more impossible with each passing year.","xxxx","41",,,
"Aylin_interaction6_6","I am grateful for my time with you. I am grateful for my life here._Since I first occupied this shell, I thought I would stand alone in the shadows of life until the Earth stopped spinning._I don't feel that way anymore, and it's all because of you.","xxxx","47",,,
,,,"",,,
"118_AYLIN_Random Interact",,,"",,,
,,,"",,,
"Aylin_random_interaction_1","We still have a lot of work to do.","xxxx","9",,,
"Aylin_random_interaction_2","This bathhouse is my life. It gives me purpose.","xxxx","9",,,
"Aylin_random_interaction_3","No, I do not wish to discuss my past with you.","xxxx","11",,,
"Aylin_random_interaction_4","Vincent and I have known each other for a long time.","xxxx","11",,,
"Aylin_random_interaction_5","(playername), I trust you will not let me down.","xxxx","9",,,
,,,"",,,
"118_AYLIN_PROGRESSION",,,"",,,
,,,"",,,
"Aylin_progression_restaurantOpen","Le Sequoia huh? I remember eating there when Vincent was the chef._I don't like to leave the bathhouse much, but it felt like a second home when he was there.","xxxx","30",,,
"Aylin_progression_luciusReview","It seems you've met the critic Lucius Delacourt?_I've heard about him. Be careful, (playername). Someone like him always has something hidden up his sleeves.","xxxx","24",,,
"Aylin_progression_bathhouseOpen","The bathhouse has reopened, and I couldn't be more nervous and excited for it. Thank you, again, for your assistance in making this possible.","xxxx","24",,,
"Aylin_progression_leSequoiaReputation","The word around town is that Le Sequoia is the reason a lot of tourists have started coming to visit._The bathhouse has benefited from these extra visitors. I like this partnership.","xxxx","31",,,
"Aylin_progression_teahouseReputation","The teahouse has always been vital to the bathhouse experience._Seeing it open and filled is exhilarating, and I am glad I entrusted you to do this for me. Thank you.","xxxx","30",,,
"Aylin_progression_helpfullness1","Nadjet told me that you've been very busy helping out people in town._It is admirable, but please remember that we have a business to run still.","xxxx","26",,,
"Aylin_progression_helpfullness2","Our community has been improving for multiple reasons but one of them has been your ability to help out with your own hands._Your effort is admirable.","xxxx","26",,,
,,,"",,,
"Aylin_restaurantMenu_positive_1","Your focus on drinks is admirable. It's not easy to create a great beverage. Personally, I still prefer tea above all else.","xxxx","22",,,
"Aylin_restaurantMenu_positive_2","My internal mechanisms do not allow me to eat much food these days, but I still eat at your place often._That should say everything you need to know.","xxxx","28",,,
"Aylin_restaurantMenu_negative_1","I've heard your menu is . . . full of meat._You may serve whatever you wish, but I prefer to stay away from consuming other living beings.","xxxx","27",,,
"Aylin_restaurantMenu_negative_2","Even if I could eat more food, I wouldn't eat at your restaurant with its current menu._However, if you change your mind and served good tea, I might drop by.","xxxx","30",,,
,,,"",,,
"Aylin_environmentConsumer_positive_1","You have been respectful towards the life forms here in White Ash Harbor. For this, I am grateful.","xxxx","18",,,
"Aylin_environmentConsumer_positive_2","I will never allow my bathhouse to dirty this land, and I am glad that we are in agreement on that front.","xxxx","22",,,
"Aylin_environmentConsumer_negative_1","I thought you were different from the others._I thought you might be better than the hucksters, the frivolous ones, the ones who burn the planet for profit, but I see you are just the same.","xxxx","35",,,
"Aylin_environmentConsumer_negative_2","This town has done a lot to me, but I would never do what you are doing to it at this very moment._I expected this from LELSH, but not from you, (playername). Please reconsider your ways.","xxxx","36",,,
,,,"",,,
"Aylin_firstQuestComplete_1","Now that the bathhouse is functioning properly once again, I can rest a little more at night.","xxxx","17",,,
"Aylin_firstQuestComplete_2","Thank you again for repairing my bathhouse._It is an old building, but it has decades left in it before anything else needs to be addressed . . . I hope.","xxxx","30",,,
"Aylin_firstQuestComplete_3","The hot water running through the bathhouse is as close as I will get to having blood flowing through my veins.","xxxx","21",,,
,,,"",,,
"Aylin_secondQuestComplete_1","It seems like everyone had a fantastic time tonight!_If that is indeed the case, then I believe we will have helped out White Ash Harbor recover some of its dignity.","xxxx","30",,,
"Aylin_secondQuestComplete_2","I do not understand influencers or their culture. I find it beyond my comprehension._But if it isn't harming anyone, then I don't have to try to understand. I'm pleased they will help us out.","xxxx","34",,,
"Aylin_secondQuestComplete_3","Nadjet has been showing me some of the influencers' posts and it appears that the reactions has been positive._I believe we are heading toward something good here, (playername).","xxxx","28",,,
,,,,,,
,,,,,,
"118_AYLIN_INTERACT",,,,,,
,,,,,,
"Aylin_compliment_looks","Thank you.","xxxx",,,,
"Aylin_compliment_clothing","Thank you?","xxxx",,,,
"Aylin_compliment_mind","My mind is more advanced than most minds in this town.","xxxx",,,,
"Aylin_compliment_work","If I don't work hard, then why am I here?","xxxx",,,,
"Aylin_encouragement","I've been around long enough to know what I am doing, but thank you nonetheless.","xxxx",,,,
"Aylin_offerhelp_accept","If you would, then please come this way.","xxxx",,,,
"Aylin_offerhelp_decline","I have not requested your help. Now please leave me be, I must attend to something.","xxxx",,,,
"Aylin_present_useful_1","Good thinking, (playername)! This will help . . . I think.","xxxx","11",,,
"Aylin_present_useful_2","Your thoughtfulness is appreciated. My android body requires regular maintenance, and this should help.","xxxx","14",,,
"Aylin_present_useful_3","Thank you, (playername). I think this will make me a bit stronger.","xxxx","12",,,
"Aylin_present_valuable_1","This is quite valuable, (playername), but I really have no need for such trinkets.","xxxx","14",,,
"Aylin_present_birthday_1","My birthday? . . . It's been ages since I've thought about it . . ._At the end of the day, we are just lifeforms borrowing time from this planet. Perhaps birthdays are a way to remind us?_Anyways, thank you, (playername).","xxxx","41",,,
"Aylin_present_useless_1","I don't need this. Perhaps something more useful next time?","xxxx","10",,,
"Aylin_present_useless_2","This can't help me, (playername). Not at all.","xxxx","8",,,
"Aylin_present_useless_3","If you wish to buy my friendship, (playername), you will have to do better than that.","xxxx","16",,,
"Aylin_gift_already_given","You gave me something today already. I don't need any more.","xxxx","11",,,
"Aylin_hug","Step away. Now.","xxxx",,,,
"Aylin_hangout_decline","Business at the bathhouse calls, and so I must tend to it.","xxxx",,,,
,,,,,,
,,,,,,
"119_NADJET",,,,,,
,,,,,,
"Nadjet_interaction1_1","I still can't believe you thought I was a ghost! I didn't know I could act so good.","xxxx","18",,,
"Nadjet_interaction1_2","If you do what the boss says you should do, then you'll be okay. Don't do it, then maybe you find out what the bottom of the pier looks like._Joking!","xxxx","30",,,
"Nadjet_interaction1_3","The folks in this town that messed with Aylin were lucky that I wasn't here.","xxxx","15",,,
"Nadjet_interaction1_4","Now that I don't have to be a ghost anymore, I've been talking to people, and a lot of them came here to start a new life._Even you! It's crazy how many people have done that in this small town!","xxxx","40",,,
"Nadjet_interaction1_5","If you play your cards right, you might even be called a friend one day by moi. That's French for me. It's fancy talk.","xxxx","24",,,
"Nadjet_interaction1_6","This place has its charms, one of them is the arcade!_Okay, it's only two machines in the rec center, but when was the last time you saw a real arcade?! It's unreal.","xxxx","32",,,
,,,"",,,
"Nadjet_interaction2_1_intro","A very long time ago, people used to apply soap to their body after taking a bath._It was their form of a deodorant.","xxxx","23",,,
"Nadjet_interaction2_1_option_1","Why . . . why do you know that?","xxxx","9",,,
"Nadjet_interaction2_1_option_2","That's awful.","xxxx","2",,,
"Nadjet_interaction2_1_response_1","My business is baths and people use soap in baths, so I took it upon myself to learn the history of soap._I wouldn't lye to ya about it. Get it? Lye. Ha!","xxxx","32",,,
"Nadjet_interaction2_1_response_2","Can ya imagine the smells? No one thinks about that when they talk about time travel._People in the 1800's most definitely had a funk.","xxxx","24",,,
"Nadjet_interaction2_2","I've worked in The Peony Bathhouse for a very long time._Been here since I was 18, and in that time I've learned one thing: If the boss says something's wrong, then something's wrong.","xxxx","33",,,
"Nadjet_interaction2_3","If there is one thing I trust in this world, it's Aylin. If there is one thing I don't trust in this world, it's cops._They're not all ""do-gooding for the people""-types._Trust someone who has experience on that topic.","xxxx","38",,,
"Nadjet_interaction2_4","(playername), I'm sure you have your rituals, but one of mine is getting the towels out of the washer and into the dryer as soon as possible. I hate moldy towels and refuse to risk having them in the bathhouse.","xxxx","40",,,
"Nadjet_interaction2_5","Despite my slightly prickly exterior, I am actually a happy person, I just . . . don't show folks who are new that side of myself._If people think you're soft, then they try to mold you into something you never wanted to be.","xxxx","43",,,
"Nadjet_interaction2_6","During my time in hiding, I overheard and saw some pretty interesting stuff._One time I watched a man casually drop off a box with seven kittens on a bench in town and leave._I helped get them adopted of course, but how heartless, right?","xxxx","43",,,
,,,"",,,
"Nadjet_interaction3_1_intro","I am finding myself working harder than ever before, now that the bathhouse is open. Don't tell Aylin this, but it was easier burying bodies for the mob.","xxxx","28",,,
"Nadjet_interaction3_1_option_1","What about the job is tiring you out?","xxxx","8",,,
"Nadjet_interaction3_1_option_2","It was easier to bury people?!","xxxx","6",,,
"Nadjet_interaction3_1_response_1","It's the customers and the getting of the towels and making sure the staff is doing things right because they're new and don't know everything._It's a lot! I just gotta get my stamina up, is all.","xxxx","36",,,
"Nadjet_interaction3_1_response_2","Bodies didn't talk! They didn't ask for things. They didn't need direction on how to run the machines in the bathhouse._They just went into the ground and I got to walk away. I'll be alright, but it's just a lot somedays, ya know?","xxxx","43",,,
"Nadjet_interaction3_2","I look at rainy days as time to take a moment and contemplate something profound: Marshmallows might just be clouds made from sugar. Maybe.","xxxx","24",,,
"Nadjet_interaction3_3","If I am 100% honest, I do miss the fertilizer business somedays._I helped out the environment by helping the forest grow big and tall._Just so we're clear, I never once helped create the fertilizer that I buried six-feet deep.","xxxx","39",,,
"Nadjet_interaction3_4","I could really go for milk tea or something soon. Maybe a baked good of some kind? Like, a croissant. I love that flaky crust so much!","xxxx","27",,,
"Nadjet_interaction3_5","I was in town the other day and ran into this lady, I think her name was Nabiha or somethin'._Anyway, she would not stop talking about veganism! She couldn't read the room! I want to eat a rabbit, not be a rabbit! Yeesh!","xxxx","43",,,
"Nadjet_interaction3_6","One of my favorite things to do is watch people in town._For a long time, I just watched everyone, because I was supposed to be a ghost, but now I get to be me. It's nice.","xxxx","36",,,
,,,"",,,
"Nadjet_interaction4_1_intro","A lot of people ask me if this is an act. The cheeriness and brashness mixed together._I'm me, no matter what, but I find it odd that so many people find that idea bizarre.","xxxx","34",,,
"Nadjet_interaction4_1_option_1","It's not something that is normally mashed together.","xxxx","8",,,
"Nadjet_interaction4_1_option_2","I find you terrifying.","xxxx","4",,,
"Nadjet_interaction4_1_response_1","And people can be complicated! We're allowed to be both simple and complex._There are no rules saying you have to be one way or another. I'm just being me and that's all I can be.","xxxx","35",,,
"Nadjet_interaction4_1_response_2","Past me would be delighted at that fact, but current me isn't really all that jazzed about it._You don't need to worry about me. We're friends! I don't bury friends, but these randos making comments are tempting me!","xxxx","38",,,
"Nadjet_interaction4_2","There was a great ramen place back in Billboard City._The broth there is amazing! It's been a minute since I ate there, I wonder if they're still open?","xxxx","28",,,
"Nadjet_interaction4_3","Making soup is one of my favorite pastimes. I experiment constantly with different bases until I get something amazing._Case in point: Peanut butter soup with kale and fish, so GOOD!","xxxx","30",,,
"Nadjet_interaction4_4","I am hoping to introduce one of my homemade recipes to Ms. Aylin._I know she doesn't eat much, but I hope that my cooking can convince her!","xxxx","27",,,
"Nadjet_interaction4_5","Without Ms. Aylin, I would be nowhere fast._I am grateful every day that I get to learn so much from her and work at this fine establishment.","xxxx","27",,,
"Nadjet_interaction4_6","My . . . my feet are swollen. Ohhhh, that toe is not looking good. I am going to live in the bath now. Goodbye.","xxxx","25",,,
,,,"",,,
"Nadjet_interaction5_1_intro","Do you think I am a jovial person?","xxxx","8",,,
"Nadjet_interaction5_1_option_1","Uhhhhhh, yes? Yes, you are quite jovial.","xxxx","7",,,
"Nadjet_interaction5_1_option_2","I don't know if that's the word for you.","xxxx","9",,,
"Nadjet_interaction5_1_response_1","You hesitated. That means you're not being truthful. It's okay, I understand your hesitation._I just wish I was known as that, because in my brain, I see myself as a rather happy person. Maybe I shouldn't yell as much? Yeah, that might help.","xxxx","43",,,
"Nadjet_interaction5_1_response_2","What word would you use, (playername)? 'Jovial' sounds like a nice thing to be . . . I'd like to be seen as something nice._I also know nice people get pushed around a lot, too . . . hmm. Maybe it's enough that I am kind to my friends?","xxxx","49",,,
"Nadjet_interaction5_2","The soap we sell in the bathhouse is high grade, organic, and made by a single Italian man who then sells it through an underground market dealer._I have made sure he supplies us and only us. Don't worry, he's being compensated properly.","xxxx","42",,,
"Nadjet_interaction5_3","I was at a coffee shop today and saw a man painting in the shop. I walked over and saw he was painting one of the lights hanging from the ceiling._I asked him about it and he said, 'It's not one my brightest ideas.' HAHAHAHA! Get it?!","xxxx","47",,,
"Nadjet_interaction5_4","I could take a break, but if it means leaving a task hanging for Aylin, then I couldn't do that. I know she said, 'You should take a break sometime.'_But I know she means that I shouldn't stop until everything that she needs to be done is done.","xxxx","48",,,
"Nadjet_interaction5_5","There is one thing you should do for yourself and that's to always keep your brain on._I . . . I mean, I've known some people who run scams to get folks' personal information and rob them blind. Scum, the lot of them.","xxxx","43",,,
"Nadjet_interaction5_6","I'd like to take a walk in the woods sometime, but there's too many memories and grassy mounds out there for me to have a good time.","xxxx","27",,,
,,,"",,,
"Nadjet_interaction6_1_intro","Ya know somethin'? I think I am getting sweet on you because I just want to watch a show with you._What kind of shows do you like, anyway?","xxxx","28",,,
"Nadjet_interaction6_1_option_1","Historical dramas.","xxxx","2",,,
"Nadjet_interaction6_1_option_2","Cooking shows.","xxxx","2",,,
"Nadjet_interaction6_1_response_1","Oh. Historical dramas? You mean shows with the many layers of dresses on, and people with funny accents?_And for some reason, they don't play baseball but some other game with a flat paddle?_Those? Guess I can give it a shot.","xxxx","40",,,
"Nadjet_interaction6_1_response_2","I should've known! Do you ever turn off? Guess not, but who am I to say anything about it?_I pretended to be a ghost for years just to make sure my boss wasn't bothered by possible problems in town. Let's give it a shot.","xxxx","44",,,
"Nadjet_interaction6_2","We had a shortage on salts for the baths, towels were also low, and the new staff still doesn't know anything from nothing._I am getting a hug from you and then I'm gonna have an ice cream sundae and pass out.","xxxx","41",,,
"Nadjet_interaction6_3","I'll never forget this one time I was in the forest with a. . . ya know what?_I don't need to finish that story. I'm not that person anymore and you being here is evidence of that._Don't worry, I won't get rid of ya like evidence! Haha!","xxxx","47",,,
"Nadjet_interaction6_4","Am I worthy of this love? I ask myself that when I see you, but you don't run._You don't run away, so I guess that's the answer, ain't it? As long as you think I am, then I am, and that's a start.","xxxx","43",,,
"Nadjet_interaction6_5","Me and you, we're partners now in this life. I love ya. I love ya sick, I do. Now hug me! I can't get enough of that!","xxxx","27",,,
"Nadjet_interaction6_6","Let's go on the train somewhere. I think I'm due for a trip anyway after years without time off._Once the bathhouse is humming, let's figure something out. Okay? Okay.","xxxx","29",,,
,,,"",,,
"119_NADJET_Random Interact",,,"",,,
,,,"",,,
"Nadjet_random_interaction_1","If you make the boss mad, I will beat you to a pulp!","xxxx","13",,,
"Nadjet_random_interaction_2","I am here to serve Miss Aylin. She . . . uh, never mind.","xxxx","14",,,
"Nadjet_random_interaction_3","Truth be told, I'm fairly new to White Ash Harbor.","xxxx","10",,,
"Nadjet_random_interaction_4","Miss Aylin prefers not to engage with the town . . . yet.","xxxx","13",,,
"Nadjet_random_interaction_5","This bathhouse will be beautiful once it's fixed . . . at least that's what the boss says.","xxxx","18",,,
,,,"",,,
"119_NADJET_PROGRESSION",,,"",,,
,,,"",,,
"Nadjet_progression_restaurantOpen","I don't know nothin', but your restaurant is nice.","xxxx","9",,,
"Nadjet_progression_luciusReview","People's words mean nothin'. If that Lucius guy is bothering you, let me know, yeah? I'll give him a good old beatdown.","xxxx","22",,,
"Nadjet_progression_bathhouseOpen","Thanks again for helping us out with getting the bathhouse open. I haven't seen the boss this happy in a long time.","xxxx","22",,,
"Nadjet_progression_leSequoiaReputation","Le Sequoia's reputation is on the rise, it seems. Good!","xxxx","10",,,
"Nadjet_progression_teahouseReputation","People are loving our teahouse and it's so cool!","xxxx","9",,,
"Nadjet_progression_helpfullness1","I've been watching ya being a good one around town. It's almost sweet what you're doin' for everyone.","xxxx","18",,,
"Nadjet_progression_helpfullness2","Are you getting paid by the hour for those bulletin board answers? Yeesh! In either case, keep it going. People are happier because of it.","xxxx","25",,,
,,,"",,,
"Nadjet_restaurantMenu_positive_1","I wasn't expecting your menu to have what it has on it. Your menu has stuff I haven't had, ever. I am gonna to try it all.","xxxx","27",,,
"Nadjet_restaurantMenu_positive_2","Everything I've tried has been delicious. It would be a shame if you stopped making good food, a damn shame really. So don't stop.","xxxx","24",,,
"Nadjet_restaurantMenu_negative_1","New food is one thing, but I dunno about yours. Maybe I'll try it . . . maybe.","xxxx","18",,,
"Nadjet_restaurantMenu_negative_2","If you try to come near me again with that menu unchanged, I will take you to my grove in the forest and you will never leave it.","xxxx","28",,,
,,,"",,,
"Nadjet_environmentConsumer_positive_1","As an amateur arborist who has contributed to the fertilization of the earth through organic means, might I say that you have done a good job . . ._. . . Keeping it clean around here.","xxxx","36",,,
"Nadjet_environmentConsumer_positive_2","It's good to see your work isn't trashing the place. Keep it up. If ya don't, that would be a shame . . . wouldn't it?","xxxx","26",,,
"Nadjet_environmentConsumer_negative_1","YOU! YOU SEE WHAT YOU'RE DOIN' AROUND HERE WITH THE TRASH AND THE WHATNOT?! STOP IT.","xxxx","16",,,
"Nadjet_environmentConsumer_negative_2","Look, I tried to be nice. I yelled at ya. That's me being nice, but by the look of things that didn't register . . . so let's try this._If you don't stop making trash, I'm gonna make you a part of the landscape from 6 feet down, capiche?!","xxxx","49",,,
,,,"",,,
"Nadjet_firstQuestComplete_1","Thanks again for helping me out with planning Aylin's birthday party! She seemed super surprised!","xxxx","15",,,
"Nadjet_firstQuestComplete_2","Aylin was telling me how much fun she had at the party. I gotta say, I'm glad my noggin had the idea.","xxxx","22",,,
"Nadjet_firstQuestComplete_3","I think when people get older, birthdays are special again, ya know?_When we're in our 20's or 30's, they kinda lose their meaning, but at some point I think it's smash cake again._Maybe when you're 70? How old is Aylin, anyway??","xxxx","41",,,
,,,"",,,
"Nadjet_secondQuestComplete_1","The boss is so nice! She did all of that for me and . . . I think I'm gonna cry again. TELL NO ONE!","xxxx","25",,,
"Nadjet_secondQuestComplete_2","I didn't know I could figure out so much, ya know! Thanks for sticking with me during all of that running around.","xxxx","22",,,
"Nadjet_secondQuestComplete_3","I really thought for a minute that someone had gotten Aylin, but she's no China doll. She knows how to take care of herself._Shoulda given her more credit, but ANYTHING is possible, ya know?","xxxx","34",,,
,,,,,,
,,,,,,
"119_NADJET_INTERACT",,,,,,
,,,,,,
"Nadjet_compliment_looks","Sure.","xxxx",,,,
"Nadjet_compliment_clothing","This is my uniform. It's nice, but it's just a uniform.","xxxx",,,,
"Nadjet_compliment_mind","What an odd thing to say.","xxxx",,,,
"Nadjet_compliment_work","When I'm on the clock, I'm going, so get out of my way. Please and thanks!","xxxx",,,,
"Nadjet_encouragement","Changing jobs is a hard adjustment.","xxxx",,,,
"Nadjet_offerhelp_accept","Will you please . . . help me?","xxxx",,,,
"Nadjet_offerhelp_decline","I don't need help right now.","xxxx",,,,
"Nadjet_present_useful_1","Oh yes! I will enjoy this. I owe ya one, (playername)!","xxxx","11",,,
"Nadjet_present_useful_2","Don't tell Aylin about this, okay? This will be our little secret.","xxxx","12",,,
"Nadjet_present_useful_3","Hey, wouldja look at that! How did you know? Thanks!","xxxx","10",,,
"Nadjet_present_valuable_1","Thanks . . . ? For this valuable gift. However, I have everything I need living in the bathhouse. Material goods aren't everything, (playername).","xxxx","24",,,
"Nadjet_present_birthday_1","Hey, you're right! It IS my birthday! I feel very blessed to have you as a friend, (playername).","xxxx","18",,,
"Nadjet_present_useless_1","I got one already.","xxxx","4",,,
"Nadjet_present_useless_2","NO. THANK. YOU.","xxxx","3",,,
"Nadjet_present_useless_3","This might be valuable for someone else, but I'm not going to be distracted by material goods.","xxxx","17",,,
"Nadjet_gift_already_given","I gotten something from you already today.","xxxx","7",,,
"Nadjet_hug","It's outta left field, but okay. Here ya go.","xxxx",,,,
"Nadjet_hangout_decline","Sorry, I'm a bit busy today.","xxxx",,,,
,,,,,,
"119_NADJET_BATHHOUSE_BOUTIQUE",,,,,,
,,,,,,
"Nadjet_shop_default_1","Welcome to the White Ash Harbor bathhouse! Let me know if you need anything!","xxxx","14",,,
"Nadjet_shop_default_2","Hello again! Welcome back to the White Ash Harbor bathhouse!","xxxx","10",,,
"Nadjet_shop_default_3","The Peony bathhouse is the most famous bathhouse in the country!","xxxx","11",,,
"Nadjet_shop_default_4","You will not find better hot water anywhere else! Even your shower pales in comparison!","xxxx","15",,,
"Nadjet_shop_default_5","Community and bubbles, a combination that works and is enjoyed by many. Welcome to the bathhouse!","xxxx","16",,,
"Nadjet_shop_buy_1","That scent is new.","xxxx","4",,,
"Nadjet_shop_buy_2","We get those made just for us.","xxxx","7",,,
"Nadjet_shop_buy_3","Handmade by an android at the top of a mountain who has no hands.","xxxx","14",,,
"Nadjet_shop_sell_1","I wonder if it'll work with hot water?","xxxx","8",,,
"Nadjet_shop_sell_2","Where did you get . . . never mind, I've learned never to ask.","xxxx","14",,,
"Nadjet_shop_sell_3","I may get this for myself.","xxxx","6",,,
"Nadjet_shop_sell_rejected_1","Oh, nah! Bahahaha!","xxxx","3",,,
"Nadjet_shop_sell_rejected_2","That is not happening.","xxxx","4",,,
"Nadjet_shop_sell_rejected_3","Maybe if you try another shop that isn't us, they will buy it.","xxxx","13",,,
"Nadjet_shop_too_poor_1","You're broke, sorry.","xxxx","3",,,
"Nadjet_shop_too_poor_2","Not enough. Come again next time.","xxxx","6",,,
"Nadjet_shop_too_poor_3","Come back when you have the Credits, please!","xxxx","8",,,
,,,,,,
"120_SAHIM",,,,,,
,,,,,,
"Sahim_interaction1_1","If its meat you want, I'll be back at my stand later, but right now I am just enjoying my time.","xxxx",,,,
"Sahim_interaction1_2","You must be new to town beacuse no one who's from here walks up to anyone and just says hi, but hello nonetheless.","xxxx",,,,
"Sahim_interaction1_3","A lot of people come to Billboard City for the food to eat and the sights to see, but none of them are ready for the smells that live here too. Haha!","xxxx",,,,
"Sahim_interaction1_4","What do butchers and writers have in common? In both jobs you have to deal with hacks! Hahaha! I kill me. Anyway, if you want some liver later, I'll have it available at a great price.","xxxx",,,,
"Sahim_interaction1_5","Unlike most people, I like my job, and like most people, I am not defined by my job._Humans are multifaceted sorts with many dreams and wants. I am Sahim, by the way, and I'll see you around.","xxxx",,,,
"Sahim_interaction1_6",,"xxxx",,,,
,,,,,,
"Sahim_interaction2_1_intro","Tell me, (playername), do you have dreams?","xxxx",,,,
"Sahim_interaction2_1_option_1","I do, and I am living them out right now.","xxxx",,,,
"Sahim_interaction2_1_option_2","Nightly, why do you ask?","xxxx",,,,
"Sahim_interaction2_1_response_1","I am glad to hear that you are not simply dreaming, but living your dreams. It's scary to do such a thing, but here you are, doing it. Good for you.","xxxx",,,,
"Sahim_interaction2_1_response_2","A joker I see, but seriously, you mustn't let your dreams be just dreams. You should try to make them a reality, unless you're just walking around naked in your dreams, then just keep those dreams in your head. Don't get arrested.","xxxx",,,,
"Sahim_interaction2_2","Everyone has dreams, but not everyone wants to or needs to share them with the world at large. It's nice to have something for yourself and that's it.","xxxx",,,,
"Sahim_interaction2_3","Have you seen The 100 today? Your shop is climbing up the ranks! Congrats my friend!","xxxx",,,,
"Sahim_interaction2_4","When I see my friends succeed, it is then that I feel I can as well. Surrounding yourself with people who are driven is a must because they inspire you to try something new. Did you know that I write poetry? Didn't expect that from a butcher, did ya?","xxxx",,,,
"Sahim_interaction2_5","One of the things that I try to do is write every single day. If I am not exercising my prose, they might get rusty, and where would my poems be without words attached to them?","xxxx",,,,
"Sahim_interaction2_6",,"xxxx",,,,
,,,,,,
"Sahim_interaction3_1_intro","You, me, horror movie marathon! Are you in?","xxxx",,,,
"Sahim_interaction3_1_option_1","Yes, bring on the buckets of blood!","xxxx",,,,
"Sahim_interaction3_1_option_2","I appreciate your love for it, but I just can't.","xxxx",,,,
"Sahim_interaction3_1_response_1","Fantastic! Let's setup a day and go for it! I'll get some of my favorites up and ready to go.","xxxx",,,,
"Sahim_interaction3_1_response_2","I can understand that, horror is a complex genre that most don't have the bandwidth to withstand. I takes an elevated mind to really get why blood is colored blue or green sometimes.","xxxx",,,,
"Sahim_interaction3_2","I remember my first all night horror movie marathon. It was at the Neo Beverly Theater. The seats were beaten, tired, the ceiling stained from decades of cigarettes. It was magic.","xxxx",,,,
"Sahim_interaction3_3","Horror is a topic that is often misunderstood. It has always been a genre that subverts the norms of a society to tell a story that is often pointing out a flaw in that society or an ignored people living within the walls of 'normality.'","xxxx",,,,
"Sahim_interaction3_4","I am trying to blend my love of horror movies and poetry. I think it'll make for some funny or deep stuff! You never know if something's going to work until you try it.","xxxx",,,,
"Sahim_interaction3_5","If you going to ask to read some of my poetry, forget it. It's for me and me alone. I mean . . . I dunno, maybe you'll like it, but I'm not ready for that pressure today.","xxxx",,,,
"Sahim_interaction3_6",,"xxxx",,,,
,,,,,,
"Sahim_interaction4_1_intro","Would you want to read one of my poems?","xxxx",,,,
"Sahim_interaction4_1_option_1","I get to? Sure!","xxxx",,,,
"Sahim_interaction4_1_option_2","Are you sure you want me to read it?","xxxx",,,,
"Sahim_interaction4_1_response_1","Okay, here it is, it's called my Bloodstained Rose. Just . . . anyway, give it a read.","xxxx",,,,
"Sahim_interaction4_1_response_2","I am still, but if I am going to grow at all as an artist, I have to show it a little bit.","xxxx",,,,
"Sahim_interaction4_2","I'm glad you enjoyed my work, (playername). It felt good to show it off to someone. Thank you.","xxxx",,,,
"Sahim_interaction4_3","I've been pondering something, should I go to a reading at a poetry circle? I just . . . nevermind. Forget I said anything.","xxxx",,,,
"Sahim_interaction4_4","One of my favorite poets is Strunk. He's just got a cadence to his prose that I wish I could hit. He mentioned that his writing group was key in developing his style. It's the only reason why I care about finding one for myself.","xxxx",,,,
"Sahim_interaction4_5","I am going to go, %. There is a poetry group that meets up at the I'm Crazy for Beans cafe on Thursdays. I'm not looking to grow an audience or anything, but simply find a tribe.","xxxx",,,,
"Sahim_interaction4_6",,"xxxx",,,,
,,,,,,
"Sahim_interaction5_1_intro",,"xxxx",,,,
"Sahim_interaction5_1_option_1",,"xxxx",,,,
"Sahim_interaction5_1_option_2",,"xxxx",,,,
"Sahim_interaction5_1_response_1",,"xxxx",,,,
"Sahim_interaction5_1_response_2",,"xxxx",,,,
"Sahim_interaction5_2",,"xxxx",,,,
"Sahim_interaction5_3",,"xxxx",,,,
"Sahim_interaction5_4",,"xxxx",,,,
"Sahim_interaction5_5",,"xxxx",,,,
"Sahim_interaction5_6",,"xxxx",,,,
,,,,,,
"Sahim_interaction6_1_intro",,"xxxx",,,,
"Sahim_interaction6_1_option_1",,"xxxx",,,,
"Sahim_interaction6_1_option_2",,"xxxx",,,,
"Sahim_interaction6_1_response_1",,"xxxx",,,,
"Sahim_interaction6_1_response_2",,"xxxx",,,,
"Sahim_interaction6_2",,"xxxx",,,,
"Sahim_interaction6_3",,"xxxx",,,,
"Sahim_interaction6_4",,"xxxx",,,,
"Sahim_interaction6_5",,"xxxx",,,,
"Sahim_interaction6_6",,"xxxx",,,,
,,,,,,
"120_SAHIM_INTERACT",,,,,,
,,,,,,
"Sahim_compliment_looks","Eh, I need a haircut.","xxxx",,,,
"Sahim_compliment_clothing","This shirt is from one of my favorite horror games! Parasite Rains!","xxxx",,,,
"Sahim_compliment_mind","Thank you! It's where all of my ideas come from.","xxxx",,,,
"Sahim_compliment_work","The meat isn't hard to do, but the writing, my goodness it's tough.","xxxx",,,,
"Sahim_encouragement","We all need a kind word. I hope you got one today yourself.","xxxx",,,,
"Sahim_offerhelp_accept","I would appreciate it, my friend, thank you.","xxxx",,,,
"Sahim_offerhelp_decline","No thank you, my friend, these hands have got it.","xxxx",,,,
"Sahim_present_useful_1","This is fantastic! Thank you!","xxxx",,,,
"Sahim_present_useful_2",,"xxxx",,,,
"Sahim_present_useful_3",,"xxxx",,,,
"Sahim_present_valuable_1",,"xxxx",,,,
"Sahim_present_birthday_1",,"xxxx",,,,
"Sahim_present_useless_1","Eh, I really don't need it.","xxxx",,,,
"Sahim_present_useless_2",,"xxxx",,,,
"Sahim_present_useless_3",,"xxxx",,,,
"Sahim_gift_already_given","Hey, you gave me one of these already! Thanks though.","xxxx",,,,
"Sahim_hug","I don't need that from you, thanks.","xxxx",,,,
"Sahim_hangout_decline","I am behind on orders to be filled. Another time, my friend.","xxxx",,,,
"Sahim_romantic_decline","I'm just not that into you. This is a nice compliment though!","xxxx",,,,
,,,,,,
"121_IAN",,,,,,
,,,,,,
"Ian_interaction1_1","Hello, hello, hello! I hope you have a wonderful day in Billboard City!","xxxx",,,,
"Ian_interaction1_2","Hello , hello, hello, again! For a town so large running into the same person twice is a bit of a treat, haha! Have a good day.","xxxx",,,,
"Ian_interaction1_3","We really ought to stop meeting like this, haha! I have some fresh fish here if it strikes your fancy. They are unlike anything you'll find in Billboard City!","xxxx",,,,
"Ian_interaction1_4","Since our comings and goings are a bit of a regular occurrence, let me tell you a story. Once I was out far, past Great Horn Point, and I was out of fuel. I looped the fin of a nearby whale and he pulled me back to the harbor!","xxxx",,,,
"Ian_interaction1_5","I'm Ian, by the by, and if you want to hear more of my stories, you'll have to wait for another time as I need to count my inventory.","xxxx",,,,
"Ian_interaction1_6",,"xxxx",,,,
,,,,,,
"Ian_interaction2_1_intro","My kid just sent me an emoji story! He's two! It's just a bunch of emojis, but wow, he thought to do that for me. Man, do you have kids?","xxxx",,,,
"Ian_interaction2_1_option_1","I do not and have no plans for them.","xxxx",,,,
"Ian_interaction2_1_option_2","Me? Maybe one day, but not now.","xxxx",,,,
"Ian_interaction2_1_response_1","Kids are a lot of work, but worth it. I remember I didn't have any plans for them myself, but when a 7 meter long swordfish almost took me out, I had a change of perspective.","xxxx",,,,
"Ian_interaction2_1_response_2","You might someday, who knows! It took me almost dying to finally want some. But it's up to you ultimately. Join us in the land of sleepless nights! Haha!","xxxx",,,,
"Ian_interaction2_2","Did I tell ya about the time I was in Baton Rouge?_It was a crazy night, let me tell you, and the beignetes were just as hot as the lead flying over my head! Haha!","xxxx",,,,
"Ian_interaction2_3","You know Bowie?! That makes sense since you told me you're from White Ash Harbor. Man, that guy has some stories to tell. He's lived a long, epic, life! It's . . . it's impressive to say the least!","xxxx",,,,
"Ian_interaction2_4","When I chat with folks from all walks of life, its nice to hear their stories, to trade stories, because in the end we are all just characters in someone's story.","xxxx",,,,
"Ian_interaction2_5","Oh boy, Peter got into the finger paints at home! The couch is not an art installation, but these things happen when a parent has to, you know, go to the bathroom. Haha! I remember this one time . . . oop! Gotta get this call.","xxxx",,,,
"Ian_interaction2_6",,"xxxx",,,,
,,,,,,
"Ian_interaction3_1_intro","Did you see the soccer match between the Devils and the Penguins?!","xxxx",,,,
"Ian_interaction3_1_option_1","No, I didn't catch it.","xxxx",,,,
"Ian_interaction3_1_option_2","I'm sorry, the what and the what?","xxxx",,,,
"Ian_interaction3_1_response_1","Awwwww, man! You missed out of a great match! They were tied for a long time before Giovannone on the Penguins drove one in from a Devils pass! Insanity!!","xxxx",,,,
"Ian_interaction3_1_response_2","You don't follow soccer? Why do you not like fun?","xxxx",,,,
"Ian_interaction3_2","I'll forget that one time when I was at a Gator match and the lead striker, Mendez, looked directly at me and threw me the game ball. I was 12 and it was a highlight in my childhood. I have that ball still to this day.","xxxx",,,,
"Ian_interaction3_3","Uh, oh right! Hi! Yeah, I'm just getting some things together. I have my high school reunion coming up and I have to find a sitter for Peter so Gwen and I can go. It's going to be fun to go back and chat.","xxxx",,,,
"Ian_interaction3_4","I'm sorry? Oh, the reunion. Yeah, that was fun. It was good to chat with people from way back in the day. See how far I've come along and such.","xxxx",,,,
"Ian_interaction3_5","This one time I was playing a game of cards on the docks and this guy threw in a golden hook on the pot. I called him on his hand and I got it! If I ever lose a hand, at least I know I have an fancy replacement hanging out somewhere.","xxxx",,,,
"Ian_interaction3_6",,"xxxx",,,,
,,,,,,
"Ian_interaction4_1_intro","I have something to confess, (playername). Not every story I have told has been true.","xxxx",,,,
"Ian_interaction4_1_option_1","Oh, oh you were expecting me to be shocked.","xxxx",,,,
"Ian_interaction4_1_option_2","Why would you lie about your life like that, Ian?","xxxx",,,,
"Ian_interaction4_1_response_1","You knew? And here I thought I was being so sly about it.","xxxx",,,,
"Ian_interaction4_1_response_2","For a lot of reasons, but while they might seem exceedingly shallow in nature, it doesn't feel like that to me.","xxxx",,,,
"Ian_interaction4_2","I have told you a lot of truths laced inside of the many stories I've told, so there's that. The mains reason why I haven't been that honest is beacuse my life is boring. There. I said it","xxxx",,,,
"Ian_interaction4_3","I got married young and Gwen and I had a lot of laughs and love, but I didn't go anywhere far. I was never in danger or lived by the skin of my teeth and now my back hurts when I get out of bed the wrong way.","xxxx",,,,
"Ian_interaction4_4","Sorry I fibbed to you. It's just, no one sets out to live a boring life. I love being married and my son gives me so much joy, I just wish I had done some more foolish adventures pre-kid.","xxxx",,,,
"Ian_interaction4_5","I remember this one time I slept all night on the sidwalk to get tickets to see The Crickets. Made friends with some hobos that night who taught me their secret hobo language they use everywhere. That's a true story! I promise.","xxxx",,,,
"Ian_interaction4_6",,"xxxx",,,,
,,,,,,
"Ian_interaction5_1_intro",,"xxxx",,,,
"Ian_interaction5_1_option_1",,"xxxx",,,,
"Ian_interaction5_1_option_2",,"xxxx",,,,
"Ian_interaction5_1_response_1",,"xxxx",,,,
"Ian_interaction5_1_response_2",,"xxxx",,,,
"Ian_interaction5_2",,"xxxx",,,,
"Ian_interaction5_3",,"xxxx",,,,
"Ian_interaction5_4",,"xxxx",,,,
"Ian_interaction5_5",,"xxxx",,,,
"Ian_interaction5_6",,"xxxx",,,,
,,,,,,
"Ian_interaction6_1_intro",,"xxxx",,,,
"Ian_interaction6_1_option_1",,"xxxx",,,,
"Ian_interaction6_1_option_2",,"xxxx",,,,
"Ian_interaction6_1_response_1",,"xxxx",,,,
"Ian_interaction6_1_response_2",,"xxxx",,,,
"Ian_interaction6_2",,"xxxx",,,,
"Ian_interaction6_3",,"xxxx",,,,
"Ian_interaction6_4",,"xxxx",,,,
"Ian_interaction6_5",,"xxxx",,,,
"Ian_interaction6_6",,"xxxx",,,,
,,,,,,
"121_IAN_INTERACT",,,,,,
,,,,,,
"Ian_compliment_looks","It's the hat, isn't it?","xxxx",,,,
"Ian_compliment_clothing","Yep, it's the hat.","xxxx",,,,
"Ian_compliment_mind","It was almost taken by a psychic with a grudge once, so thank you!","xxxx",,,,
"Ian_compliment_work","My fish is fresh and ready to eat!","xxxx",,,,
"Ian_encouragement","Oh, thanks!","xxxx",,,,
"Ian_offerhelp_accept","I'd appreciate the help if you want to do it.","xxxx",,,,
"Ian_offerhelp_decline","No thanks. I got it.","xxxx",,,,
"Ian_present_useful_1","I could use this! Thanks!","xxxx",,,,
"Ian_present_useful_2",,"xxxx",,,,
"Ian_present_useful_3",,"xxxx",,,,
"Ian_present_valuable_1",,"xxxx",,,,
"Ian_present_birthday_1",,"xxxx",,,,
"Ian_present_useless_1","I'm good.","xxxx",,,,
"Ian_present_useless_2",,"xxxx",,,,
"Ian_present_useless_3",,"xxxx",,,,
"Ian_gift_already_given","I really liked it the first time you gave me one, but I really don't need two.","xxxx",,,,
"Ian_hug","Bring it in!","xxxx",,,,
"Ian_hangout_decline","I got too much happening tonight.","xxxx",,,,
"Ian_romantic_decline","I'm married, so no thanks.","xxxx",,,,
,,,,,,
,,,,,,
"122_THELIO",,,,,,
,,,,,,
"Thelio_interaction1_1","Hello, person who I have never met before and have never interacted with whatsoever. I hope you have a good day.","xxxx","21",,,
"Thelio_interaction1_2","I'm not on the clock yet, so I'm doing my own thing right now. Have a nice day.","xxxx","18",,,
"Thelio_interaction1_3","How's your day going? I read in one of my self-help books that asking questions is a great way to have a conversation._It's simple, but it works.","xxxx","27",,,
"Thelio_interaction1_4","I am zonked! I unloaded four pallets worth of inventory this morning. I might actually take a 15 minute break today.","xxxx","21",,,
"Thelio_interaction1_5","Looks like you're sticking around here, huh? As a lifelong citizen of this town, welcome.","xxxx","15",,,
"Thelio_interaction1_6","The library is a great first stop if you're new in town. They carry lots of books that cover many topics and it's also a great spot to chill.","xxxx","29",,,
,,,"",,,
"Thelio_interaction2_1_intro","I hope to one day be in your shoes, but minus the whole restaurant thing. That venture is just far too risky for me._I gotta ask, how is it to run your own business?","xxxx","34",,,
"Thelio_interaction2_1_option_1","I get to steer my business where I want it to be.","xxxx","12",,,
"Thelio_interaction2_1_option_2","It's a lot of work, but I don't mind it.","xxxx","10",,,
"Thelio_interaction2_1_response_1","That's what I want too! One day, that is . . . I am learning as much as I can from business books, newsletters, and podcasts.","xxxx","26",,,
"Thelio_interaction2_1_response_2",". . . I apologize about that comment. Ugh, look, I don't get to chat with people about what I actually want to do in the future._So, my opinions come out more often than not when I do.","xxxx","38",,,
"Thelio_interaction2_2","Do you meditate? If you don't, you really should. I just started doing it right around last year, I think? It's been very nice._I don't believe in all of the ""healing powers"" nonsense, but I know it has helped me a lot mentally.","xxxx","43",,,
"Thelio_interaction2_3","I found that reading helped calm my mind. I'm halfway through our library's catalog. Man, I hope they get some more titles soon.","xxxx","23",,,
"Thelio_interaction2_4","My tastebuds are rather simple, but I like what they like because they love milk and anything baked._They can't really stand fish, which is a problem because fishing is the biggest industry here. I've tried working on it, but nothing works.","xxxx","41",,,
"Thelio_interaction2_5","If you'll excuse me, (playername), I've got a lot going on right now, but let's connect later.","xxxx","17",,,
"Thelio_interaction2_6","I'm a White Ash Harbor native. I've lived here my whole life and I don't see myself leaving anytime soon.","xxxx","20",,,
,,,"",,,
"Thelio_interaction3_1_intro","If I ramble on about meditation and anger, it's because I am working very hard on those things._I wanted to clarify that I'm just a man who's trying to do better.","xxxx","31",,,
"Thelio_interaction3_1_option_1","If I meditated too much I'd fall asleep.","xxxx","8",,,
"Thelio_interaction3_1_option_2","It's alright. We are all a work in-progress.","xxxx","8",,,
"Thelio_interaction3_1_response_1","You can never meditate too much . . . unless you're my dad, who meditates heavily after a turkey dinner. Ha!","xxxx","21",,,
"Thelio_interaction3_1_response_2","Thanks, it means a lot to hear that from someone who isn't Milo or Bianca._They're supportive of me, but sometimes I wonder if they're just being nice. So, thanks.","xxxx","29",,,
"Thelio_interaction3_2","I think there should be a class in school that teaches you how life is going to be once you're out in it._Sure, I know algebra, but how to save for retirement would be a little more useful.","xxxx","38",,,
"Thelio_interaction3_3","I used to get into fights, and I mean a lot of fights, as a teenager._I took every off comment is a critique against my character. I . . . I really messed up a lot of people.","xxxx","38",,,
"Thelio_interaction3_4","I would rather pour money into local businesses than the Black Forest online marketplace. Buy local, (playername).","xxxx","17",,,
"Thelio_interaction3_5","Anger often comes from trying to control something that is uncontrollable._My past is beyond me now and learning to let that go has been a long process. But I've got today and today has been good.","xxxx","36",,,
"Thelio_interaction3_6","Milo is one of the nicest people in town, although he can be a little too honest sometimes._Here's the thing though, you won't find a better tailor within a 100 miles.","xxxx","31",,,
,,,"",,,
"Thelio_interaction4_1_intro","What really changed my perspective on life was my grandfather. He . . . he died. Before going, he set me straight because he . . ._. . .He saw what my choices had done to my life.","xxxx","38",,,
"Thelio_interaction4_1_option_1","Sometimes getting some perspective helps.","xxxx","5",,,
"Thelio_interaction4_1_option_2","He loved you enough to say the hard truths.","xxxx","9",,,
"Thelio_interaction4_1_response_1","Right?! If he hadn't done that, I wouldn't be where I am right now. Not that this life is anything to brag about . . . but it could be worse. A lot worse.","xxxx","34",,,
"Thelio_interaction4_1_response_2","Hard truths hit the hardest when they're given by people you respect._He risked losing me forever in order to help me. I'll never forget that.","xxxx","25",,,
"Thelio_interaction4_2","One thing I do to help get the anger out is to bake bread._Kneading the dough, hitting it, that force gives it shape and makes something from the energy you give it._It's better than therapy, which is something I should be doing still, ha!","xxxx","44",,,
"Thelio_interaction4_3","I love baking. It's one of my little gifts to myself when I find the time. I enjoy seeing how the dough changes as the mixer runs._But I'm not gonna become a baker, (playername). I'd rather keep baking for myself.","xxxx","40",,,
"Thelio_interaction4_4","I've learned this from my time in customer service:_If anyone asks if you can check the back for an item, say yes, then go back there and check your feed for twenty minutes._They'll think you tried and you get an extra break.","xxxx","42",,,
"Thelio_interaction4_5","I wonder if I'll ever meet anyone who will love me for who I am today despite who I was in the past? I dunno, if I'm honest.","xxxx","28",,,
"Thelio_interaction4_6","I played in the woods all the time as a kid. I found so many cool and odd things out there._You owe yourself a walk out there if you haven't gone yet.","xxxx","32",,,
,,,"",,,
"Thelio_interaction5_1_intro","Do you think that people are capable of change, (playername)?","xxxx","10",,,
"Thelio_interaction5_1_option_1","Most people are incapable of massive change.","xxxx","7",,,
"Thelio_interaction5_1_option_2","You need to be open to it.","xxxx","7",,,
"Thelio_interaction5_1_response_1","That's rather pessimistic . . . I think you're wrong, but only because I have changed myself . . . At least, I thought so.","xxxx","25",,,
"Thelio_interaction5_1_response_2","Yeah, I think you have to want it. You know something isn't working, but you can't see it yourself. You need that outside force to really guide you through it.","xxxx","30",,,
"Thelio_interaction5_2","Changing your mind is one of the easiest and hardest things to do because it means that you were probably wrong about some things._And people hate being wrong.","xxxx","28",,,
"Thelio_interaction5_3","A few years ago I was walking to school and saw a stop sign laying on the ground. It had blood and dirt on it._I dunno what happened, but I always hope everyone involved was okay.","xxxx","36",,,
"Thelio_interaction5_4","Something I started doing to deal with my anger was taking kick-boxing classes._I would slam the full body bags with everything I had. Problem was that it didn't do enough for me. I had to rethink my anger too, not just release it.","xxxx","43",,,
"Thelio_interaction5_5","I see people day in and day out. I hope when they hear me say 'Have a good day,' they take it to heart._An act of kindness goes far, even if it's just a random person saying, 'Have a nice day.'","xxxx","41",,,
"Thelio_interaction5_6","Just an FYI: Don't head over to East Beach. It's a spot that's known for bad vibes and even badder things happening at night. Trust me.","xxxx","26",,,
,,,"",,,
"Thelio_interaction6_1_intro","You being with me, wanting to be in a relationship . . . I am glad.","xxxx","16",,,
"Thelio_interaction6_1_option_1","Of course! You're a lovely soul.","xxxx","6",,,
"Thelio_interaction6_1_option_2","I'm glad you reciprocated my gladness.","xxxx","6",,,
"Thelio_interaction6_1_response_1","Just, with everything that has gone on in my life, I never thought anyone would have wanted me. I guess all that ""onion work"" has paid off. Ha!","xxxx","28",,,
"Thelio_interaction6_1_response_2","I'm glad that you're glad that we're in a constant state of gladness together!","xxxx","14",,,
"Thelio_interaction6_2","I am going to work harder than anyone else to make sure we have a future together that is in the black and building at least 10% savings.","xxxx","28",,,
"Thelio_interaction6_3","Us being together, this . . . this couldn't have happened unless I cared about myself first. Does that make sense?_Because if I didn't care about myself, love myself, then I would still be obsessed with chasing money. It feels good to be here.","xxxx","44",,,
"Thelio_interaction6_4","When I have my own business, we will dine in places with chandeliers and a dress code. I promise you.","xxxx","20",,,
"Thelio_interaction6_5","You have no idea how inspiring it is that someone as successful as you was even interested in me._I'm not going to compete against you, that's not the point, but I hope our relationship will push us both to be our best.","xxxx","42",,,
"Thelio_interaction6_6","When the moon is gone, and the sun has shone its last ray, I will be there with you._. . . And I . . . I will be happy because our souls knew one another for a brief moment in time.","xxxx","42",,,
,,,,,,
"122_THELIO_Random Interact",,,,,,
,,,,,,
"Thelio_random_interaction_1","Need some flour?","xxxx","3",,,
"Thelio_random_interaction_2","Hello. Goodbye.","xxxx","2",,,
"Thelio_random_interaction_3","What are your goals in life?","xxxx","6",,,
"Thelio_random_interaction_4","One day, I will have my own shop. Just you watch!","xxxx","11",,,
"Thelio_random_interaction_5","Ah, I can't wait till my break . . .","xxxx","10",,,
,,,,,,
"122_THELIO_PROGRESSION",,,,,,
,,,,,,
"Thelio_progression_restaurantOpen","Le Sequoia is open?! YOU DID IT! Look at you and your shiny new restaurant! Yeah!","xxxx","16",,,
"Thelio_progression_luciusReview","Everyone's a critic, but sometimes you need that to move forward. That's how I feel, anyway.","xxxx","16",,,
"Thelio_progression_bathhouseOpen","I read that a hot bath can really soothe someone. I'll have to check it out. Thanks.","xxxx","17",,,
"Thelio_progression_leSequoiaReputation","People are talking a lot right now about Le Sequoia. All good things, all good things. You got this.","xxxx","19",,,
"Thelio_progression_teahouseReputation","I read a review about the teahouse and it sounds like a very calming place. I think I need that in my life too.","xxxx","24",,,
"Thelio_progression_helpfullness1","Doing work around town? Good on you.","xxxx","7",,,
"Thelio_progression_helpfullness2","Keep up the good work there, (playername). It helps more than you know.","xxxx","13",,,
,,,"",,,
"Thelio_restaurantMenu_positive_1","I heard you have some great pastries and baked goods on your menu? I'll have to try 'em sometime._And remember to come here if you need more baking ingredients!","xxxx","29",,,
"Thelio_restaurantMenu_positive_2","Goodness gracious, that menu of yours is a wonder! I really want to try it all out.","xxxx","17",,,
"Thelio_restaurantMenu_negative_1","Ah, your menu. Uhhhh, I'm sure it's food that someone wants. Not me though. I'm not a fan of seafood.","xxxx","20",,,
"Thelio_restaurantMenu_negative_2","I am good. I don't need to eat off your menu. I smell fish all day already. I don't want to eat it.","xxxx","23",,,
,,,"",,,
"Thelio_environmentConsumer_positive_1","As a person who sells stuff that makes trash, I am torn on my spot in the lifecycle of waste._I am glad to see you're setting an example to follow.","xxxx","30",,,
"Thelio_environmentConsumer_positive_2","I, and other shops, look up to you and what you're doing._Making money and finding success, all without having to sacrifice our local environment. Thank you.","xxxx","26",,,
"Thelio_environmentConsumer_negative_1","I hate it, I hate that everything is in plastic and that no one seems to have a better way to do it._I thought you might, but hey, everyone's just trying to survive.","xxxx","33",,,
"Thelio_environmentConsumer_negative_2","Man, the trash is really piling up these days. I know my hands aren't clean either, but I think something needs to be done.","xxxx","24",,,
,,,"",,,
"Thelio_firstQuestComplete_1","I really do shower and have very good personal hygiene. I know it's weird to say, but I really want that known.","xxxx","22",,,
"Thelio_firstQuestComplete_2","I've gotta trust what my brain is saying more often! Just look at how well your stuff sold here. That tells me everything I need to know.","xxxx","27",,,
"Thelio_firstQuestComplete_3","The owner of this shop, Shannon, is coming in soon to check on it. I cannot wait to show her the display.","xxxx","22",,,
,,,"",,,
"Thelio_secondQuestComplete_1","I still can't quite wrap my head around the fact that I have manifested my dream by making it known to others. WHAT A RIDE!","xxxx","25",,,
"Thelio_secondQuestComplete_2","I can't thank you enough, (playername), for helping me._It would have taken me so much longer to do this because I am terrible at meeting new people.","xxxx","27",,,
"Thelio_secondQuestComplete_3","I was thinking I might change the name, but . . . the brand is too well-known to folks here._It would be a mistake both financially and culturally.","xxxx","28",,,
,,,,,,
,,,,,,
"122_THELIO_INTERACT",,,,,,
,,,,,,
"Thelio_compliment_looks","With all these scars, it's a wonder that you're not scared of me.","xxxx",,,,
"Thelio_compliment_clothing","I have to wear this to work.","xxxx",,,,
"Thelio_compliment_mind","Cool?","xxxx",,,,
"Thelio_compliment_work","I am literally only doing this job to save up for a new stand mixer.","xxxx",,,,
"Thelio_encouragement","Rah rah, yay minimum wage?","xxxx",,,,
"Thelio_offerhelp_accept","Sure, I could use some help.","xxxx",,,,
"Thelio_offerhelp_decline","No thanks.","xxxx",,,,
"Thelio_present_useful_1","Hey, that's fantastic! I can enjoy this before bed.","xxxx","9",,,
"Thelio_present_useful_2","Yup, I like milk. You know it!","xxxx","7",,,
"Thelio_present_useful_3","Excellent! Tasty AND nutritious. What more could a guy ask for?","xxxx","11",,,
"Thelio_present_valuable_1","Whoa, this looks valuable! Not really my jam, but I'll hold onto it for you, (playername). Just let go now . . .","xxxx","23",,,
"Thelio_present_birthday_1","You remembered my birthday (playername)! And look, you brought my favorite!","xxxx","11",,,
"Thelio_present_useless_1","If it can not be used to better myself, then it is not needed.","xxxx","14",,,
"Thelio_present_useless_2","Thanks for the effort, (playername), but I don't have much use for this.","xxxx","13",,,
"Thelio_present_useless_3","Nope. Nada.","xxxx","2",,,
"Thelio_gift_already_given","I got something from you today. I don't need more.","xxxx","10",,,
"Thelio_hug","You smell like so many things right now. Hug me when you're clean!","xxxx",,,,
"Thelio_hangout_decline","I'm pulling a double shift today. Another time.","xxxx",,,,
,,,,,,
"122_THELIO_MINI_MART",,,,,,
,,,,,,
"Thelio_shop_default_1","Hi, welcome! If you need any help, please ask.","xxxx","9",,,
"Thelio_shop_default_2","We just got a fresh shipment and are restocked!","xxxx","9",,,
"Thelio_shop_default_3","Hey, need some flour today?","xxxx","5",,,
"Thelio_shop_default_4","If you can't find what you need here, it probably doesn't exist.","xxxx","12",,,
"Thelio_shop_default_5","Need your daily helping of gluten?","xxxx","6",,,
"Thelio_shop_buy_1","It's a great deal!","xxxx","4",,,
"Thelio_shop_buy_2","That one's selling out fast!","xxxx","5",,,
"Thelio_shop_buy_3","You have a great eye!","xxxx","5",,,
"Thelio_shop_sell_1","Wow, I'll take it.","xxxx","4",,,
"Thelio_shop_sell_2","I think that'll sell well here.","xxxx","6",,,
"Thelio_shop_sell_3","Stop talking, I'm buying it.","xxxx","5",,,
"Thelio_shop_sell_rejected_1","I don't want it on my shelves, thanks.","xxxx","8",,,
"Thelio_shop_sell_rejected_2","If you can't take a hint, how 'bout this: I hate it.","xxxx","12",,,
"Thelio_shop_sell_rejected_3","I really can't sell this here. Stop asking.","xxxx","8",,,
"Thelio_shop_too_poor_1","I can't extend credit. You have to have credits.","xxxx","9",,,
"Thelio_shop_too_poor_2","How do you afford rent with nothing in your account?","xxxx","10",,,
"Thelio_shop_too_poor_3","I wish I could help.","xxxx","5",,,
,,,,,,
"123_LUCIUS",,,,,,
,,,,,,
"Lucius_interaction1_1","(playername), I am enduring this place because I see so much potential in you._If not, I would've been gone with that train as soon as I was done eating at Le Sequoia._It's . . . Just shabby here. And very wet.","xxxx","41",,,
"Lucius_interaction1_2","I cannot believe you left Billboard City for this . . . place._There are spots in BC, tiny stalls with a single cooktop, that give more to the culture at large than this entire hotel.","xxxx","35",,,
"Lucius_interaction1_3","Hotel Rose is the best in the area and I find it sorely lacking._How does a place like this dare call themselves a hotel? Motel would be more accurate. ","xxxx","29",,,
"Lucius_interaction1_4","Have you noticed the smell of fish around here? Why hasn't the city council done anything about it?_Why aren't there candle shops everywhere selling scented candles to cover the fish smell?","xxxx","31",,,
"Lucius_interaction1_5","Your performance during my review was . . . decent._You show promise, which is the only reason why I am still here talking to you.","xxxx","25",,,
"Lucius_interaction1_6","I am bored. I have been trying to find things to do around here, but the locals are not receptive to my inquiries._Everyone here is so rude! I will have to walk around and attempt to entertain myself.","xxxx","38",,,
,,,,,,
"Lucius_interaction2_1_intro","When you approach a dish, what is your method to understand that it is the correct choice for your establishment?_How do you choose your dishes?","xxxx","25",,,
"Lucius_interaction2_1_option_1","It has to match with the menu.","xxxx","7",,,
"Lucius_interaction2_1_option_2","It has to taste so good.","xxxx","6",,,
"Lucius_interaction2_1_response_1","Philosophy? I didn't realize I was dealing with Plato the chef! Intriguing, to say the least.","xxxx","16",,,
"Lucius_interaction2_1_response_2","Taste is important, clearly, but I am not hearing how that item would work against the other items on your menu._A lack of vision can kill a restaurant, trust me. I've made it happen.","xxxx","34",,,
"Lucius_interaction2_2","A restaurant isn't just a place that makes food, it is an experience._That's what people pay for when they come into Le Sequoia, because any idiot with an internet connection can make food. Give them a reason to give you their money.","xxxx","42",,,
"Lucius_interaction2_3","I strive to sieve out the obvious and the terrible, yet I have never been given respect for my efforts._So, the fear I instill is just about all of the respect I get, and I intend to use it to make things happen in the manner I see fit.","xxxx","49",,,
"Lucius_interaction2_4","I could have decades of work erased because of the whims of some idiotic owner who wants a tax cut._It is why I've chosen to diversify: I've invested in a few restaurants, a mobile entertainment platform, among other ventures.","xxxx","39",,,
"Lucius_interaction2_5","Developing your own style is vital to your future. You need to build renown._Otherwise the public will never give you what the most bloated marketing budget has yet to grasp: attention.","xxxx","31",,,
"Lucius_interaction2_6","Looking around here, outside of a few vendors, I've found nothing of note._Although, there is a man that goes by the name of Bowie whom I especially loath. He will not stop talking to me! It's infuriating!","xxxx","37",,,
,,,,,,
"Lucius_interaction3_1_intro","I've been seeing your name pop up more and more in the world of culinary newsletters._This means I can ask you a very important question: Do you want to change the culinary industry?","xxxx",,,,
"Lucius_interaction3_1_option_1","I do, but what's the catch?","xxxx",,,,
"Lucius_interaction3_1_option_2","What does that even mean?","xxxx",,,,
"Lucius_interaction3_1_response_1","Good, good. Wanting to change the system is the first step.","xxxx",,,,
"Lucius_interaction3_1_response_2","It means, 'do you have what it takes to change the system that pushed you out here into the sticks?' So, do you?","xxxx",,,,
"Lucius_interaction3_2","I will go over my plans another time in further detail._I feel there is a need to address the root of the problem that is rotting the culinary world from the inside out._I'm glad that you are at least curious about this endeavor.","xxxx",,,,
"Lucius_interaction3_3","Your ability to cook will only last so long and once you are old, no one will want to keep eating the food you are making._You won't be fresh or interesting anymore . . . you'll be old and easily forgotten.","xxxx",,,,
"Lucius_interaction3_4","I see the end of my career coming faster and faster each day and I know that staying relevant is hard._Making something that utilizes the reputation you have now will help carry you as your career starts to wind down.","xxxx",,,,
"Lucius_interaction3_5","Money moves this world, (playername), and the sooner you get to the money, the longer you will have to enjoy it.","xxxx",,,,
"Lucius_interaction3_6","I found a peaceful spot. It's called the Lonely Cliffs. I stood there surrounded by silence for a considerable amount of time._I . . . I've never felt such quiet ever in my life. It was lovely.","xxxx",,,,
,,,,,,
"Lucius_interaction4_1_intro","I cannot make you do what I believe is the right thing here._Do you want to manufacture frozen meals with me? Together, we would profit beyond our wildest imaginations._How about it, (playername)?","xxxx",,,,
"Lucius_interaction4_1_option_1","Yes, let's get started.","xxxx",,,,
"Lucius_interaction4_1_option_2","Money isn't worth diluting myself.","xxxx",,,,
"Lucius_interaction4_1_response_1","Excellent! I will have my lawyer draw up the paperwork and we will get started._I have many connections in the industry, so I know this will be a massive success.","xxxx",,,,
"Lucius_interaction4_1_response_2","I expected to hear that answer. I didn't want it, but I expected it._Pride is the downfall of many civilizations and people, so just keep that in mind, (playername).","xxxx",,,,
"Lucius_interaction4_2","Frozen food isn't meant to be a culinary masterpiece._It may even seem hypocritical that I am pushing to make frozen foods with you since I love the culinary world._But that world will leave you behind as soon as you get gray hairs.","xxxx",,,,
"Lucius_interaction4_3","When it comes down to it, you have to look out for yourself because no one else will, (playername)._Think about it, the money from the frozen food sales could be used to start fifty new restaurants.","xxxx",,,,
"Lucius_interaction4_4","Everyone is looking for their chance to strike it rich. Skill is certainly a factor, but scale is another._The road I am setting out for us would benefit not only myself, but you as well, and any kin you have along the way.","xxxx",,,,
"Lucius_interaction4_5","Legacy doesn't feed the stomach, only the conscience, and I am planning to be quite full.","xxxx",,,,
"Lucius_interaction4_6","I am quite haunted by my visit to this town. I have been shown a side of life I never knew could exist._I . . . I see why you like it here. The people here are unique as is this place. My visit has been enjoyable.","xxxx",,,,
,,,,,,
"Lucius_interaction5_1_intro","Ignore","xxxx",,,,
"Lucius_interaction5_1_option_1",,"xxxx",,,,
"Lucius_interaction5_1_option_2",,"xxxx",,,,
"Lucius_interaction5_1_response_1",,"xxxx",,,,
"Lucius_interaction5_1_response_2",,"xxxx",,,,
"Lucius_interaction5_2",,"xxxx",,,,
"Lucius_interaction5_3",,"xxxx",,,,
"Lucius_interaction5_4",,"xxxx",,,,
"Lucius_interaction5_5",,"xxxx",,,,
"Lucius_interaction5_6",,"xxxx",,,,
,,,,,,
"123_LUCIUS_PROGRESSION",,,,,,
,,,,,,
"Lucius_progression_restaurantOpen","Le Sequoia, huh? The legacy of the great chef Vincent Casteau. What will you do . . . to do his legacy justice?","xxxx","23",,,
"Lucius_progression_luciusReview","My review is polished and cannot be questioned. I gave you my thoughts in words for you to read._Do not ask me to interpret them to you like a child. Have some self-respect!","xxxx","33",,,
"Lucius_progression_bathhouseOpen","The bathhouse? It's a lovely building and will provide yet another reason for people to visit this . . . place. It will pair well with your restaurant.","xxxx","28",,,
"Lucius_progression_leSequoiaReputation","What you have done with Le Sequoia is beyond fantastic._As people hear and read about it, it will grow in their minds like . . . well, a tree._Taking root there with your name living among its branches.","xxxx","38",,,
"Lucius_progression_teahouseReputation","I suppose it is a rather quaint place._I wasn't asked to review it. In fact, I was told by some woman with some odd points in her hair, 'If you say a wrong word about it in your newsletter, it'll be the end of you.'_Can you believe that?","xxxx","48",,,
"Lucius_progression_helpfullness1","Oh, you're taking time to help people with their menial problems? Why? Strange hobby for a supposed professional chef.","xxxx","19",,,
"Lucius_progression_helpfullness2","You're still doing this? . . . I will never fully understand your brain and why it does what it does.","xxxx","21",,,
,,,"",,,
"Lucius_restaurantMenu_positive_1","You have a very selective and educated menu. I surmise that it will gather attention and deliver on the expectations it creates._Having some creative frozen treats on the menu doesn't hurt your cause.","xxxx","33",,,
"Lucius_restaurantMenu_positive_2","Your menu is great. But pushing my duty as a critic aside, I have soft spot for frozen treats._I'll even occassionaly enjoy some mass-produced store brand ice cream. Can you believe it?","xxxx","32",,,
"Lucius_restaurantMenu_negative_1","Your menu, it is boring and pedantic. Especially with your focus on mixology. Can it even be considered food?","xxxx","19",,,
"Lucius_restaurantMenu_negative_2","I find the various cereals available at your average grocery store to be a more appealing selection than what you are providing on your . . . menu._Having a focus on beverages doesn't help your cause.","xxxx","36",,,
,,,"",,,
"Lucius_environmentConsumer_positive_1","As we make more money, there will be a cost, but it doesn't matter so long as we are better off as a result.","xxxx","24",,,
"Lucius_environmentConsumer_positive_2","You have done so well in expanding your ambitions and your reach. This will only help line your pockets.","xxxx","19",,,
"Lucius_environmentConsumer_negative_1","Why are you wasting my time with discussions about 'environmental impact'? Don't fret about such things and just get to work.","xxxx","21",,,
"Lucius_environmentConsumer_negative_2","Sure, you are being responsible for your trash, but at what cost?_You are losing out on so much by being careful and worrying about the needs of others. Stop it!","xxxx","30",,,
,,,"",,,
"Lucius_firstQuestComplete_1","I am still in shock that we did it. We got Yum Yum to buy our product. This will lead us toward our destined riches, I promise.","xxxx","27",,,
"Lucius_firstQuestComplete_2","As long as we stick together, we will rise to the top.","xxxx","12",,,
"Lucius_firstQuestComplete_3","Harvesting as much as possible from our products is the key to ensuring that our riches arrive sooner rather than later.","xxxx","21",,,
,,,"",,,
"Lucius_secondQuestComplete_1","My name plus your ideas have made the cookbook a success! From here, we will only continue to climb.","xxxx","19",,,
"Lucius_secondQuestComplete_2","I was at a book signing the other day and a fan from my newsletter told me they've been following my work since I had a blog._They have good taste, but it's amazing what people spend their time on, isn't it?","xxxx","41",,,
"Lucius_secondQuestComplete_3","I am thinking of pitching White Ash Harbor to some investors I know back in Billboard City._Between my cookbook, our working relationship, and the results here in town, I think I might earn some time with the right people.","xxxx","39",,,
,,,,,,
"123_LUCIUS_INTERACT",,,,,,
,,,,,,
"Lucius_compliment_looks","A few wrinkles, but still sharp.","xxxx",,,,
"Lucius_compliment_clothing","I dress better than you.","xxxx",,,,
"Lucius_compliment_mind","It's sharper than a knife.","xxxx",,,,
"Lucius_compliment_work","My keyboard can bring down giants and swat gnats.","xxxx",,,,
"Lucius_encouragement","I don't need encouragement. I know I am that good.","xxxx",,,,
"Lucius_offerhelp_accept","I did not want to ask, but I need help.","xxxx",,,,
"Lucius_offerhelp_decline","I have no need for your assistance.","xxxx",,,,
"Lucius_present_useful_1","You're giving me this? Why? I suppose it is useful. Thank you.","xxxx","12",,,
"Lucius_present_useful_2","You know what I like, (playername). But come to think of it, I think it's pretty obvious. Am I that predictable?","xxxx","21",,,
"Lucius_present_useful_3","Ah, this is a nice one. Simple, yet gets the job done.","xxxx","12",,,
"Lucius_present_valuable_1","This is an expensive gift, (playername), but it's something I can easily purchase for myself. Try again next time.","xxxx","19",,,
"Lucius_present_birthday_1","A drink for my birthday? You know, (playername), I think great minds think alike. We can accomplish some great things together.","xxxx","21",,,
"Lucius_present_useless_1","Wasting my time with trash would be a mistake.","xxxx","9",,,
"Lucius_present_useless_2","No. I will not be able to enjoy this. Try again.","xxxx","11",,,
"Lucius_present_useless_3","If you want to win my friendship, you will have to do better than throwing thoughtless gifts at me.","xxxx","19",,,
"Lucius_gift_already_given","No, I don't need this. You gave me something today already.","xxxx","11",,,
"Lucius_hug","Never do that again.","xxxx",,,,
"Lucius_hangout_decline","I do not need to hang out with you.","xxxx",,,,
,,,,,,
,,,,,,
"124_NABIHA",,,,,,
,,,,,,
"Nabiha_interaction1_1","Hello, I hope you're having a wonderful day.","xxxx","8",,,
"Nabiha_interaction1_2","Ah, hello again. Are you finding your way around White Ash Harbor well enough?_If you're looking for the freshest fruit around here, you know where to find it.","xxxx","28",,,
"Nabiha_interaction1_3","Life is a banquet, and most poor suckers out there are starving to death! Go out and enjoy life, today and every day!","xxxx","23",,,
"Nabiha_interaction1_4","Here's a tip from a social butterfly: Find a stranger at a friend's party and talk with them._Maybe you make a new friend, maybe it's dinner for two, maybe it's just a nice chat, but whatever it is, it becomes a chapter in your life's story.","xxxx","46",,,
"Nabiha_interaction1_5","I moved to this town because I wanted my toes to touch nature whenever I wanted. Being close to nature is my priority.","xxxx","23",,,
"Nabiha_interaction1_6","If you are in need of some culture, the library is about as much as you can get around here._It's the trade-off from living in a big city. Quaint life, but very little goings-on outside of the tourist or fishing industry.","xxxx","41",,,
,,,"",,,
"Nabiha_interaction2_1_intro","Now that Le Sequoia is under your management, have you thought about the direction you want to take your menu?_Have you thought about going vegan?","xxxx","25",,,
"Nabiha_interaction2_1_option_1","I'm considering it.","xxxx","3",,,
"Nabiha_interaction2_1_option_2","Color me intrigued. What's your offer?","xxxx","6",,,
"Nabiha_interaction2_1_response_1","You should! Vegan food is some of the best on the planet without harming it._It would set a tone in our community, and if you did, and maybe other businesses would follow suit.","xxxx","33",,,
"Nabiha_interaction2_1_response_2","I can offer options, choices, and supplies. I'd love to support any vegan options available in our community._Get one to go vegan, and others will start offering options on their menus too.","xxxx","32",,,
"Nabiha_interaction2_2","Vegan diets are what will keep our planet going._In Billboard City, it is very easy to find vegan choices, but in White Ash Harbor, not so much. I want to change that.","xxxx","32",,,
"Nabiha_interaction2_3","I have complicated feelings about Pomarine._As a woman, I respect her tenacity and her ability to raise as many children as she claims to have had._As a vegan, I can't stand her. Haha!","xxxx","33",,,
"Nabiha_interaction2_4","(playername), I cannot believe the amount of people who haven't left this town._It's cute and I love it, but everyone travel abroad at least once in their lives. Traveling is important to the soul.","xxxx","34",,,
"Nabiha_interaction2_5","April and I were talking the other day about if it's ethical to eat lab-grown meat because it never was actually alive._I, for one, would not, because it still causes harm to both the enviroment and to people's health.","xxxx","39",,,
"Nabiha_interaction2_6","Your arrival here in town has created quite the buzz._I will be dining at your restaurant so long as its vegan options are tasty and not just rabbit food._Actually try to make something delicious, please.","xxxx","35",,,
,,,"",,,
"Nabiha_interaction3_1_intro","Do you believe that animals have a soul, (playername)?_That they deserve a place at the table of life alongside us?","xxxx","20",,,
"Nabiha_interaction3_1_option_1","Uhhh, no. No, I don't.","xxxx","5",,,
"Nabiha_interaction3_1_option_2","When I look into their eyes, I can see something there.","xxxx","11",,,
"Nabiha_interaction3_1_response_1","Typical. I thought that there might have something to you that would seperate you from the rest of the meat eaters of this world._Clearly, I misread you.","xxxx","27",,,
"Nabiha_interaction3_1_response_2","Exactly! Oh, how my heart goes out to those poor creatures whenever I watch a documentary about industrial farms._The light in their eyes is gone and hunanity took it. We must do better as a species.","xxxx","36",,,
"Nabiha_interaction3_2","When I was a reality show star, I was told that my fame would last longer than my looks._Today, there isn't a soul who knows my name, but my skin looks amazing.","xxxx","32",,,
"Nabiha_interaction3_3","April's greenhouse is such a wonder to behold during winter._She's usually pretty busy, so she hasn't used it in quite some time, but when she did plant things in it they would grow wonderfully.","xxxx","34",,,
"Nabiha_interaction3_4","You're from Billboard City, right? I know you know this, but that place is a pit._I don't understand why so many people in White Ash Harbor want to go there. I guess the grass is always greener.","xxxx","37",,,
"Nabiha_interaction3_5","My experiments with vegan recipes is really starting to pay off! You should try them out sometime._No pressure, but I think you're going to enjoy them.","xxxx","26",,,
"Nabiha_interaction3_6","I was speaking to April the other day and she told me that my future is looking so very bright!_It's nice to hear good news is on the horizon for someone at my age. Haha!","xxxx","35",,,
,,,"",,,
"Nabiha_interaction4_1_intro","Le Sequoia is a famous place around here, but I have a feeling you're going to try to make its name go beyond this small town._Am I right? Do you have such ambitions?","xxxx","33",,,
"Nabiha_interaction4_1_option_1","I want to stay small if possible.","xxxx","7",,,
"Nabiha_interaction4_1_option_2","I'm looking to franchise my business.","xxxx","6",,,
"Nabiha_interaction4_1_response_1","A person of character. I can respect work being recognized and building toward something._I just don't want this town to feel cheap and fake. Your restaurant has the ability to elevate this place, so let's hope it's going something good.","xxxx","40",,,
"Nabiha_interaction4_1_response_2","Oh . . . that's disappointing. I have the feeling you haven't given much thought to what it will do the community at large?_I thought you were . . . different. That's my mistake.","xxxx","34",,,
"Nabiha_interaction4_2","Keeping the ecology of White Ash Harbor as diverse as possible is a main goal of mine._I do not want this town to become another tourist pit full of trash. The nature surrounding this place is why it is so special.","xxxx","41",,,
"Nabiha_interaction4_3","I hate that the word 'diet' has been used to market bland frozen dinners._A good diet is just the regular intake of food that keeps you healthy!_You say 'Oh, what's your diet?' and people assume you think they're fat. It's preposterous!","xxxx","41",,,
"Nabiha_interaction4_4","I do some foraging when I'm hiking. It's fun to find wild berries and fruits that you can just pick and eat._Always double-check to make sure that they aren't poisonous. Sometimes the pretty ones will kill you. Haha!","xxxx","38",,,
"Nabiha_interaction4_5","One old-timer in town I like to chat with is Bowie._Yes, he was a fisherman, but he's just such a kind person and has such wonderful stories. What a lovely man.","xxxx","31",,,
"Nabiha_interaction4_6","Takashi Farms is one of the most wholesome places around._I visit quite often, so I can appreciate where my ingredients come from before they end up in my food. You should visit more often.","xxxx","34",,,
,,,"",,,
"Nabiha_interaction5_1_intro","I have seen things in my life that I wish I could forget or change._What about you?","xxxx","17",,,
"Nabiha_interaction5_1_option_1","I wish some moments played out differently.","xxxx","7",,,
"Nabiha_interaction5_1_option_2","If anything was different then I wouldn't be here.","xxxx","9",,,
"Nabiha_interaction5_1_response_1","I think it's a very human to want to change some moments in the past. Regrets are a hard thing to shake, even at my age.","xxxx","26",,,
"Nabiha_interaction5_1_response_2","This is where I am torn as well. Changing the outcomes of bad experiences would change today and who I am right now._And I like me, bad experiences and all.","xxxx","30",,,
"Nabiha_interaction5_2","When you live to be my age, you see a lot of things, but one thing you notice is that . . . not a lot actually changes._I think it's why so many people my age are so bitter.","xxxx","39",,,
"Nabiha_interaction5_3","The mood was simply infectious when I was working on my show!_Ah, darling, TV production has an addictive quality to it. I count myself lucky I escaped with my dignity intact.","xxxx","31",,,
"Nabiha_interaction5_4","When I take long walks in the woods, I swear I hear little voices off in the distance._I think April is right. There are spirits in these woods. That, or I am losing my mind in my old age! Haha!","xxxx","40",,,
"Nabiha_interaction5_5","When I lost my husband, I'd felt like lost a piece of myself for a while, but I eventually found it again. I truly love my life._It took a long time for me to love all of me.","xxxx","38",,,
"Nabiha_interaction5_6","Pomarine and Bowie are two different examples of how to live a long life._I could never do what either does, but staying active is a key ingredient in living a long and healthy life. It's why I get my 10,000 steps in every day.","xxxx","44",,,
,,,"",,,
"Nabiha_interaction6_1_intro","I know we've discussed this already, but it is something that is weighing on my mind regardless._Dear, do you think I am too old for you?","xxxx","26",,,
"Nabiha_interaction6_1_option_1","It's the soul that matters, not the number.","xxxx","8",,,
"Nabiha_interaction6_1_option_2","You need to stop fretting, Nabiha!","xxxx","6",,,
"Nabiha_interaction6_1_response_1","Well, good then. A rather artistic answer but I am glad to hear it none the less.","xxxx","17",,,
"Nabiha_interaction6_1_response_2","I know, I know dear! It's just . . . I never thought someone as young as you would be interested in . . . me.","xxxx","26",,,
"Nabiha_interaction6_2","After being around for so long, I just never thought I would find love again, but here I am with someone who adores me for being myself._I am blessed.","xxxx","29",,,
"Nabiha_interaction6_3","I find myself looking forward to my future rather than dreading it._It's such a strange change in my outlook and all it took was finding you and you finding me.","xxxx","30",,,
"Nabiha_interaction6_4","Have you ever heard of 'felix culpa'? It's when someone fails to get what they wanted, but they in turn have a better life because they failed._If you had succeeded in that kitchen in Billboard City, we wouldn't be holding hands right now.","xxxx","43",,,
"Nabiha_interaction6_5","I hope that our time together will leave an impression on you that will stay long after I am gone._I'm not depressed, it's just a fact of life, and I'm okay with it.","xxxx","33",,,
"Nabiha_interaction6_6","When Gregory died, I thought I would never find happiness again._I sat alone and spent my youth in mourning._(playername), my wait brought me to you. I could have never imagined being this happy.","xxxx","33",,,
,,,"",,,
"124_NABIHA_Random Interact",,,"",,,
,,,"",,,
"Nabiha_random_interaction_1","Hi honey. Are you lost?","xxxx","5",,,
"Nabiha_random_interaction_2","Need some pineapples? Well, I don't have any.","xxxx","8",,,
"Nabiha_random_interaction_3","Welcome to my fruit shop?","xxxx","5",,,
"Nabiha_random_interaction_4","Want to buy some fruits? Or 'just looking?'","xxxx","8",,,
"Nabiha_random_interaction_5","Nice day, isn't it?","xxxx","4",,,
,,,"",,,
"124_NABIHA_PROGRESSION",,,"",,,
,,,"",,,
"Nabiha_progression_restaurantOpen","Le Sequoia is officially open for business huh? Oh, darling, that is simply wonderful! I hope it brings you miles of happiness!","xxxx","22",,,
"Nabiha_progression_luciusReview","Ah, Lucius, I remember him floating around Billboard City's restaurant scene decades ago._Clingy, needy, the man is simply projecting his insecurities in his reviews. Don't pay him any attention.","xxxx","29",,,
"Nabiha_progression_bathhouseOpen","I cannot wait to soak in the warm waters at the bathhouse._I've heard tales of the place, but hadn't been able to go because it's always been closed. I'm looking forward to taking a dip soon!","xxxx","36",,,
"Nabiha_progression_leSequoiaReputation","Your work is paying off, (playername). I had a pair of shoppers today tell me to eat at your restaurant! Isn't that just lovely?","xxxx","24",,,
"Nabiha_progression_teahouseReputation","The teahouse is so cute and cozy. You have done an amazing job with the place.","xxxx","16",,,
"Nabiha_progression_helpfullness1","I am cheering for you! You've been helping so many people, darling! Keep it up!","xxxx","15",,,
"Nabiha_progression_helpfullness2","Nothing is more inspiring than seeing someone strive to help their community as much as you have done for White Ash Harbor._It fills one with hope.","xxxx","26",,,
,,,"",,,
"Nabiha_restaurantMenu_positive_1","I am seeing a lot of vegan choices on your menu. I am proud!","xxxx","14",,,
"Nabiha_restaurantMenu_positive_2","The vegan dishes on your menu are simply delicious, (playername). Don't let anyone tell you otherwise.","xxxx","16",,,
"Nabiha_restaurantMenu_negative_1","Oh look, boring animal corpses on the menu. How adventurous of you.","xxxx","12",,,
"Nabiha_restaurantMenu_negative_2","Dear, if you think what you're doing is inventive, then you're mistaken._Meat, everyone has done meat or animal products, pun intended, to death. You are nothing new.","xxxx","27",,,
,,,"",,,
"Nabiha_environmentConsumer_positive_1","I wish everyone else was doing what you're doing. You're a true example of how to keep a business alive, healthy, and zero-waste.","xxxx","23",,,
"Nabiha_environmentConsumer_positive_2","Keeping our local oceans clear and the forests healthy is the key to our future being a future worth living. Thank you for doing your part.","xxxx","26",,,
"Nabiha_environmentConsumer_negative_1","I was once like you, (playername), lured in by the glamor of the consumer lifestyle._I left that life behind, and I am a happier person now.","xxxx","26",,,
"Nabiha_environmentConsumer_negative_2","Ah, here you are, Emperor Trash, king of the heap!_Here's the worst part about what you're doing here: You know it's bad, but you keep doing it._Soon, the landscape will be barren of life and full of trash!","xxxx","38",,,
,,,"",,,
"Nabiha_firstQuestComplete_1","Tending to my field, my crops . . . ah! What a lovely feeling. I should have done this decades ago.","xxxx","21",,,
"Nabiha_firstQuestComplete_2","When you find something new at my age, it is so exciting. I truly enjoy my garden and the fruits it will bear.","xxxx","23",,,
"Nabiha_firstQuestComplete_3","I hope my food will give people hope to try something new, not only for themselves but for the people they love in their life.","xxxx","25",,,
,,,"",,,
"Nabiha_secondQuestComplete_1","I believe we have done a service to mankind with our party. Veganism is the way forward!","xxxx","17",,,
"Nabiha_secondQuestComplete_2","I cannot wait to see that furniture collection from Topo!","xxxx","10",,,
"Nabiha_secondQuestComplete_3","I think we may have moved the needle just a little towards making the world a better place.","xxxx","18",,,
,,,,,,
,,,,,,
"124_NABIHA_INTERACT",,,,,,
,,,,,,
"Nabiha_compliment_looks","Lots of moisturizer, darling.","xxxx",,,,
"Nabiha_compliment_clothing","These old things? I need to get some new ones.","xxxx",,,,
"Nabiha_compliment_mind","I read often, it helps keep the mind sharp.","xxxx",,,,
"Nabiha_compliment_work","It's work that needs to be done.","xxxx",,,,
"Nabiha_encouragement","Vegan food will prevail.","xxxx",,,,
"Nabiha_offerhelp_accept","Just give a hand here, will you, darling?","xxxx",,,,
"Nabiha_offerhelp_decline","I'm quite content.","xxxx",,,,
"Nabiha_present_useful_1","This is exquisite!","xxxx","3",,,
"Nabiha_present_useful_2","This is very pretty! Thank you, (playername)!","xxxx","7",,,
"Nabiha_present_useful_3","Awww thank you, (playername). This is a great gift.","xxxx","9",,,
"Nabiha_present_valuable_1","Whoa! This is a crazy gift. It's not something I can really use . . . but I will cherish it.","xxxx","21",,,
"Nabiha_present_birthday_1","Well, happy birthday to me. Hot damn, that's a nice gift! You are a great friend, (playername).","xxxx","17",,,
"Nabiha_present_useless_1","That gift bombed, darling, go chuck it.","xxxx","7",,,
"Nabiha_present_useless_2","No. I don't like this. It's not very pretty.","xxxx","9",,,
"Nabiha_present_useless_3","I don't really know what to do with this, (playername).","xxxx","10",,,
"Nabiha_gift_already_given","I am quite happy with what I have already. Thank you.","xxxx","11",,,
"Nabiha_hug","Ah, that's nice. Thank you!","xxxx",,,,
"Nabiha_hangout_decline","I am just too busy today. Another time.","xxxx",,,,
,,,,,,
"124_NABIHA_NABIHAS_BERRIES",,,,,,
,,,,,,
"Nabiha_shop_default_1","Welcome to Nabiha's Berries! We have the largest selection of organic fruits in White Ash Harbor.","xxxx","16",,,
"Nabiha_shop_default_2","In this shop, we carry only the best.","xxxx","8",,,
"Nabiha_shop_default_3","You will not find another vegan shop that carries this level of quality.","xxxx","13",,,
"Nabiha_shop_default_4","Veganism isn't just a fad. It is simply living a good life. Period.","xxxx","13",,,
"Nabiha_shop_default_5","Nabiha's Berries is here for you to find the best of the best produce on the market.","xxxx","17",,,
"Nabiha_shop_buy_1","It's fresh!","xxxx","2",,,
"Nabiha_shop_buy_2","Just got those in today.","xxxx","5",,,
"Nabiha_shop_buy_3","That's my last shipment, get it while you can.","xxxx","9",,,
"Nabiha_shop_sell_1","I didn't know that variety grew here.","xxxx","7",,,
"Nabiha_shop_sell_2","I'll have to tell my guy we don't need more of those for now!","xxxx","14",,,
"Nabiha_shop_sell_3","I need to have this in my shop.","xxxx","8",,,
"Nabiha_shop_sell_rejected_1","This is not very nice.","xxxx","5",,,
"Nabiha_shop_sell_rejected_2","No, thank you.","xxxx","3",,,
"Nabiha_shop_sell_rejected_3","Not the best I've seen.","xxxx","5",,,
"Nabiha_shop_too_poor_1","You need more credits, sorry.","xxxx","5",,,
"Nabiha_shop_too_poor_2","Life needs credits to keep it going, sadly.","xxxx","8",,,
"Nabiha_shop_too_poor_3","You'll have to find some credits.","xxxx","6",,,
,,,,,,
,,,,,,
,,,,,,
"125_BADKARMA42",,,,,,
,,,,,,
"BadkArma42_interaction1_1"," . . .","xxxx",,,,
"BadkArma42_interaction1_2","Yo.","xxxx",,,,
"BadkArma42_interaction1_3","You think you know what's happening? You don't.","xxxx",,,,
"BadkArma42_interaction1_4","The only reason I am talking to you right now is because I know you're not a cop. I know because while we've been talking I had my A.i. take a dive through the police database and you're not listed in any personnel files. Nice to meet ya.","xxxx",,,,
"BadkArma42_interaction1_5","Name's BadkArma42, you must be, (playername), owner of (BC Restaurant Name) and Le Sequoia. You also run the tea house inside the Peony Bathhouse. Quite the resume you got there, amigo.","xxxx",,,,
"BadkArma42_interaction1_6",,"xxxx",,,,
,,,,,,
"BadkArma42_interaction2_1_intro","Tell me, how does White Ash Harbor stack up against Billboard City?","xxxx",,,,
"BadkArma42_interaction2_1_option_1","Billboard City has a lot going on all the time. It's exciting, but I'd be lying if I didn't say that I miss White Ash Harbor.","xxxx",,,,
"BadkArma42_interaction2_1_option_2","I wish I was in White Ash Harbor right now. Billboard City is big, and frankly, I don't like being here any longer than I have to be.","xxxx",,,,
"BadkArma42_interaction2_1_response_1","Billboard always has something happening in it. Whether that's a good thing or not is the question.","xxxx",,,,
"BadkArma42_interaction2_1_response_2","It's easier to fade into a crowd here. It's why I haven't moved to White Ash, because the nature of my work demands anonymity.","xxxx",,,,
"BadkArma42_interaction2_2","If you ever logged in online, everything you've done has been logged, recorded, and weaponized to be used against you IF the day comes that you wish to try to fix anything without the support of the rich.","xxxx",,,,
"BadkArma42_interaction2_3","My life is keystrokes and living in the sea of information because I need to know how to navigate its waters without leaving a wake. Day in and out, every day, I am improving my skills. I'm a hacker, man.","xxxx",,,,
"BadkArma42_interaction2_4","How do I pay the rent doing what I do? Oh, trust me, there are many avenues to getting financed in this career. I'm not saying its blackmail, but it's blackmail.","xxxx",,,,
"BadkArma42_interaction2_5","Want to learn a trick? If you ever sign up for a free mailing list for a discount somewhere, for your name, put in the name of the place that's having you sign up. That way you can see which company sold your information to these scammers.","xxxx",,,,
"BadkArma42_interaction2_6",,"xxxx",,,,
,,,,,,
"BadkArma42_interaction3_1_intro","When you look back at your choices, your legacy, how do you feel about it?","xxxx",,,,
"BadkArma42_interaction3_1_option_1","I think I made some good in the world and have done my best. I feel pretty good about it.","xxxx",,,,
"BadkArma42_interaction3_1_option_2","I've made some mistakes along the way. Spent time incorrectly, if I could, I'd take it back.","xxxx",,,,
"BadkArma42_interaction3_1_response_1","That's good to hear. Many people typically have a road of regret behind them as they made their way towards their riches.","xxxx",,,,
"BadkArma42_interaction3_1_response_2","Regret is a natural part of life, but it doesn't have to always be there, haunting you day in and out.","xxxx",,,,
"BadkArma42_interaction3_2","What if I could help reset some of that social credit you've spent so your past aligns better with your present goals? I'm working on something that can do that, but it's not ready yet. Soon though, soon.","xxxx",,,,
"BadkArma42_interaction3_3","We all have a past we'd like to fix, (playername). Everything behind us is what's pushed us into today. It's why so many people are nostaglic, it's a comfort to know that even if something bad happened that it worked out in someway in the end.","xxxx",,,,
"BadkArma42_interaction3_4","You'd think I love pizza given my profession and living online, but I find it to be meh. Give me a kebob and rice combo any day of the week though. Does it not work at my desk, yup, but I'm not animal who eats at my desk.","xxxx",,,,
"BadkArma42_interaction3_5","The way the neon and the rain mix together, it's as if they were always meant to be together.","xxxx",,,,
"BadkArma42_interaction3_6",,"xxxx",,,,
,,,,,,
"BadkArma42_interaction4_1_intro","Remember, everything you do is recorded, and I can access a database that holds this information. I've been working on the code for years. You want to tweak anything around?","xxxx",,,,
"BadkArma42_interaction4_1_option_1","Yes, I would like to redo some of my past choices.","xxxx",,,,
"BadkArma42_interaction4_1_option_2","No, I like me and where I am even if I've made some poor choices along the way.","xxxx",,,,
"BadkArma42_interaction4_1_response_1","Give me a little more time and I'll be able to help out with that.","xxxx",,,,
"BadkArma42_interaction4_1_response_2","You sure? I do respect your decision, but if you ever change your mind about it, let me know. I won't judge ya too much.","xxxx",,,,
"BadkArma42_interaction4_2","I took on some work for some clients that are a little more . . . needy. I hope I can get their work done asap because I just need the money.","xxxx",,,,
"BadkArma42_interaction4_3","Remember that client I told you about, they are upset with me because I wouldn't do what they were asking. I went against my one rule of knowing everything upfront before taking on a job.","xxxx",,,,
"BadkArma42_interaction4_4","Nothing new on the whole upset client front. I was able to cover my tracks pretty well, so I'm not too . . . I gotta go.","xxxx",,,,
"BadkArma42_interaction4_5","How they found me, I don't know, but they found me. I have to lay low for a while. Don't worry, I'm a clever creature.","xxxx",,,,
"BadkArma42_interaction4_6",,"xxxx",,,,
,,,,,,
"BadkArma42_interaction5_1_intro",,"xxxx",,,,
"BadkArma42_interaction5_1_option_1",,"xxxx",,,,
"BadkArma42_interaction5_1_option_2",,"xxxx",,,,
"BadkArma42_interaction5_1_response_1",,"xxxx",,,,
"BadkArma42_interaction5_1_response_2",,"xxxx",,,,
"BadkArma42_interaction5_2",,"xxxx",,,,
"BadkArma42_interaction5_3",,"xxxx",,,,
"BadkArma42_interaction5_4",,"xxxx",,,,
"BadkArma42_interaction5_5",,"xxxx",,,,
"BadkArma42_interaction5_6",,"xxxx",,,,
,,,,,,
,,,,,,
"125_BADKARMA42_INTERACT",,,,,,
,,,,,,
"BadkArma42_compliment_looks","How did you get a camera in my place?!","xxxx",,,,
"BadkArma42_compliment_clothing","I got a guy who made me these threads. Super comfy.","xxxx",,,,
"BadkArma42_compliment_mind","My mind is an enigma fueled by caffeine.","xxxx",,,,
"BadkArma42_compliment_work","If you noticed my work then that's a problem because it shouldn't be noticeable.","xxxx",,,,
"BadkArma42_encouragement","Thank you, getting support is always nice.","xxxx",,,,
"BadkArma42_offerhelp_accept","I'll take some help. Can't do it all by myself.","xxxx",,,,
"BadkArma42_offerhelp_decline","What I am doing is something that you're probably not able to help with. No offense.","xxxx",,,,
"BadkArma42_present_useful_1","I've been looking for one of these! I thought they were all gone by now. Thanks!","xxxx",,,,
"BadkArma42_present_useful_2",,"xxxx",,,,
"BadkArma42_present_useful_3",,"xxxx",,,,
"BadkArma42_present_valuable_1",,"xxxx",,,,
"BadkArma42_present_birthday_1",,"xxxx",,,,
"BadkArma42_present_useless_1","I don't need it.","xxxx",,,,
"BadkArma42_present_useless_2",,"xxxx",,,,
"BadkArma42_present_useless_3",,"xxxx",,,,
"BadkArma42_gift_already_given","Oh, I got one of these from you already.","xxxx",,,,
"BadkArma42_hug","We're friends, why not?","xxxx",,,,
"BadkArma42_hangout_decline","I am in the middle of something, next time.","xxxx",,,,
"BadkArma42_romantic_decline","I don't do relationships.","xxxx",,,,
,,,,,,
,,,,,,
"126_DAMIEN (BLACK MARKET SALES)",,,,,,
,,,,,,
"Damien_interaction1_1","Excuse me, I have very little time to chat. I must go. Goodbye.","xxxx",,,,
"Damien_interaction1_2","You keep catching me at a bad time. I am very late! Goodbye!","xxxx",,,,
"Damien_interaction1_3","Once is a chance, two times accidental, three though? That feels more planned. You a cop? You know what, later.","xxxx",,,,
"Damien_interaction1_4","Look, I'm blind, but I can see you have an angle. Everyone has one. Goodbye.","xxxx",,,,
"Damien_interaction1_5","Fine! I am Damien, a salesmen for those looking to find odd and rare items. I can procure what is usually unprocurable. Goodbye.","xxxx",,,,
"Damien_interaction1_6","Oh, alright! Give me a moment to finish up some thoughts here and I will be able to chat. Till then, goodbye.","xxxx",,,,
,,,,,,
"Damien_interaction2_1_intro","I told you next we meet I would be able to help you. So, just what is it that you need?","xxxx",,,,
"Damien_interaction2_1_option_1","I don't quite understand what you're talking about.","xxxx",,,,
"Damien_interaction2_1_option_2","I just wanted to say hi.","xxxx",,,,
"Damien_interaction2_1_response_1","You have been hounding me all over town and you don't even know what I do? I thought you . . . you sure you're not a cop?","xxxx",,,,
"Damien_interaction2_1_response_2","You mean . . . you didn't want anything from me this entire time?  . . . Thats' a nice change of pace. So, hello to you too.","xxxx",,,,
"Damien_interaction2_2","What I do is . . . I get things for people. Things they need but are unable to get through normal channels because of either expense or legality. If red tape were a real thing, I'd be the scissors.","xxxx",,,,
"Damien_interaction2_3","It isn't like I do anything nefarious, okay? I am simply a man providing a service that is needed for a lot of people in this town because they ain't got no money but have needs, ya dig?","xxxx",,,,
"Damien_interaction2_4","I love listening to the rain. It gives such a texture to my world. It's the reason why I still got single pane windows. Double pane with all the gas inside 'em really kills the sound. No thanks.","xxxx",,,,
"Damien_interaction2_5","World isn't that simple when you're blind. You'd think you'd have less to think about, but that's wrong, so very wrong.","xxxx",,,,
"Damien_interaction2_6","White Ash Harbor isn't the most exciting place I've been, but then again, everything pales in comparison to Billboard City.","xxxx",,,,
,,,,,,
"Damien_interaction3_1_intro","I looked you up, (playername). Your little restaurant is supposed to rival anything in Billboard City. So, why didn't you open it there?","xxxx",,,,
"Damien_interaction3_1_option_1","I got this one for free, that's why.","xxxx",,,,
"Damien_interaction3_1_option_2","The cost of a space in Billboard City? No way!","xxxx",,,,
"Damien_interaction3_1_response_1","Ah, free is a hard price to beat!","xxxx",,,,
"Damien_interaction3_1_response_2","True, but if you want your skills to be truly seen as world class, you'll have to go there some day.","xxxx",,,,
"Damien_interaction3_2","You may find this surprising, but not a lot of people like me. They use my services, but that's all I am to them, a service. I think dog walkers get more respect.","xxxx",,,,
"Damien_interaction3_3","There aren't too many services for blind people because everyone expects you to get some implants to fix your vision. Only problem is not everyone can do that sort of thing.","xxxx",,,,
"Damien_interaction3_4","Privacy is what I deal in the most. People who want something but don't want it tracked by the many algorithms that control our lives.","xxxx",,,,
"Damien_interaction3_5","If we're gonna be friends, know this one thing about me, I will not get implants to fix my vision. I have tried, trust me, and I do not need someone reminding me that I can't see, okay?","xxxx",,,,
"Damien_interaction3_6","This town is just like any other town. The people here have wants and I am in the business of making those wants a reality.","xxxx",,,,
,,,,,,
"Damien_interaction4_1_intro","My apologies about not having you help 'fix' my unique view on life. Thing is, everyone thinks my inability to see is a problem, and when you think you're a problem needing fixing that really messes with your head, you dig?","xxxx",,,,
"Damien_interaction4_1_option_1","I understand, mental health is super important and so is self-worth.","xxxx",,,,
"Damien_interaction4_1_option_2","I mean, I get it, but I understand why people would want to help you see because you're missing out on a lot.","xxxx",,,,
"Damien_interaction4_1_response_1","Someone who gets it! Exactly, when your body rejects every implant on the market, even with adaptation pills helping, you learn that you have to be happy with what you got.","xxxx",,,,
"Damien_interaction4_1_response_2","What exactly am I missing out on, (playername)? Seeing the poverty in this city? Seeing the Earth be ravaged by us for the sake of a number in a bank account? I don't think I'm missing out on as much as you think I am.","xxxx",,,,
"Damien_interaction4_2","Having had many implants installed and having had many removal surguries due to implant rejection almost drove me mad, man._When your brain is wired for vision and is given it and has it taken away, it's rough.","xxxx",,,,
"Damien_interaction4_3","If there is one thing I have learned about people it's that they are always looking for ways to 'fix' themselves. Sometimes that's needed, but sometimes you just need to tell the world to go away.","xxxx",,,,
"Damien_interaction4_4","(playername), dearest of all my friends, you and I should do drinks sometime. To celebrate not just our work but our lives and the fact that we get to live them! Sometime soon, ok?","xxxx",,,,
"Damien_interaction4_5","I may be an underground market dealer, but that's only because society has deemed that privacy should no longer be a thing. And if someone really wants a tiger for a pet, who am I to stop them from their dreams?","xxxx",,,,
"Damien_interaction4_6","I still maintain that Billboard City is far superior to this backwater town, but the trees are nice.","xxxx",,,,
,,,,,,
"Damien_interaction5_1_intro",,"xxxx",,,,
"Damien_interaction5_1_option_1",,"xxxx",,,,
"Damien_interaction5_1_option_2",,"xxxx",,,,
"Damien_interaction5_1_response_1",,"xxxx",,,,
"Damien_interaction5_1_response_2",,"xxxx",,,,
"Damien_interaction5_2",,"xxxx",,,,
"Damien_interaction5_3",,"xxxx",,,,
"Damien_interaction5_4",,"xxxx",,,,
"Damien_interaction5_5",,"xxxx",,,,
"Damien_interaction5_6",,"xxxx",,,,
,,,,,,
"Damien_interaction6_1_intro",,"xxxx",,,,
"Damien_interaction6_1_option_1",,"xxxx",,,,
"Damien_interaction6_1_option_2",,"xxxx",,,,
"Damien_interaction6_1_response_1",,"xxxx",,,,
"Damien_interaction6_1_response_2",,"xxxx",,,,
"Damien_interaction6_2",,"xxxx",,,,
"Damien_interaction6_3",,"xxxx",,,,
"Damien_interaction6_4",,"xxxx",,,,
"Damien_interaction6_5",,"xxxx",,,,
"Damien_interaction6_6",,"xxxx",,,,
,,,,,,
"126_DAMIEN_Random Interact",,,,,,
,,,,,,
"Damien_random_interaction_1","I have nothing to say to you.","xxxx","7",,,
"Damien_random_interaction_2","Leave this old man alone . . . or you will be sorry.","xxxx","13",,,
"Damien_random_interaction_3","Come to my shop in the city if you need any special . . . goods.","xxxx","16",,,
"Damien_random_interaction_4","Power is everything in this world.","xxxx","6",,,
"Damien_random_interaction_5","I don't like this place.","xxxx","5",,,
,,,,,,
"126_DAMIEN_INTERACT (BLACK MARKET SALES)",,,,,,
,,,,,,
"Damien_compliment_looks",,"xxxx","",,,
"Damien_compliment_clothing",,"xxxx","",,,
"Damien_compliment_mind",,"xxxx","",,,
"Damien_compliment_work",,"xxxx","",,,
"Damien_encouragement",,"xxxx","",,,
"Damien_offerhelp_accept",,"xxxx","",,,
"Damien_offerhelp_decline",,"xxxx","",,,
"Damien_present_useful_1",,"xxxx","",,,
"Damien_present_useful_2",,"xxxx","",,,
"Damien_present_useful_3",,"xxxx","",,,
"Damien_present_valuable_1",,"xxxx","",,,
"Damien_present_birthday_1",,"xxxx","",,,
"Damien_present_useless_1",,"xxxx","",,,
"Damien_present_useless_2",,"xxxx","",,,
"Damien_present_useless_3",,"xxxx","",,,
"Damien_gift_already_given",,"xxxx","",,,
"Damien_hug",,"xxxx","",,,
"Damien_hangout_decline",,"xxxx","",,,
"Damien_romantic_decline",,"xxxx","",,,
,,,"",,,
"127_HUGO (LELSH EMPLOYEE)",,,"",,,
,,,"",,,
"Hugo_interaction1_1",,"xxxx","",,,
"Hugo_interaction1_2",,"xxxx","",,,
"Hugo_interaction1_3",,"xxxx","",,,
"Hugo_interaction1_4",,"xxxx","",,,
"Hugo_interaction1_5",,"xxxx","",,,
"Hugo_interaction1_6",,"xxxx","",,,
,,,"",,,
"Hugo_interaction2_1_intro",,"xxxx","",,,
"Hugo_interaction2_1_option_1",,"xxxx","",,,
"Hugo_interaction2_1_option_2",,"xxxx","",,,
"Hugo_interaction2_1_response_1",,"xxxx","",,,
"Hugo_interaction2_1_response_2",,"xxxx","",,,
"Hugo_interaction2_2",,"xxxx","",,,
"Hugo_interaction2_3",,"xxxx","",,,
"Hugo_interaction2_4",,"xxxx","",,,
"Hugo_interaction2_5",,"xxxx","",,,
"Hugo_interaction2_6",,"xxxx","",,,
,,,"",,,
"Hugo_interaction3_1_intro",,"xxxx","",,,
"Hugo_interaction3_1_option_1",,"xxxx","",,,
"Hugo_interaction3_1_option_2",,"xxxx","",,,
"Hugo_interaction3_1_response_1",,"xxxx","",,,
"Hugo_interaction3_1_response_2",,"xxxx","",,,
"Hugo_interaction3_2",,"xxxx","",,,
"Hugo_interaction3_3",,"xxxx","",,,
"Hugo_interaction3_4",,"xxxx","",,,
"Hugo_interaction3_5",,"xxxx","",,,
"Hugo_interaction3_6",,"xxxx","",,,
,,,"",,,
"Hugo_interaction4_1_intro",,"xxxx","",,,
"Hugo_interaction4_1_option_1",,"xxxx","",,,
"Hugo_interaction4_1_option_2",,"xxxx","",,,
"Hugo_interaction4_1_response_1",,"xxxx","",,,
"Hugo_interaction4_1_response_2",,"xxxx","",,,
"Hugo_interaction4_2",,"xxxx","",,,
"Hugo_interaction4_3",,"xxxx","",,,
"Hugo_interaction4_4",,"xxxx","",,,
"Hugo_interaction4_5",,"xxxx","",,,
"Hugo_interaction4_6",,"xxxx","",,,
,,,"",,,
"Hugo_interaction5_1_intro",,"xxxx","",,,
"Hugo_interaction5_1_option_1",,"xxxx","",,,
"Hugo_interaction5_1_option_2",,"xxxx","",,,
"Hugo_interaction5_1_response_1",,"xxxx","",,,
"Hugo_interaction5_1_response_2",,"xxxx","",,,
"Hugo_interaction5_2",,"xxxx","",,,
"Hugo_interaction5_3",,"xxxx","",,,
"Hugo_interaction5_4",,"xxxx","",,,
"Hugo_interaction5_5",,"xxxx","",,,
"Hugo_interaction5_6",,"xxxx","",,,
,,,"",,,
"Hugo_interaction6_1_intro",,"xxxx","",,,
"Hugo_interaction6_1_option_1",,"xxxx","",,,
"Hugo_interaction6_1_option_2",,"xxxx","",,,
"Hugo_interaction6_1_response_1",,"xxxx","",,,
"Hugo_interaction6_1_response_2",,"xxxx","",,,
"Hugo_interaction6_2",,"xxxx","",,,
"Hugo_interaction6_3",,"xxxx","",,,
"Hugo_interaction6_4",,"xxxx","",,,
"Hugo_interaction6_5",,"xxxx","",,,
"Hugo_interaction6_6",,"xxxx","",,,
,,,,,,
"127_HUGO_Random Interact",,,,,,
,,,,,,
"Hugo_random_interaction_1","Want some minerals? Or do you prefer rocks?","xxxx","8",,,
"Hugo_random_interaction_2","I'm an officer of the mining committee.","xxxx","7",,,
"Hugo_random_interaction_3","LELSH is the only home I know . . .","xxxx","10",,,
"Hugo_random_interaction_4","I can't tell you what my mission is. Sorry.","xxxx","9",,,
"Hugo_random_interaction_5","White Ash Harbor is a perfect location for . . . nevermind.","xxxx","12",,,
,,,,,,
"127_HUGO_INTERACT (LELSH EMPLOYEE)",,,,,,
,,,,,,
"Hugo_compliment_looks",,"xxxx","",,,
"Hugo_compliment_clothing",,"xxxx","",,,
"Hugo_compliment_mind",,"xxxx","",,,
"Hugo_compliment_work",,"xxxx","",,,
"Hugo_encouragement",,"xxxx","",,,
"Hugo_offerhelp_accept",,"xxxx","",,,
"Hugo_offerhelp_decline",,"xxxx","",,,
"Hugo_present_useful_1",,"xxxx","",,,
"Hugo_present_useful_2",,"xxxx","",,,
"Hugo_present_useful_3",,"xxxx","",,,
"Hugo_present_valuable_1",,"xxxx","",,,
"Hugo_present_birthday_1",,"xxxx","",,,
"Hugo_present_useless_1",,"xxxx","",,,
"Hugo_present_useless_2",,"xxxx","",,,
"Hugo_present_useless_3",,"xxxx","",,,
"Hugo_gift_already_given",,"xxxx","",,,
"Hugo_hug",,"xxxx","",,,
"Hugo_hangout_decline",,"xxxx","",,,
"Hugo_romantic_decline",,"xxxx","",,,
,,,,,,
"127_HUGO_VOLCANIC_MINERALS",,,,,,
,,,,,,
"Hugo_shop_default_1","Decided to take the plunge huh? Lemme know what you need.","xxxx","11",,,
"Hugo_shop_default_2","Extracted these this morning. Whaddya think?","xxxx","6",,,
"Hugo_shop_default_3","These weren't easy to get.","xxxx","5",,,
"Hugo_shop_default_4","You better not tell anyone I'm here . . .","xxxx","10",,,
"Hugo_shop_default_5","I sell to you, and you don't tell anyone. Got it?","xxxx","11",,,
"Hugo_shop_buy_1","This one was hard to get.","xxxx","6",,,
"Hugo_shop_buy_2","Best price! I promise.","xxxx","4",,,
"Hugo_shop_buy_3","What will you use this for?","xxxx","6",,,
"Hugo_shop_sell_1","I'll take it.","xxxx","3",,,
"Hugo_shop_sell_2","Ok. But just because it's you.","xxxx","6",,,
"Hugo_shop_sell_3","Fine. I'll take this one.","xxxx","5",,,
"Hugo_shop_sell_rejected_1","I don't want it.","xxxx","4",,,
"Hugo_shop_sell_rejected_2","What the . . .","xxxx","5",,,
"Hugo_shop_sell_rejected_3","I'm good, thanks.","xxxx","3",,,
"Hugo_shop_too_poor_1","You need more credits, sorry.","xxxx","5",,,
"Hugo_shop_too_poor_2","Life needs credits to keep it going, sadly.","xxxx","8",,,
"Hugo_shop_too_poor_3","You'll have to find some credits.","xxxx","6",,,
,,,,,,
,,,,,,
"128_KOA",,,,,,
,,,,,,
"Koa_interaction1_1","(playername), welcome back to Billboard City, but remember, this isn't White Ash Harbor. You're one of hundreds of restaurants in town, so you're going to have to work that much more to get people to notice you.","xxxx",,,,
"Koa_interaction1_2","I'm trying out a new dish at the restaurant. I've been testing it for months and I'm only letting my most cultured clientle try it as it involves liquid nitrogen.","xxxx",,,,
"Koa_interaction1_3","When I get a free moment, I'm going to do some pottery. Clay helps to strengthen my hands and let's allows my mind to focus on something that isn't food a while. It's relaxing and stressful at the same time, the perfect hobby.","xxxx",,,,
"Koa_interaction1_4","Remember, this restaurant is your shot and it will rely on not only your creativity but also your business sense. Good luck.","xxxx",,,,
"Koa_interaction1_5","I believe that this is the most we've spoken, ever. I'm glad that we are able to be friends in this stage of our lives. It's good to have you around again.","xxxx",,,,
"Koa_interaction1_6",,"xxxx",,,,
,,,,,,
"Koa_interaction2_1_intro","Remember that night in the kitchen when Canton kicked you out?","xxxx",,,,
"Koa_interaction2_1_option_1","How could I forget? What about it?","xxxx",,,,
"Koa_interaction2_1_option_2","Do I remember perhaps one of the lowest nights of my life? Yes, Koa/Camille, I remember.","xxxx",,,,
"Koa_interaction2_1_response_1","I walked out of his kitchen that next day, and you know what's odd, he doesn't hold as much ire against me like he does for you.","xxxx",,,,
"Koa_interaction2_1_response_2","I don't mean to rub salt in any wounds, I am only highlighting the fact that our lives wouldn't be where they are now if it wasn't for that one bad night. Funny how good things can come from bad moments.","xxxx",,,,
"Koa_interaction2_2","It's odd how a life can change so quickly when tragedy meets skill. Luck isn't something that happens to you, it's something you make.","xxxx",,,,
"Koa_interaction2_3","If you told me during our time in the culinary academy that we would be working together, I would have said you were crazy. Yet, it's been a fun time so far!","xxxx",,,,
"Koa_interaction2_4","My father told me once that friends should only be counted on one hand. I believe this to be true because friendships are a give and take system and if too many people are taking from you then there isn't anything left for yourself.","xxxx",,,,
"Koa_interaction2_5","I'm a little tired, (playername). Been putting in massive hours at the restaurant, but it has to be a success. Too many people are counting on me and I will not let them down. Now, if you'll excuse me, I'm going to get more work done.","xxxx",,,,
"Koa_interaction2_6",,"xxxx",,,,
,,,,,,
"Koa_interaction3_1_intro","If you had unlimited funds, where would you go on vacation?","xxxx",,,,
"Koa_interaction3_1_option_1","Somewhere warm. A place with a beach that hopefully isn't full of trash. What about you?","xxxx",,,,
"Koa_interaction3_1_option_2","Somewhere historical. I love learning about the history of a place that I am visiting. What about you?","xxxx",,,,
"Koa_interaction3_1_response_1","I'm not too partial to beaches, I burn easily, but doing some scuba diving would be fun. Sushi at the beach doesn't sound bad.","xxxx",,,,
"Koa_interaction3_1_response_2","That's my speed too. I love visiting the local museums in the places I am vacationing. Even if some are more humble than others, they always leave an impact on me.","xxxx",,,,
"Koa_interaction3_2","I am trying to take my therapist's advice to heart and figure out a vacation for myself. I love being in the thick of it, but if I don't get a break I am going to fall apart.","xxxx",,,,
"Koa_interaction3_3","Have you ever noticed that the grind culture mentality really wants to make sure you are ground down to nothing? I won't have happen to me what happened to my father who died while on the job.","xxxx",,,,
"Koa_interaction3_4","Hey, sorry, I'm super distracted right now. Things at the restaurant are a little hectic right now and I don't have the bandwidith or the time to explain it all. Later.","xxxx",,,,
"Koa_interaction3_5","I feel like a noodle that has been stretched super thin and thrown against the wall. I'm going to go home and pass out.","xxxx",,,,
"Koa_interaction3_6",,"xxxx",,,,
,,,,,,
"Koa_interaction4_1_intro","After sleeping for 15 hours, I think I'm ready to take on the day once again.","xxxx",,,,
"Koa_interaction4_1_option_1","Are you sure? I think a mental health day wouldn't be a bad idea after the stress you've been going through.","xxxx",,,,
"Koa_interaction4_1_option_2","You know yourself and if you think you can do it, then go ahead.","xxxx",,,,
"Koa_interaction4_1_response_1","I'm . . . yeah, I don't know how to take care of myself anymore.","xxxx",,,,
"Koa_interaction4_1_response_2","Yeah, I think I . . . I . . . I really can't. I just can't right now. I need to cool off some more.","xxxx",,,,
"Koa_interaction4_2","I've been mulling over some ideas on how I can improve the mental health of myself and my employees. I've got a plan, but I'll go into details later once I have all the points together. It's work, but the good kind.","xxxx",,,,
"Koa_interaction4_3","If I am going to make my mental health a priority in my life, I knew I had to offer my employees the same benefits. To be a leader is to be responsible not only to my well being but my employees as well.","xxxx",,,,
"Koa_interaction4_4","I'm going to put my mental health plan to a vote. If my employees want this benefits package, then we'll have to send money we would spend on bonuses toward it. Since it would effect all of us, we all need to vote on it. Wish me luck, (playername).","xxxx",,,,
"Koa_interaction4_5","They voted to take the mental health package! Here's to a good first step toward a better future, so long as Mill + Rose continues to function that is.","xxxx",,,,
"Koa_interaction4_6",,"xxxx",,,,
,,,,,,
"Koa_interaction5_1_intro",,"xxxx",,,,
"Koa_interaction5_1_option_1",,"xxxx",,,,
"Koa_interaction5_1_option_2",,"xxxx",,,,
"Koa_interaction5_1_response_1",,"xxxx",,,,
"Koa_interaction5_1_response_2",,"xxxx",,,,
"Koa_interaction5_2",,"xxxx",,,,
"Koa_interaction5_3",,"xxxx",,,,
"Koa_interaction5_4",,"xxxx",,,,
"Koa_interaction5_5",,"xxxx",,,,
"Koa_interaction5_6",,"xxxx",,,,
,,,,,,
"Koa_interaction6_1_intro",,"xxxx",,,,
"Koa_interaction6_1_option_1",,"xxxx",,,,
"Koa_interaction6_1_option_2",,"xxxx",,,,
"Koa_interaction6_1_response_1",,"xxxx",,,,
"Koa_interaction6_1_response_2",,"xxxx",,,,
"Koa_interaction6_2",,"xxxx",,,,
"Koa_interaction6_3",,"xxxx",,,,
"Koa_interaction6_4",,"xxxx",,,,
"Koa_interaction6_5",,"xxxx",,,,
"Koa_interaction6_6",,"xxxx",,,,
,,,,,,
,,,,,,
"128_KOA_Random Interact",,,,,,
,,,,,,
"Koa_random_interaction_1","It still smells like fish. Do I want to get used to it?","xxxx","13",,,
"Koa_random_interaction_2","The views from here are lovely. Still, it isn't the Marketplace . . .","xxxx","14",,,
"Koa_random_interaction_3","I never knew trees could grow so tall.","xxxx","8",,,
"Koa_random_interaction_4","I miss the lights of Billboard City. I never thought I'd say that.","xxxx","13",,,
"Koa_random_interaction_5","I really just want some R&R for now, (playername).","xxxx","9",,,
,,,,,,
,,,,,,
"128_KOA_INTERACT",,,,,,
,,,,,,
"Koa_compliment_looks","I was given a good start. Thanks, Mom.","xxxx",,,,
"Koa_compliment_clothing","I always try to keep myself on point.","xxxx",,,,
"Koa_compliment_mind","This coming from you? Don't you go soft on me.","xxxx",,,,
"Koa_compliment_work","I can't afford to slip. Consistency is key to making anything happen.","xxxx",,,,
"Koa_encouragement"," . . .if only we were this kind to each other during culinary school. Thanks.","xxxx",,,,
"Koa_offerhelp_accept","Thank you for the help.","xxxx",,,,
"Koa_offerhelp_decline","I don't need help right now. Thanks.","xxxx",,,,
"Koa_present_useful_1","For me? You got this for me? That's rather generous of you. Thank you.","xxxx",,,,
"Koa_present_useful_2",,"xxxx",,,,
"Koa_present_useful_3",,"xxxx",,,,
"Koa_present_valuable_1",,"xxxx",,,,
"Koa_present_birthday_1",,"xxxx",,,,
"Koa_present_useless_1","It really isn't something that I need.","xxxx",,,,
"Koa_present_useless_2",,"xxxx",,,,
"Koa_present_useless_3",,"xxxx",,,,
"Koa_gift_already_given","I think you got me one of these already.","xxxx",,,,
"Koa_hug","I'm not that much of a hugger.","xxxx",,,,
"Koa_hangout_decline","I can't tonight. Too much to do and not enough time.","xxxx",,,,
"Koa_romantic_decline","I admire your work, but that's as far as my admiration goes.","xxxx",,,,
,,,,,,
,,,,,,
"129_CAMILLE",,,,,,
,,,,,,
"Camille_interaction1_1",,"xxxx",,,,
"Camille_interaction1_2",,"xxxx",,,,
"Camille_interaction1_3",,"xxxx",,,,
"Camille_interaction1_4",,"xxxx",,,,
"Camille_interaction1_5",,"xxxx",,,,
"Camille_interaction1_6",,"xxxx",,,,
,,,,,,
"Camille_interaction2_1_intro",,"xxxx",,,,
"Camille_interaction2_1_option_1",,"xxxx",,,,
"Camille_interaction2_1_option_2",,"xxxx",,,,
"Camille_interaction2_1_response_1",,"xxxx",,,,
"Camille_interaction2_1_response_2",,"xxxx",,,,
"Camille_interaction2_2",,"xxxx",,,,
"Camille_interaction2_3",,"xxxx",,,,
"Camille_interaction2_4",,"xxxx",,,,
"Camille_interaction2_5",,"xxxx",,,,
"Camille_interaction2_6",,"xxxx",,,,
,,,,,,
"Camille_interaction3_1_intro",,"xxxx",,,,
"Camille_interaction3_1_option_1",,"xxxx",,,,
"Camille_interaction3_1_option_2",,"xxxx",,,,
"Camille_interaction3_1_response_1",,"xxxx",,,,
"Camille_interaction3_1_response_2",,"xxxx",,,,
"Camille_interaction3_2",,"xxxx",,,,
"Camille_interaction3_3",,"xxxx",,,,
"Camille_interaction3_4",,"xxxx",,,,
"Camille_interaction3_5",,"xxxx",,,,
"Camille_interaction3_6",,"xxxx",,,,
,,,,,,
"Camille_interaction4_1_intro",,"xxxx",,,,
"Camille_interaction4_1_option_1",,"xxxx",,,,
"Camille_interaction4_1_option_2",,"xxxx",,,,
"Camille_interaction4_1_response_1",,"xxxx",,,,
"Camille_interaction4_1_response_2",,"xxxx",,,,
"Camille_interaction4_2",,"xxxx",,,,
"Camille_interaction4_3",,"xxxx",,,,
"Camille_interaction4_4",,"xxxx",,,,
"Camille_interaction4_5",,"xxxx",,,,
"Camille_interaction4_6",,"xxxx",,,,
,,,,,,
"Camille_interaction5_1_intro",,"xxxx",,,,
"Camille_interaction5_1_option_1",,"xxxx",,,,
"Camille_interaction5_1_option_2",,"xxxx",,,,
"Camille_interaction5_1_response_1",,"xxxx",,,,
"Camille_interaction5_1_response_2",,"xxxx",,,,
"Camille_interaction5_2",,"xxxx",,,,
"Camille_interaction5_3",,"xxxx",,,,
"Camille_interaction5_4",,"xxxx",,,,
"Camille_interaction5_5",,"xxxx",,,,
"Camille_interaction5_6",,"xxxx",,,,
,,,,,,
"Camille_interaction6_1_intro",,"xxxx",,,,
"Camille_interaction6_1_option_1",,"xxxx",,,,
"Camille_interaction6_1_option_2",,"xxxx",,,,
"Camille_interaction6_1_response_1",,"xxxx",,,,
"Camille_interaction6_1_response_2",,"xxxx",,,,
"Camille_interaction6_2",,"xxxx",,,,
"Camille_interaction6_3",,"xxxx",,,,
"Camille_interaction6_4",,"xxxx",,,,
"Camille_interaction6_5",,"xxxx",,,,
"Camille_interaction6_6",,"xxxx",,,,
,,,,,,
"129_CAMILLE_Random Interact",,,,,,
,,,,,,
"Camille_random_interaction_1","It still smells like fish. Do I want to get used to it?","xxxx","13",,,
"Camille_random_interaction_2","The views from here are lovely. Still, it isn't the Marketplace . . .","xxxx","14",,,
"Camille_random_interaction_3","I never knew trees could grow so tall.","xxxx","8",,,
"Camille_random_interaction_4","I miss the lights of Billboard City. I never thought I'd say that.","xxxx","13",,,
"Camille_random_interaction_5","I really just want some R&R for now, (playername).","xxxx","9",,,
,,,,,,
,,,,,,
"129_CAMILLE_INTERACT",,,,,,
,,,,,,
"Camille_compliment_looks",,"xxxx",,,,
"Camille_compliment_clothing",,"xxxx",,,,
"Camille_compliment_mind",,"xxxx",,,,
"Camille_compliment_work",,"xxxx",,,,
"Camille_encouragement",,"xxxx",,,,
"Camille_offerhelp_accept",,"xxxx",,,,
"Camille_offerhelp_decline",,"xxxx",,,,
"Camille_present_useful_1",,"xxxx",,,,
"Camille_present_useful_2",,"xxxx",,,,
"Camille_present_useful_3",,"xxxx",,,,
"Camille_present_valuable_1",,"xxxx",,,,
"Camille_present_birthday_1",,"xxxx",,,,
"Camille_present_useless_1",,"xxxx",,,,
"Camille_present_useless_2",,"xxxx",,,,
"Camille_present_useless_3",,"xxxx",,,,
"Camille_gift_already_given",,"xxxx",,,,
"Camille_hug",,"xxxx",,,,
"Camille_hangout_decline",,"xxxx",,,,
"Camille_romantic_decline",,"xxxx",,,,
,,,,,,
"130_VINCENT_CASTEAU",,,,,,
,,,,,,
"Casteau_interaction1_1","Hello, my friend! It's great seeing you. I hope everything is going well so far. I'll see you later.","xxxx","19",,,
"Casteau_interaction1_2","I found this little shop on the docks that has some of the freshest fish I have ever seen._I've forgotten how good fresh fish is, since in Billboard City it's usually shipped frozen.","xxxx","33",,,
"Casteau_interaction1_3","Talking to the people in town, it's crazy how much the people here have shifted culturally._There are a lot of young folks! I hope this means the city will continue to thrive.","xxxx","32",,,
"Casteau_interaction1_4","When all is said and done, we have only our stories, which is why I like to chat with Bowie so much. We trade a lot of stories!","xxxx","28",,,
"Casteau_interaction1_5","Old people, like myself, usually find themselves lamenting over how things used to be._Unless we are trying to fix a broken system, judging what others do is just complaining and I don't have time for complaining.","xxxx","36",,,
"Casteau_interaction1_6","Remember to take it easy, (playername). Take time when you can, as often as you can, because life goes fast!","xxxx","20",,,
,,,"",,,
"Casteau_interaction2_1_intro","(playername), how are things? Not just with Le Sequoia. How are you doing?","xxxx","13",,,
"Casteau_interaction2_1_option_1","I don't know, I think I'm okay. Just getting a lot done at the restaurant.","xxxx","15",,,
"Casteau_interaction2_1_option_2","I recently got into fishing and it's been fantastic!","xxxx","9",,,
"Casteau_interaction2_1_response_1","You shouldn't waste away inside the restaurant. Life is more than just work.","xxxx","13",,,
"Casteau_interaction2_1_response_2","Fantastic! See! Billboard City has a lot going on in it, but you're not going to find something like that there.","xxxx","21",,,
"Casteau_interaction2_2","Life can lead you on a crazy path. Sure, it'll end one day, but hopefully you've seen some sights along the way._And what more could we ask for?","xxxx","28",,,
"Casteau_interaction2_3","I've been thinking . . . I've come to the conclusion that your life isn't just for you._We live among others whose lives are just as important as yours. A society is only as good as the people who inhabit it. That's it.","xxxx","43",,,
"Casteau_interaction2_4","The wind here is fresh, albeit a little fishy, but that's part of the charm too.","xxxx","16",,,
"Casteau_interaction2_5","I have an appointment with April for a psychic reading. I'm curious to see what she has to tell me about my future.","xxxx","23",,,
"Casteau_interaction2_6","So much of this town hasn't changed. I don't know if that's a good thing or not.","xxxx","17",,,
,,,"",,,
"Casteau_interaction3_1_intro","You've been here a while now._Do you feel like you've been making a difference?","xxxx","14",,,
"Casteau_interaction3_1_option_1","I mean, it's a just a restaurant, chef.","xxxx","8",,,
"Casteau_interaction3_1_option_2","I've noticed some things seem to be improving.","xxxx","8",,,
"Casteau_interaction3_1_response_1","A town needs everyone in it to help it move toward a better tomorrow._If you don't think you're making a difference by being here, then you need to get out and walk around more.","xxxx","34",,,
"Casteau_interaction3_1_response_2","Seeing the good you put out into the world is its own reward. Enjoy the view, it always changes.","xxxx","19",,,
"Casteau_interaction3_2","Walking around here, I get to relive some of the happiest moments of my life._Nostalgia is a strong emotion, but to stay in the warmth of its glow would mean the death of my personal growth.","xxxx","36",,,
"Casteau_interaction3_3","My knee is really acting up today. Please, I implore you, to wear good shoes now! It will only help you out later on in life.","xxxx","26",,,
"Casteau_interaction3_4","I went for a walk along the docks today and I didn't see Bowie. I thought something had happened, but no, he was just eating lunch in a different spot._When you get old, you tend to think the worst when something unexpected happens.","xxxx","43",,,
"Casteau_interaction3_5","Just heading back from my yoga session! I have aches still, yes, but they hurt a lot less because of the yoga. Now, I just need some stretchy pants! Haha!","xxxx","30",,,
"Casteau_interaction3_6","I'm going to sit on the docks for a bit. Looking at the ocean is one of life's tiny pleasures. More people should do it.","xxxx","25",,,
,,,"",,,
"Casteau_interaction4_1_intro","Sunsets are rather beautiful, aren't they?","xxxx","6",,,
"Casteau_interaction4_1_option_1","All that light, the colors, why wouldn't it?","xxxx","8",,,
"Casteau_interaction4_1_option_2","I love 'em, means business is about to boom.","xxxx","9",,,
"Casteau_interaction4_1_response_1","I always see sunsets as a reflection of the day. It's telling you that it's over now and you can rest. Sounds pretty good to me, I'm beat.","xxxx","28",,,
"Casteau_interaction4_1_response_2","Not everything in life should be about money, (playername). Let a sunset be a sunset. Let it tell you about your day without expectations.","xxxx","24",,,
"Casteau_interaction4_2","Life without something fun, something that brings you joy, is meaningless. Especially if that joy is commodified.","xxxx","17",,,
"Casteau_interaction4_3","I am craving a nice steak. I might go by Chop to cook one up for myself._When you get to be my age, you want to eat things that are probably not the best for you because . . . why not?_It's not like I'm getting any younger, haha!","xxxx","49",,,
"Casteau_interaction4_4","Oh boy, I am getting tired faster these days. Do you think its the grave calling to me?_Haha! I am kidding, but seriously, I gotta take a nap.","xxxx","28",,,
"Casteau_interaction4_5","You're a good friend, (playername). I wanted you to know that today. No reason, no why, just know that you're a good egg.","xxxx","23",,,
"Casteau_interaction4_6","I think I'll go for a walk in the woods. See some birds. I don't know why but when you get older you suddenly like birds a lot more._Is that a blue-winged warbler?!","xxxx","33",,,
,,,,,,
"130_VINCENT_Random Interact",,,,,,
,,,,,,
"Casteau_random_interaction_1","Hi, (playername). Things are going well?","xxxx","6",,,
"Casteau_random_interaction_2","I do miss this place. Especially the smell of the sea.","xxxx","11",,,
"Casteau_random_interaction_3","Once, I thought I would spend my entire life here . . .","xxxx","13",,,
"Casteau_random_interaction_4","Le Sequoia is in good hands now.","xxxx","7",,,
"Casteau_random_interaction_5","Traveling is difficult for me these days.","xxxx","7",,,
,,,,,,
,,,,,,
"131_OTTO_CANTON",,,,,,
,,,,,,
"Otto_interaction1_1","I'm sorry, did you think that you had something interesting to say to me? Doesn't sound like it to me!","xxxx",,,,
"Otto_interaction1_2","Move, you're in my way.","xxxx",,,,
"Otto_interaction1_3","I have things to do. Things that don't involve you. Move.","xxxx",,,,
"Otto_interaction1_4","Why do you keep popping up like a bad penny? I really need to get going here.","xxxx",,,,
"Otto_interaction1_5","Look . . . you had your shot in my kitchen. You left. End of story.","xxxx",,,,
"Otto_interaction1_6",,"xxxx",,,,
,,,,,,
"Otto_interaction2_1_intro","Why do you keep trying to talk to me even though I have no interest in speaking to you?","xxxx",,,,
"Otto_interaction2_1_option_1","I mean, you're asking me a question, aren't you? I didn't make you do that.","xxxx",,,,
"Otto_interaction2_1_option_2","Because I wonder why you hate me so much.","xxxx",,,,
"Otto_interaction2_1_response_1","I am asking because you seem to constantly find me and I really don't have the time for you.","xxxx",,,,
"Otto_interaction2_1_response_2","Hate means that I am always thinking about you and want to do something violent towards you because I have such a strong negative feeling toward you. I don't hate you because I don't even think about you when you're not pestering me.","xxxx",,,,
"Otto_interaction2_2","I'll have to have Gale grade those papers for the introductory classes and . . . WHAT DO YOU WANT?!","xxxx",,,,
"Otto_interaction2_3","Hi, Gale, what's the status of the gala committee so far? Uh huh, uh huh, good. That's very good. Oh, really? Then you tell him he is fired. (If he's at a phone booth).","xxxx",,,,
"Otto_interaction2_4","I want to have time to myself. I run an entire culinary institute, so will you please leave me alone so I can have some quiet for a bloody moment!","xxxx",,,,
"Otto_interaction2_5","For someone who walked away from my kitchen and my teachings, you seem awfully clingy because you keep bothering me.","xxxx",,,,
"Otto_interaction2_6",,"xxxx",,,,
,,,,,,
"Otto_interaction3_1_intro","You left my kitchen and I want to know why?","xxxx",,,,
"Otto_interaction3_1_option_1","You're giant jerk, Canton! I am not the first nor will I be the last to quit, so why are you dwelling on my leaving so much?!","xxxx",,,,
"Otto_interaction3_1_option_2","I thought you didn't care about whether people quit your kitchen or not?","xxxx",,,,
"Otto_interaction3_1_response_1","Because! Because . . . because when people quit I don't see them anymore. They failed and are gone. You, you just don't know when to quit!","xxxx",,,,
"Otto_interaction3_1_response_2","I don't, but those people usually leave my sight forever. They don't go on in the industry and if they do they stay at the appropriate level, dishwasher!","xxxx",,,,
"Otto_interaction3_2","Upstarts don't last and they certainly aren't remembered beyond their 15 minutes in the spotlight.","xxxx",,,,
"Otto_interaction3_3","When will you learn that I don't want to talk to you and have zero INTEREST in having a conversation beyond me just yelling at you?!","xxxx",,,,
"Otto_interaction3_4","Let's try something new, shall we? You go one direction, I go another, and you vanish from my existence forever.","xxxx",,,,
"Otto_interaction3_5","You wouldn't know an original thought if it flew up and slap the side of your head!","xxxx",,,,
"Otto_interaction3_6",,"xxxx",,,,
,,,,,,
"Otto_interaction4_1_intro","Listen quitter, your food may get some decent reviews but you are still trash to me and until I see otherwise, trash you shall be!","xxxx",,,,
"Otto_interaction4_1_option_1","Oh, so you do read the reviews about my food? I thought you didn't care?","xxxx",,,,
"Otto_interaction4_1_option_2","Is someone forever spitting in your cereal and putting you in a bad mood?","xxxx",,,,
"Otto_interaction4_1_response_1","I . . .how dare . . . just, leave me alone!","xxxx",,,,
"Otto_interaction4_1_response_2","My cereal is eggs, bacon, toast, and a cup of coffee and is better than yours! I wake in a great mood every day, so stop being bitter about my life!","xxxx",,,,
"Otto_interaction4_2","I've got TA's that have grading to do based on my reactions to students dishes, so please, move out of my way.","xxxx",,,,
"Otto_interaction4_3","If you're looking an apology or an acknowledgment of your accomplishments, you're barking up the wrong tree.","xxxx",,,,
"Otto_interaction4_4","You are showing a lot of . . . promise, (playername). Have a good day.","xxxx",,,,
"Otto_interaction4_5","You should know that I will forever hold you quitting my kitchen in my heart, but I'd be an idiot to not see what my eyes are telling me. You're a good chef.","xxxx",,,,
"Otto_interaction4_6",,"xxxx",,,,
,,,,,,
,,,,,,
"201_T.E.C.",,,,,,
,,,,,,
"T.E.C._interaction_1","Heya pal, smells good right?","xxxx","5",,,
"T.E.C._interaction_2","I can see ya droolin over there. Don't be shy!","xxxx","10",,,
"T.E.C._interaction_3","We got classic, garlic, spicy, and deluxe.","xxxx","7",,,
"T.E.C._interaction_4","Did you know, this is a popular destination for dates?","xxxx","10",,,
"T.E.C._interaction_5","We are quite popular now thanks to social media.","xxxx","9",,,
,,,"",,,
"T.E.C._interaction_act_1_1","It's quiet these days. There are very few customers.","xxxx","9",,,
"T.E.C._interaction_act_1_2","I miss the old days. These docks were filled with people.","xxxx","11",,,
"T.E.C._interaction_act_1_3","I hope the mayor can fix things here.","xxxx","8",,,
"T.E.C._interaction_act_1_4","Care to buy anything? I've seen few customers today.","xxxx","9",,,
"T.E.C._interaction_act_1_5","What brings you to this quiet little town?","xxxx","8",,,
,,,"",,,
"T.E.C._interaction_act_4_1","It's busy again. Just like the good ol' days.","xxxx","9",,,
"T.E.C._interaction_act_4_2","It's good to see White Ash Harbor so alive.","xxxx","9",,,
"T.E.C._interaction_act_4_3","Tourists always come here after the bathhouse.","xxxx","7",,,
"T.E.C._interaction_act_4_4","Thanks to you, business is booming again.","xxxx","7",,,
"T.E.C._interaction_act_4_5","Good to see you friend.","xxxx","5",,,
,,,"",,,
"T.E.C._shop_default_1","This squid was still swimmin in the ocean last night. Come get em while it's fresh!","xxxx","16",,,
"T.E.C._shop_default_2","We got Classic, Garlic, Spicy, and Deluxe. Which one would you like?","xxxx","12",,,
"T.E.C._shop_default_3","Welcome! What would you like to order?","xxxx","7",,,
"T.E.C._shop_default_4","Looking for some Takoyaki to-go, my friend?","xxxx","7",,,
"T.E.C._shop_default_5","I especially enjoy the Deluxe. It's like a party in your mouth. And everyone is invited!","xxxx","16",,,
"T.E.C._shop_buy_1","Sit back, and taste the best Takoyaki you've ever had!","xxxx","10",,,
"T.E.C._shop_buy_2","You'll enjoy this.","xxxx","3",,,
"T.E.C._shop_buy_3","Ah, great choice!","xxxx","3",,,
"T.E.C._shop_sell_1","This might be useful . . .","xxxx","7",,,
"T.E.C._shop_sell_2","I guess I can take this.","xxxx","6",,,
"T.E.C._shop_sell_3","Great! I can use this.","xxxx","5",,,
"T.E.C._shop_sell_rejected_1","Sorry, I only sell Takoyaki here.","xxxx","6",,,
"T.E.C._shop_sell_rejected_2","I can't buy this.","xxxx","4",,,
"T.E.C._shop_sell_rejected_3","I cannot sell this item.","xxxx","5",,,
"T.E.C._shop_too_poor_1","You don't have enough credits.","xxxx","5",,,
"T.E.C._shop_too_poor_2","Come back when you have more credits mate.","xxxx","8",,,
"T.E.C._shop_too_poor_3","It doesn't look like you have enough credits bud.","xxxx","9",,,
,,,"",,,
,,,"",,,
"202_ELTON",,,"",,,
,,,"",,,
"Elton_interaction_1","Hello, welcome to Eight Eleven.","xxxx","5",,,
"Elton_interaction_2","You look like you need an energy drink.","xxxx","8",,,
"Elton_interaction_3","Thank you, come again!","xxxx","4",,,
"Elton_interaction_4","Please come again! We are open 24 hours a day.","xxxx","10",,,
"Elton_interaction_5","Please stop it with the weird looks. Yes, I am an android. ","xxxx","12",,,
,,,"",,,
"Elton_interaction_act_1_1","Eight Eleven is owned and operated by LELSH.","xxxx","8",,,
"Elton_interaction_act_1_2","It's been quiet today. That's great for me.","xxxx","8",,,
"Elton_interaction_act_1_3","LELSH might close this branch due to low business.","xxxx","9",,,
"Elton_interaction_act_1_4","The folks here don't like this store. I wonder why?","xxxx","10",,,
"Elton_interaction_act_1_5","My supercharger allows me to stay awake 24 hours a day.","xxxx","11",,,
,,,"",,,
"Elton_interaction_act_4_1","Ughhh . . . Why are there so many people now?","xxxx","11",,,
"Elton_interaction_act_4_2","LELSH decided to invest more into this branch.","xxxx","8",,,
"Elton_interaction_act_4_3","Hello! We have new goods now thanks to LELSH.","xxxx","9",,,
"Elton_interaction_act_4_4","So many strangers now . . .","xxxx","7",,,
"Elton_interaction_act_4_5","I heard LELSH might open up another store here.","xxxx","9",,,
,,,"",,,
"Elton_information_intro_1","Welcome to Eight Eleven my friend. The one stop shop for all your everyday needs!","xxxx","15",,,
"Elton_information_intro_2","I could never get used to the weather here, and the birds are really annoying. My dream is to one day become an Eight Eleven executive.","xxxx","26",,,
"Elton_information_intro_3","You must be the new chef! Please stop by for all your ingredient needs! There is no need to waste your time browsing the market. ","xxxx","25",,,
"Elton_information_1","What do you sell here?","xxxx","5",,,
"Elton_response_1","We have everything you will ever need! No need to go anywhere else! Eight Eleven is the place to be!","xxxx","20",,,
"Elton_information_2","What do you recommend?","xxxx","4",,,
"Elton_response_2","If you are heading out into the mountains, I'd recommend taking a couple of energy drinks and snacks. It's a tough trail.","xxxx","22",,,
"Elton_information_3","Tell me about White Ash Harbor.","xxxx","6",,,
"Elton_response_3","Well what can I say? It's a quiet little town with a lot of strange folks. Also, the humidity here is bad for my circuits, but hey, a job's a job.","xxxx","31",,,
"Elton_information_4","Where should I go?","xxxx","4",,,
"Elton_response_4","I don't know. Talk to the Hotel Rose concierge or the information Kiosk in the center of town if you want some recommendations.","xxxx","23",,,
,,,"",,,
"Elton_shop_default_1","Eight Eleven has everything you will ever need.","xxxx","8",,,
"Elton_shop_default_2","There is really no need to buy fresh produce.","xxxx","9",,,
"Elton_shop_default_3","We receive all our goods from the LELSH corporation.","xxxx","9",,,
"Elton_shop_default_4","A lot of kids come by for snacks.","xxxx","8",,,
"Elton_shop_default_5","I personally recommend the instant noodles.","xxxx","6",,,
"Elton_shop_buy_1","This one is great. You have a great eye.","xxxx","9",,,
"Elton_shop_buy_2","We have the same taste. We could be siblings!","xxxx","9",,,
"Elton_shop_buy_3","Ah, what a great choice!","xxxx","5",,,
"Elton_shop_sell_1","Interesting.","xxxx","1",,,
"Elton_shop_sell_2","I guess I can take this.","xxxx","6",,,
"Elton_shop_sell_3","Great! I can use this.","xxxx","5",,,
"Elton_shop_sell_rejected_1","This isn't the right item.","xxxx","5",,,
"Elton_shop_sell_rejected_2","Sorry, I can't buy this . . .","xxxx","8",,,
"Elton_shop_sell_rejected_3","I cannot buy this item.","xxxx","5",,,
"Elton_shop_too_poor_1","You don't have enough credits.","xxxx","5",,,
"Elton_shop_too_poor_2","Hmmmm. Doesn't look like you can afford this.","xxxx","8",,,
"Elton_shop_too_poor_3","I think you may need more credits.","xxxx","7",,,
,,,,,,
"203_ROBERT",,,,,,
,,,,,,
"Robert_interaction_1","Please wear shoes and a shirt within hotel premises.","xxxx","9",,,
"Robert_interaction_2","Hi, I'm Robert. Have a fantastic stay!","xxxx","7",,,
"Robert_interaction_3","Ehh. . . whatever.","xxxx","4",,,
"Robert_interaction_4","Please let me know if you need anything.","xxxx","8",,,
"Robert_interaction_5","Do you have any bags you would like us to pick up?","xxxx","12",,,
,,,"",,,
"Robert_interaction_act_1_1","Hello. Would you like a room here? Oh . . .","xxxx","11",,,
"Robert_interaction_act_1_2","We don't get many visitors these days . . .","xxxx","10",,,
"Robert_interaction_act_1_3","This hotel has seen better days. Oh, it was so lively!","xxxx","11",,,
"Robert_interaction_act_1_4","I hope the mayor will provide funds for refurbishments.","xxxx","9",,,
"Robert_interaction_act_1_5","Listen to that . . . the echoes of laughter from the past . . .","xxxx","16",,,
,,,"",,,
"Robert_interaction_act_4_1","This is incredible. The rooms are all booked up!","xxxx","9",,,
"Robert_interaction_act_4_2","The laughter has returned. It is no longer a dream.","xxxx","10",,,
"Robert_interaction_act_4_3","The energy here makes me feel young again.","xxxx","8",,,
"Robert_interaction_act_4_4","The bathhouse has attracted so many visitors!","xxxx","7",,,
"Robert_interaction_act_4_5","Aylin is a strange woman no? But very beautiful too.","xxxx","10",,,
,,,"",,,
"Robert_information_intro_1","Welcome to our fine establishment. Would you like a room?","xxxx","10",,,
"Robert_information_intro_2","I am the concierge of this fine hotel. Ask me anything.","xxxx","11",,,
"Robert_information_intro_3","Hi, my name is Robert. Let me know if I may be of service.","xxxx","14",,,
"Robert_information_1","What is this place?","xxxx","4",,,
"Robert_response_1","Why this is Hotel Rose, a famous historic site of White Ash Harbor! _ When Princess Eliza II first landed here over 200 years ago, she fell in love with the beach and built this magnificent hotel for her court to come visit.","xxxx","43",,,
"Robert_information_2","Where should I go relax?","xxxx","5",,,
"Robert_response_2","Well, besides the famous bathhouse, you can relax at the tourist beach just east of town._If you are feeling adventurous, there is a scenic hiking trail to the north. But do beware of animals!","xxxx","34",,,
"Robert_information_3","Where can I get some food?","xxxx","6",,,
"Robert_response_3","You can find White Ash Harbor's popular Takoyaki shop by the docks. For drinks, you should check out Bea's Bar and Bubble Shack.","xxxx","23",,,
"Robert_information_4","Got any advice for me?","xxxx","5",,,
"Robert_response_4","Make sure to decorate your restaurant. It really improves the guests' experience and they may leave more tips!","xxxx","18",,,
,,,"",,,
"204_YVONNE",,,"",,,
,,,"",,,
"Yvonne_interaction_1","Hello.","xxxx","1",,,
"Yvonne_interaction_2","Welcome to Hotel Rose.","xxxx","4",,,
"Yvonne_interaction_3","Do you need anything?","xxxx","4",,,
"Yvonne_interaction_4","Oh sorry, didn't see you there.","xxxx","6",,,
"Yvonne_interaction_5","Hello. I'm Yvonne. Do you have luggage?","xxxx","7",,,
,,,"",,,
"Yvonne_interaction_act_1_1","I work here as a bellhop to earn my tuition fees.","xxxx","11",,,
"Yvonne_interaction_act_1_2","If you have questions, please ask the Robert the concierge.","xxxx","10",,,
"Yvonne_interaction_act_1_3","Not much to do around here . . .","xxxx","9",,,
"Yvonne_interaction_act_1_4","Do do do do do do do do . . .","xxxx","11",,,
"Yvonne_interaction_act_1_5","Sometimes, I just sit in the corner and study.","xxxx","9",,,
,,,"",,,
"Yvonne_interaction_act_4_1","Ughhhh. These tourists are too rowdy.","xxxx","6",,,
"Yvonne_interaction_act_4_2","It's busy, but the extra tips are nice I guess.","xxxx","10",,,
"Yvonne_interaction_act_4_3","Um . . . Sorry but I'm soooo busy right now!","xxxx","11",,,
"Yvonne_interaction_act_4_4","With all these tips, I can afford school soon!","xxxx","9",,,
"Yvonne_interaction_act_4_5","This is the liveliest I've seen this place.","xxxx","8",,,
,,,"",,,
"205_CORA",,,"",,,
,,,"",,,
"Cora_interaction_1","I love the smell of the sea in the morning.","xxxx","10",,,
"Cora_interaction_2","Please be careful on the docks.","xxxx","6",,,
"Cora_interaction_3","If you wish to go fishing in the open sea, talk to the captain.","xxxx","14",,,
"Cora_interaction_4","Have you been to the fishing platform?","xxxx","7",,,
"Cora_interaction_5","Ughhh. I haven't caught anything today.","xxxx","6",,,
,,,"",,,
"Cora_interaction_act_1_1","Fishing is a hard business. Especially when there are few buyers.","xxxx","11",,,
"Cora_interaction_act_1_2","It's a quiet sea today.","xxxx","5",,,
"Cora_interaction_act_1_3","Have you met Aloys? He's soooo cool. Ah . . .","xxxx","11",,,
"Cora_interaction_act_1_4","Mom says there isn't a future for me here.","xxxx","9",,,
"Cora_interaction_act_1_5","You are a chef? What's that like?","xxxx","7",,,
,,,"",,,
"Cora_interaction_act_4_1","Oh boy. It's a little crowded on the docks lately.","xxxx","10",,,
"Cora_interaction_act_4_2","We've been having better luck out at sea.","xxxx","8",,,
"Cora_interaction_act_4_3","Mom says I should stay here and work to become the captain.","xxxx","12",,,
"Cora_interaction_act_4_4","Our fish has been getting bought out recently.","xxxx","8",,,
"Cora_interaction_act_4_5","I've saved up enough to travel to Billboard City!","xxxx","9",,,
,,,,,,
,,,,,,
"206_LEON",,,,,,
,,,,,,
"Leon_interaction_1","You have no idea of the creatures that live here . . .","xxxx","13",,,
"Leon_interaction_2","The waters are calm today.","xxxx","5",,,
"Leon_interaction_3","I only feel alive amidst the open sea.","xxxx","8",,,
"Leon_interaction_4","Huh. What are ye lookin at?","xxxx","6",,,
"Leon_interaction_5","Yer don't look like no fisherman to me.","xxxx","8",,,
,,,"",,,
"Leon_interaction_act_1_1","The waters are quiet today . . .","xxxx","8",,,
"Leon_interaction_act_1_2","Do you fear the waters? Well  . . . you should.","xxxx","11",,,
"Leon_interaction_act_1_3","I miss relaxing in the bathhouse after a long day at sea.","xxxx","12",,,
"Leon_interaction_act_1_4","The ocean has claimed many friends. Their spirits call out to me.","xxxx","12",,,
"Leon_interaction_act_1_5","My boat is being repaired at the moment.","xxxx","8",,,
,,,"",,,
"Leon_interaction_act_4_1","It's good to see the docks alive again.","xxxx","8",,,
"Leon_interaction_act_4_2","Oh boy. What I wouldn't give for a bottle of rum right now.","xxxx","13",,,
"Leon_interaction_act_4_3","The waters are lively today.","xxxx","5",,,
"Leon_interaction_act_4_4","Something dreadful lies underneath White Ash Harbor.","xxxx","7",,,
"Leon_interaction_act_4_5","Ah, it's good to be able to visit the bathhouse again.","xxxx","11",,,
,,,"",,,
"Leon_information_intro_1","Eh, you must be the new chef. I'm looking forward to dining at your restaurant this weekend.","xxxx","17",,,
"Leon_information_intro_2","Aye matey, me ship is being repaired at the moment. Please come back in a few weeks. I can take yer to the open sea.","xxxx","25",,,
"Leon_information_intro_3","I nagged a giant tuna last month. Fed my family for weeks. Ye can only catch big ones like that in the open sea.","xxxx","24",,,
"Leon_information_1","Where can you take me?","xxxx","5",,,
"Leon_response_1","For 500 creds, I can take yer to the open sea fer some good ol fishin. For 2000, I'll sail yer to the fishin platform. That will be a six hour trip.","xxxx","32",,,
"Leon_information_2","How can I catch fish?","xxxx","5",,,
"Leon_response_2","You'll need some fishin tools. Aloys sells them on the docks.","xxxx","11",,,
"Leon_information_3","Where can I catch fish?","xxxx","5",,,
"Leon_response_3","You can nag em right here on the docks with a good 'o rod. If you wanna catch them crabs and lobsters, you can find them in the caves to the west. Be careful though, them besties ain't so gentle.","xxxx","40",,,
"Leon_information_4","What's out there?","xxxx","3",,,
"Leon_response_4","Well yer lookin at open sea my friend. The only thing out there is the fishin platform. Aside from that, nothin but fishies out there!","xxxx","25",,,
,,,"",,,
,,,"",,,
"207_MARY_ANNE",,,"",,,
,,,"",,,
"MaryAnne_interaction_1","Hi sweety.","xxxx","2",,,
"MaryAnne_interaction_2","Lulu is always workin so hard.","xxxx","6",,,
"MaryAnne_interaction_3","Anna is obsessed with her computer games.","xxxx","7",,,
"MaryAnne_interaction_4","Have you seen my husband? I can't remember where he went.","xxxx","11",,,
"MaryAnne_interaction_5","If I were younger, I'd still be helpin' out on the farm.","xxxx","12",,,
,,,"",,,
"MaryAnne_interaction_act_1_1","I've lived here for most of my life. Oh, it was so lively then.","xxxx","14",,,
"MaryAnne_interaction_act_1_2","Lulu used to befriend all the tourists when she was younger.","xxxx","11",,,
"MaryAnne_interaction_act_1_3","LELSH buys up most of our crops now.","xxxx","8",,,
"MaryAnne_interaction_act_1_4","My husband and I started this farm after getting married.","xxxx","10",,,
"MaryAnne_interaction_act_1_5","If I were younger, I'd fight to revitalise this town!","xxxx","10",,,
,,,"",,,
"MaryAnne_interaction_act_4_1","How come you never told me you were such a great chef?","xxxx","12",,,
"MaryAnne_interaction_act_4_2","Hello dear. Hungry for some cookies?","xxxx","6",,,
"MaryAnne_interaction_act_4_3","The liveliness of White Ash Harbor reminds me of my youth.","xxxx","11",,,
"MaryAnne_interaction_act_4_4","Anna is a talented child. She just doesn't fit in with the world.","xxxx","13",,,
"MaryAnne_interaction_act_4_5","I just hope Anna and Lulu can live happy lives.","xxxx","10",,,
,,,"",,,
"208_CASPER",,,"",,,
,,,"",,,
"Casper_interaction_1","Hmmm, looks like a good day to go fishin.","xxxx","9",,,
"Casper_interaction_2","I hope Lulu finds a good man one day.","xxxx","9",,,
"Casper_interaction_3","Anna is a strange one. I don't understand kids these days.","xxxx","11",,,
"Casper_interaction_4","Did you know? My Anna is an artist! ","xxxx","8",,,
"Casper_interaction_5","Hey kid. Did you know I used to be a swimming champion?","xxxx","12",,,
,,,"",,,
"Casper_interaction_act_1_1","Back in the day, I would beat all the tourists at arm wrestling!","xxxx","13",,,
"Casper_interaction_act_1_2","The closure of the bathhouse saddens me.","xxxx","7",,,
"Casper_interaction_act_1_3","Fight for this town kid. I know you have it in you.","xxxx","12",,,
"Casper_interaction_act_1_4","Lulu is a hard worker. I hope it doesn't go to waste.","xxxx","12",,,
"Casper_interaction_act_1_5","Anna May will become a famous artist one day. I know it!","xxxx","12",,,
,,,"",,,
"Casper_interaction_act_4_1","I can go to the bathhouse again!","xxxx","7",,,
"Casper_interaction_act_4_2","I might go fishin again. Waddaya think kid?","xxxx","8",,,
"Casper_interaction_act_4_3","Takashi Farms is doing great thanks to Lulu.","xxxx","8",,,
"Casper_interaction_act_4_4","Back in the day, I wrestled a giant marlin out of the water!","xxxx","13",,,
"Casper_interaction_act_4_5","My wife and I have been raising Takashi Farms for ages.","xxxx","11",,,
,,,"",,,
,,,"",,,
"209_GAVIN",,,"",,,
,,,"",,,
"Gavin_interaction_1","Huh, youngsters these days.","xxxx","4",,,
"Gavin_interaction_2","Can't you see I'm busy?","xxxx","5",,,
"Gavin_interaction_3","Do you have a gift for me? No? Why are you still standing here?","xxxx","14",,,
"Gavin_interaction_4","Ugh, why does everyone come to me with their complaints?","xxxx","10",,,
"Gavin_interaction_5","This job doesn't pay well enough.","xxxx","6",,,
,,,"",,,
"Gavin_interaction_act_1_1","Everyone is looking at me to solve White Ash Harbor's problems.","xxxx","11",,,
"Gavin_interaction_act_1_2","How about you fetch me a nice cheesecake?","xxxx","8",,,
"Gavin_interaction_act_1_3","Man, I wish more tourists would show up. I could collect more tax.","xxxx","13",,,
"Gavin_interaction_act_1_4","I can't wait to retire in a luxury apartment in Billboard City.","xxxx","12",,,
"Gavin_interaction_act_1_5","Prisca is my helper. Go see her if you need anything.","xxxx","11",,,
,,,"",,,
"Gavin_interaction_act_4_1","More tourists . . . Nice ain't it?","xxxx","8",,,
"Gavin_interaction_act_4_2","Blimey . . . The tax coffer is piling high.","xxxx","10",,,
"Gavin_interaction_act_4_3","I just went to a BTL 42 concert. VIP pass baby!","xxxx","11",,,
"Gavin_interaction_act_4_4","Guess what? LELSH's CEO personally called me last week!","xxxx","9",,,
"Gavin_interaction_act_4_5","Gah. Too many kids running around.","xxxx","6",,,
,,,"",,,
"Gavin_information_intro_1","What are ya doing here kid? You know that this is city hall right?","xxxx","14",,,
"Gavin_information_intro_2","Being the mayor is a lot of work. Therefore I should be paid more than everyone in town, and live in the biggest house.","xxxx","24",,,
"Gavin_information_intro_3","The locals here should be working harder to satisfy the tourists. Our annual tax revenues could be a lot higher.","xxxx","20",,,
"Gavin_information_1","What do you do here?","xxxx","5",,,
"Gavin_response_1","As the mayor of White Ash Harbor, I oversee the town's finances, host events, and make sure everything is running in tip-top shape. ","xxxx","23",,,
"Gavin_information_2","How can I purchase a home?","xxxx","6",,,
"Gavin_response_2","Talk to Prisca, she handles property sales.","xxxx","7",,,
"Gavin_information_3","How can renovate buildings?","xxxx","4",,,
"Gavin_response_3","We don't have a carpenter in town, but Prisca can organize construction projects if you can supply the required materials.","xxxx","20",,,
"Gavin_information_4","What are the annual events?","xxxx","5",,,
"Gavin_response_4","Ughhhh, enough questions! Let me get back to my livestre . . . ehhh I mean my work. Please leave me be.","xxxx","22",,,
,,,"",,,
,,,"",,,
"210_MEI",,,"",,,
,,,"",,,
"Mei_interaction_1","Ahhh. . . sorry. . . please, go ahead.","xxxx","9",,,
"Mei_interaction_2","Are. . . are you lookin for someone?","xxxx","8",,,
"Mei_interaction_3","Why are you looking at me like that?","xxxx","8",,,
"Mei_interaction_4","Working at the baths is the only life I know.","xxxx","10",,,
"Mei_interaction_5","Are you looking for Miss Aylin? She is very busy.","xxxx","10",,,
,,,"",,,
"Mei_interaction_act_1_1","None","xxxx","1",,,
"Mei_interaction_act_1_2","None","xxxx","1",,,
"Mei_interaction_act_1_3","None","xxxx","1",,,
"Mei_interaction_act_1_4","None","xxxx","1",,,
"Mei_interaction_act_1_5","None","xxxx","1",,,
,,,"",,,
"Mei_interaction_act_4_1","I . . . I am very excited to be working for Aylin!","xxxx","13",,,
"Mei_interaction_act_4_2","Wow! You are a chef?","xxxx","5",,,
"Mei_interaction_act_4_3","I am honoured to be a part of Peony Bathhouse's reopening.","xxxx","11",,,
"Mei_interaction_act_4_4","Aylin is so beautiful. I want to try her clothes . . .","xxxx","13",,,
"Mei_interaction_act_4_5","Bathhouse work is hard, but I really like it here!","xxxx","10",,,
,,,"",,,
"Mei_information_intro_1","Wel . . welc . . . welcome to White Ash Bathhouse. The changerooms are just through the entrance behind me.","xxxx","21",,,
"Mei_information_intro_2","Wou . . . would you like to know the history of this bathhouse? Uhhh . . . never mind, sorry to bother you.","xxxx","24",,,
"Mei_information_intro_3","I very much admire Miss Aylin and Miss Nadjet. They keep this bathhouse running smoothly.","xxxx","15",,,
"Mei_information_1","What is this place?","xxxx","4",,,
"Mei_response_1","This is the legendary bathhouse of White Ash Harbor! Tourists come from all across the globe to visit!_The waters are naturally heated by the volcano.","xxxx","25",,,
"Mei_information_2","What do you do here?","xxxx","5",,,
"Mei_response_2","My. . . my job is very important! I make sure the bathhouse is in tip-top shape. I also run the boutique when Miss Nadjet is busy with other work.","xxxx","30",,,
"Mei_information_3","How old is this bathhouse?","xxxx","5",,,
"Mei_response_3","It's the oldest remaining building in White Ash Harbor! It was constructed by Lord Ose Toshio as a gift to his second wife Makino Takara. That was over 300 years ago.","xxxx","31",,,
"Mei_information_4","Where can I find some jobs?","xxxx","6",,,
"Mei_response_4","Ask miss Nadjet if she needs some help! Miss Aylin is not accepting any visitors today.","xxxx","16",,,
,,,"",,,
"Mei_shop_default_1","Um . . . Welcome to the Bathhouse Boutique!","xxxx","9",,,
"Mei_shop_default_2","We sell swimwear and a variety of soaps.","xxxx","8",,,
"Mei_shop_default_3","Hi there! Anything you are looking for in particular?","xxxx","9",,,
"Mei_shop_default_4","I just started working here . . . But I'm very excited!","xxxx","12",,,
"Mei_shop_default_5","Aylin is sooo cool. She is also kinda scary.","xxxx","9",,,
"Mei_shop_buy_1","I would have chosen that one too.","xxxx","7",,,
"Mei_shop_buy_2","Not a bad choice, if I do say so myself.","xxxx","10",,,
"Mei_shop_buy_3","You will love that one.","xxxx","5",,,
"Mei_shop_sell_1","Interesting.","xxxx","1",,,
"Mei_shop_sell_2","I guess I can take this.","xxxx","6",,,
"Mei_shop_sell_3","Great! I can use this.","xxxx","5",,,
"Mei_shop_sell_rejected_1","This isn't the right item.","xxxx","5",,,
"Mei_shop_sell_rejected_2","Sorry, I can't buy this.","xxxx","5",,,
"Mei_shop_sell_rejected_3","I cannot buy this item.","xxxx","5",,,
"Mei_shop_too_poor_1","You don't have enough credits.","xxxx","5",,,
"Mei_shop_too_poor_2","Hmmmm. Doesn't look like you can afford this.","xxxx","8",,,
"Mei_shop_too_poor_3","I think you may need more credits.","xxxx","7",,,
,,,,,,
,,,,,,
"211_FARHAN",,,,,,
,,,,,,
"Farhan_interaction_1","Yo, want some soap?","xxxx","4",,,
"Farhan_interaction_2","Whew, all this scrubbing takes a lot out of ya.","xxxx","10",,,
"Farhan_interaction_3","My god, it's really steamy in here.","xxxx","7",,,
"Farhan_interaction_4","I'd better check on the valves. ","xxxx","6",,,
"Farhan_interaction_5","This is tiring work. I need a break.","xxxx","8",,,
,,,"",,,
"Farhan_interaction_act_1_1","None","xxxx","1",,,
"Farhan_interaction_act_1_2","None","xxxx","1",,,
"Farhan_interaction_act_1_3","None","xxxx","1",,,
"Farhan_interaction_act_1_4","None","xxxx","1",,,
"Farhan_interaction_act_1_5","None","xxxx","1",,,
,,,"",,,
"Farhan_interaction_act_4_1","I'm new to White Ash Harbor. It is a cozy place.","xxxx","11",,,
"Farhan_interaction_act_4_2","The humidity here is killing me. Yeah, I came from a dry place.","xxxx","13",,,
"Farhan_interaction_act_4_3","Whoa . . . You are friends with Aylin?","xxxx","9",,,
"Farhan_interaction_act_4_4","The name is Farhan.","xxxx","4",,,
"Farhan_interaction_act_4_5",,"xxxx","",,,
,,,"",,,
,,,"",,,
"212_DUNCAN",,,"",,,
,,,"",,,
"Duncan_interaction_1","Whew, working at a bathhouse is hard work. I'm hungry.","xxxx","10",,,
"Duncan_interaction_2","Let me know if you need a scrub.","xxxx","8",,,
"Duncan_interaction_3","I get to see a lot of beautiful girls in bathing suits.","xxxx","12",,,
"Duncan_interaction_4","Once, I tried to ask out Ms. Aylin on a date.","xxxx","11",,,
"Duncan_interaction_5","I wish Ms. Aylin would give us longer breaks.","xxxx","9",,,
,,,"",,,
"Duncan_interaction_act_1_1","None","xxxx","1",,,
"Duncan_interaction_act_1_2","None","xxxx","1",,,
"Duncan_interaction_act_1_3","None","xxxx","1",,,
"Duncan_interaction_act_1_4","None","xxxx","1",,,
"Duncan_interaction_act_1_5","None","xxxx","1",,,
,,,"",,,
"Duncan_interaction_act_4_1","The name is Duncan. I'm the most handsome man in town!","xxxx","11",,,
"Duncan_interaction_act_4_2","You are a cool person. I can tell.","xxxx","8",,,
"Duncan_interaction_act_4_3","The bathhouse is pretty awesome right?","xxxx","6",,,
"Duncan_interaction_act_4_4","I'm gonna be the next manager of the bathhouse!","xxxx","9",,,
"Duncan_interaction_act_4_5","How do you do. Need a scrub?","xxxx","7",,,
,,,"",,,
,,,"",,,
"213_DIMITRI",,,"",,,
,,,"",,,
"Dimitri_interaction_1","Welcome to White Ash Harbor!","xxxx","5",,,
"Dimitri_interaction_2","Check out the convenience store if you are hungry!","xxxx","9",,,
"Dimitri_interaction_3","I've always dreamed of working for LELSH!","xxxx","7",,,
"Dimitri_interaction_4","Ignore her, she's always in a bad mood.","xxxx","8",,,
"Dimitri_interaction_5","See you next time!","xxxx","4",,,
,,,"",,,
"Dimitri_interaction_act_1_1","We are a duty free shop. What do you need?","xxxx","10",,,
"Dimitri_interaction_act_1_2","Hello friend. You are the first customer today!","xxxx","8",,,
"Dimitri_interaction_act_1_3","Here to do some last minute gift shopping?","xxxx","8",,,
"Dimitri_interaction_act_1_4","LELSH is a great company.","xxxx","5",,,
"Dimitri_interaction_act_1_5","LELSH is keeping this town alive.","xxxx","6",,,
,,,"",,,
"Dimitri_interaction_act_4_1","We are a duty free shop. Our gifts are very popular.","xxxx","11",,,
"Dimitri_interaction_act_4_2","The train station sure is busier these days.","xxxx","8",,,
"Dimitri_interaction_act_4_3","Welcome to White . . . Oh . . .  It's you.","xxxx","12",,,
"Dimitri_interaction_act_4_4","LELSH is thinking of upgrading the train to the new model.","xxxx","11",,,
"Dimitri_interaction_act_4_5","Ah, the great chef arrives.","xxxx","5",,,
,,,"",,,
"Dimitri_information_intro_1","Welcome to White Ash Station. Are you looking to purchase a ticket? We also offer VIP lifetime passes for 5000 credits.","xxxx","21",,,
"Dimitri_information_intro_2","Hello friend. Please let me know if you have any questions. ","xxxx","11",,,
"Dimitri_information_intro_3","This train goes to Billboard City. Have you ever been? It's a crazy place, full of tall buildings and fantastic attractions.","xxxx","21",,,
"Dimitri_information_1","Where does the train go?","xxxx","5",,,
"Dimitri_response_1","The final station is Billboard City.","xxxx","6",,,
"Dimitri_information_2","When is the next train?","xxxx","5",,,
"Dimitri_response_2","Trains arrive every day at 10:00 A:M and 10:00 PM. The train will wait in the station for one hour before departing.","xxxx","22",,,
"Dimitri_information_3","Where can I stay?","xxxx","4",,,
"Dimitri_response_3","You can find accommodations in the Circuit Lodge or Hotel Rose. You can also visit city hall if you wish to purchase property.","xxxx","23",,,
"Dimitri_information_4","Can you tell me about this town?","xxxx","7",,,
"Dimitri_response_4","This is White Ash Harbor, named after the volcano. This town thrives on fishing, farming, and tourism.","xxxx","17",,,
,,,"",,,
"Dimitri_shop_default_1","Hi, my name is Dimitri. How can I help you today?","xxxx","11",,,
"Dimitri_shop_default_2","Welcome to White Ash Station. Would you like a ticket?","xxxx","10",,,
"Dimitri_shop_default_3","We also sell some souvenirs here too.","xxxx","7",,,
"Dimitri_shop_default_4","Remember to get some souvenirs as gifts.","xxxx","7",,,
"Dimitri_shop_default_5","Here to do some last minute shopping before leaving?","xxxx","9",,,
"Dimitri_shop_buy_1","That's a nice one.","xxxx","4",,,
"Dimitri_shop_buy_2","Can I have one too?","xxxx","5",,,
"Dimitri_shop_buy_3","Great choice friend!","xxxx","3",,,
"Dimitri_shop_sell_1","Interesting.","xxxx","1",,,
"Dimitri_shop_sell_2","I guess I can take this.","xxxx","6",,,
"Dimitri_shop_sell_3","Great! I can use this.","xxxx","5",,,
"Dimitri_shop_sell_rejected_1","This isn't the right item.","xxxx","5",,,
"Dimitri_shop_sell_rejected_2","Sorry, I can't buy this.","xxxx","5",,,
"Dimitri_shop_sell_rejected_3","I cannot buy this item.","xxxx","5",,,
"Dimitri_shop_too_poor_1","You don't have enough credits.","xxxx","5",,,
"Dimitri_shop_too_poor_2","Hmmmm. Doesn't look like you can afford this.","xxxx","8",,,
"Dimitri_shop_too_poor_3","I think you may need more credits . . .","xxxx","10",,,
,,,"",,,
,,,"",,,
"214_ALISA",,,"",,,
,,,"",,,
"Alisa_interaction_1","Uh huh.","xxxx","2",,,
"Alisa_interaction_2","Anyways, have a good day I guess.","xxxx","7",,,
"Alisa_interaction_3","I see. Bye then.","xxxx","4",,,
"Alisa_interaction_4","Goodbye.","xxxx","1",,,
"Alisa_interaction_5","What do you want?","xxxx","4",,,
,,,"",,,
"Alisa_interaction_act_1_1","I'm busy.","xxxx","2",,,
"Alisa_interaction_act_1_2","LELSH? Huh, I'm just here for my paycheck.","xxxx","8",,,
"Alisa_interaction_act_1_3","It's quiet. I like that.","xxxx","5",,,
"Alisa_interaction_act_1_4","What do you think of my nails?","xxxx","7",,,
"Alisa_interaction_act_1_5","The best part of LELSH is their black uniform.","xxxx","9",,,
,,,"",,,
"Alisa_interaction_act_4_1","Can't you see that I'm busy?","xxxx","6",,,
"Alisa_interaction_act_4_2","Ughhh . . . Why do people keeping trying to talk to me?","xxxx","13",,,
"Alisa_interaction_act_4_3","Let me guess. You forgot to buy a gift right?","xxxx","10",,,
"Alisa_interaction_act_4_4","Buy a bottle of wine and wrap a bow on it. It's what I do.","xxxx","15",,,
"Alisa_interaction_act_4_5","I hope my boyfriend visits soon. I'm so bored.","xxxx","9",,,
,,,"",,,
"Alisa_information_intro_1","Uhhh. Welcome. What do you want?","xxxx","6",,,
"Alisa_information_intro_2","Not another one. . . ahem. What do you need?","xxxx","10",,,
"Alisa_information_intro_3","This is White Ash Station. Do you want to buy a ticket or not?","xxxx","14",,,
"Alisa_information_1","Where does the train go?","xxxx","5",,,
"Alisa_response_1","Uhhh . . . Billboard City. Obviously.","xxxx","7",,,
"Alisa_information_2","When is the next train?","xxxx","5",,,
"Alisa_response_2","Trains arrive every day at 10:00 A:M and 10:00 PM. Can you remember that?","xxxx","14",,,
"Alisa_information_3","Where can I stay?","xxxx","4",,,
"Alisa_response_3","Why do you have so many questions? Just head into town. I'm sure you'll find somewhere to sleep.","xxxx","18",,,
"Alisa_information_4","Can you tell me about this town?","xxxx","7",,,
"Alisa_response_4","Do I look like a tour guide? Please, just leave me be.","xxxx","12",,,
,,,"",,,
"Alisa_shop_default_1","Eh . . . What do you want?","xxxx","8",,,
"Alisa_shop_default_2","Soon . . . I won't have to work here much longer.","xxxx","12",,,
"Alisa_shop_default_3","My name? I have a name tag dummy.","xxxx","8",,,
"Alisa_shop_default_4","Looking to start a new life in the big city huh?","xxxx","11",,,
"Alisa_shop_default_5","We have souvenirs too, since you clearly forgot to buy gifts.","xxxx","11",,,
"Alisa_shop_buy_1","Last minute gift huh?","xxxx","4",,,
"Alisa_shop_buy_2","Surprise surpise . . .","xxxx","5",,,
"Alisa_shop_buy_3","Can we make this quick?","xxxx","5",,,
"Alisa_shop_sell_1","Interesting.","xxxx","1",,,
"Alisa_shop_sell_2","I guess I can take this.","xxxx","6",,,
"Alisa_shop_sell_3","Great! I can use this.","xxxx","5",,,
"Alisa_shop_sell_rejected_1","This isn't the right item.","xxxx","5",,,
"Alisa_shop_sell_rejected_2","Sorry, I can't buy this.","xxxx","5",,,
"Alisa_shop_sell_rejected_3","I cannot buy this item.","xxxx","5",,,
"Alisa_shop_too_poor_1","You don't have enough credits.","xxxx","5",,,
"Alisa_shop_too_poor_2","Hmmmm. Doesn't look like you can afford this.","xxxx","8",,,
"Alisa_shop_too_poor_3","I think you may need more credits.","xxxx","7",,,
,,,,,,
,,,,,,
"215_BENJAMIN",,,,,,
,,,,,,
"Benjamin_interaction_1","Just drop off your parcels in the box.","xxxx","8",,,
"Benjamin_interaction_2","I can't wait to get back home and watch TV.","xxxx","10",,,
"Benjamin_interaction_3","Wish I had more stuff to do here.","xxxx","8",,,
"Benjamin_interaction_4","What do ya want?","xxxx","4",,,
"Benjamin_interaction_5","Are you lost?","xxxx","3",,,
,,,"",,,
"Benjamin_interaction_act_1_1","White Ash Harbor is so dull. It's so . . . OLD!","xxxx","12",,,
"Benjamin_interaction_act_1_2","You playing Dungeons and Demons? You're probably a noob.","xxxx","9",,,
"Benjamin_interaction_act_1_3","Got a parcel to ship?","xxxx","5",,,
"Benjamin_interaction_act_1_4","At least it's chill here.","xxxx","5",,,
"Benjamin_interaction_act_1_5","My dad left me a house here. I can't afford a place in Billboard City.","xxxx","15",,,
,,,"",,,
"Benjamin_interaction_act_4_1","Man, people order a lot of deliveries!","xxxx","7",,,
"Benjamin_interaction_act_4_2","So many parcels . . . It's hard to keep track.","xxxx","11",,,
"Benjamin_interaction_act_4_3","Hey there. Sorry if I'm in a bad mood sometimes. It's hard you know?","xxxx","14",,,
"Benjamin_interaction_act_4_4","Everyone knows who you are now. I'm Benjamin by the way.","xxxx","11",,,
"Benjamin_interaction_act_4_5","Do you play Dungeons and Demons? You should!","xxxx","8",,,
,,,"",,,
"Benjamin_information_intro_1","Um . . . hello. You seem lost. Can I help you? This is just a post office. ","xxxx","18",,,
"Benjamin_information_intro_2","Do you want to know how your parcels make it to their destination? I would love to know too.","xxxx","19",,,
"Benjamin_information_intro_3","Bruh, I'm just an employee. Perhaps you are looking for the manager?","xxxx","12",,,
"Benjamin_information_1","What do you do here?","xxxx","5",,,
"Benjamin_response_1","Hey bud. This is Parcel Co, drop off your parcels and we'll ship em around the world and back.","xxxx","19",,,
"Benjamin_information_2","How do I ship parcels?","xxxx","5",,,
"Benjamin_response_2","Just drop em in the box in front. The one with a green arrow.","xxxx","14",,,
"Benjamin_information_3","Who picks up the parcels?","xxxx","5",,,
"Benjamin_response_3","The LELSH workers take care of that . . . somehow. They sneak in with their black uniforms at night. In the morning, all the parcels are gone.","xxxx","28",,,
"Benjamin_information_4","Can I ship ingredients to the city?","xxxx","7",,,
"Benjamin_response_4","It's a very difficult and expensive service. You'll have to speak to the Parcel Co director in Billboard City to coordinate this.","xxxx","22",,,
,,,"",,,
,,,"",,,
"216_EMA",,,"",,,
,,,"",,,
"Ema_interaction_1","You are cute.","xxxx","3",,,
"Ema_interaction_2","Did you know that this train travels 300 kilometers an hour?","xxxx","11",,,
"Ema_interaction_3","Welcome to the LELSH Express Train.","xxxx","6",,,
"Ema_interaction_4","Yes, I am an android.","xxxx","5",,,
"Ema_interaction_5","Please enjoy your trip!","xxxx","4",,,
,,,"",,,
"Ema_interaction_act_1_1","Sorry, I cannot serve drinks right now.","xxxx","7",,,
"Ema_interaction_act_1_2","First time going to White Ash Harbor? Good luck hun.","xxxx","10",,,
"Ema_interaction_act_1_3","Hello. I'm Ema. Pleased to meet you.","xxxx","7",,,
"Ema_interaction_act_1_4","We don't see too many visitors these days.","xxxx","8",,,
"Ema_interaction_act_1_5","Sugar, I'd offer you a drink, but we are arriving soon.","xxxx","11",,,
,,,"",,,
"Ema_interaction_act_4_1","Hi sweety, would you like a drink?","xxxx","7",,,
"Ema_interaction_act_4_2","It's a long ride, why not relax with a cocktail?","xxxx","10",,,
"Ema_interaction_act_4_3","Hey! Nice to see you again.","xxxx","6",,,
"Ema_interaction_act_4_4","Ever been to Billboard City's underground district before?","xxxx","8",,,
"Ema_interaction_act_4_5","We have a great selection of drinks and snacks.","xxxx","9",,,
,,,"",,,
"Ema_shop_default_1","Heyo - what are you looking for?","xxxx","7",,,
"Ema_shop_default_2","What can I get for you?","xxxx","6",,,
"Ema_shop_default_3","Welcome! What would you like to order today?","xxxx","8",,,
"Ema_shop_default_4","Hey there. Check out my wares!","xxxx","6",,,
"Ema_shop_default_5","What would you like to buy today?","xxxx","7",,,
"Ema_shop_buy_1","Yum! That one is my favorite.","xxxx","6",,,
"Ema_shop_buy_2","That's top-quality product! Would you like anything else today?","xxxx","9",,,
"Ema_shop_buy_3","Ah, great choice!","xxxx","3",,,
"Ema_shop_sell_1","Interesting . . . ","xxxx","4",,,
"Ema_shop_sell_2","I guess I can take this.","xxxx","6",,,
"Ema_shop_sell_3","Great! I can use this.","xxxx","5",,,
"Ema_shop_sell_rejected_1","This isn't the right item.","xxxx","5",,,
"Ema_shop_sell_rejected_2","Sorry, I can't buy this.","xxxx","5",,,
"Ema_shop_sell_rejected_3","I cannot buy this item.","xxxx","5",,,
"Ema_shop_too_poor_1","You don't have enough credits.","xxxx","5",,,
"Ema_shop_too_poor_2","Hmmmm. Doesn't look like you can afford this.","xxxx","8",,,
"Ema_shop_too_poor_3","I think you may need more credits.","xxxx","7",,,
,,,"",,,
,,,"",,,
"217_SAHIL",,,"",,,
,,,"",,,
"Sahil_interaction_1","You must be the new chef! Welcome.","xxxx","7",,,
"Sahil_interaction_2","Let me know if you need any directions.","xxxx","8",,,
"Sahil_interaction_3","I love working for LELSH.","xxxx","5",,,
"Sahil_interaction_4","LELSH is a fantastic company!","xxxx","5",,,
"Sahil_interaction_5","I think she has a crush on me.","xxxx","8",,,
,,,"",,,
"Sahil_interaction_act_1_1","White Ash Harbor has seen better days.","xxxx","7",,,
"Sahil_interaction_act_1_2","The LELSH mines are closed. Please don't try to enter.","xxxx","10",,,
"Sahil_interaction_act_1_3","The townsfolk don't like us very much . . .","xxxx","10",,,
"Sahil_interaction_act_1_4","I'm Sahil. But you probably already knew that.","xxxx","8",,,
"Sahil_interaction_act_1_5","The girl standing next to me is Duri. She's my future wife.","xxxx","12",,,
,,,"",,,
"Sahil_interaction_act_4_1","I can't believe it! Duri didn't want to go out with me!","xxxx","12",,,
"Sahil_interaction_act_4_2","She gives me that look sometimes. You know?","xxxx","8",,,
"Sahil_interaction_act_4_3","LELSH is very happy to see more tourists here.","xxxx","9",,,
"Sahil_interaction_act_4_4","Do you want to join LELSH? Fill out an application here.","xxxx","11",,,
"Sahil_interaction_act_4_5","Got any ideas on how to make Duri love me?","xxxx","10",,,
,,,"",,,
"Sahil_information_intro_1","Welcome to White Ash Harbor! What would you like to know?","xxxx","11",,,
"Sahil_information_intro_2","LELSH provides electricity, fresh water, and transportation for White Ash Harbor.","xxxx","11",,,
"Sahil_information_intro_3","The locals here still aren't too fond of us, but our services provide a more comfortable life for everyone in White Ash Harbor.","xxxx","23",,,
"Sahil_information_1","Tell me about this town.","xxxx","5",,,
"Sahil_response_1","White Ash Harbor used to be small fishing and agricultural colony, but slowly grew into a tourist hotspot. ","xxxx","18",,,
"Sahil_information_2","Can you tell me about the locals?","xxxx","7",,,
"Sahil_response_2","For the most part, they aren't very fond of technology. But with all the tourists comin' in, they're slowly getting used to it.","xxxx","23",,,
"Sahil_information_3","Where can I find ingredients?","xxxx","5",,,
"Sahil_response_3","You should head to the docks if you want to buy some ingredients. On the other hand, I heard you could catch some crabs in the caves.","xxxx","27",,,
"Sahil_information_4","Where can I buy some clothes?","xxxx","6",,,
"Sahil_response_4","Talk to Milo by the lower promenade to get fitted for some new clothing.","xxxx","14",,,
,,,"",,,
"218_DURI",,,"",,,
,,,"",,,
"Duri_interaction_1","I love working for LELSH.","xxxx","5",,,
"Duri_interaction_2","Night shifts are the worst.","xxxx","5",,,
"Duri_interaction_3","I wish I were home, enjoying a hot bowl of Kimchi soup.","xxxx","12",,,
"Duri_interaction_4","This town is a nice change from Billboard City.","xxxx","9",,,
"Duri_interaction_5","I think he has a crush on me.","xxxx","8",,,
,,,"",,,
"Duri_interaction_act_1_1","I like standing here. I get to look at the ocean all day.","xxxx","13",,,
"Duri_interaction_act_1_2","Hi I'm Duri. What can I do you for?","xxxx","9",,,
"Duri_interaction_act_1_3","I'm not sure why LELSH needs an office in such a small town.","xxxx","13",,,
"Duri_interaction_act_1_4","This is a LELSH office. Don't ask what we do here.","xxxx","11",,,
"Duri_interaction_act_1_5","One day, I'll join the corporate office in Billboard City!","xxxx","10",,,
,,,"",,,
"Duri_interaction_act_4_1","Sahil keeps propositioning me. Guy can't take a hint.","xxxx","9",,,
"Duri_interaction_act_4_2","We are busier than usual. Oh . . . nevermind . . .","xxxx","13",,,
"Duri_interaction_act_4_3","Yes . . . we are working on some . . . stuff . . . back there.","xxxx","18",,,
"Duri_interaction_act_4_4","LELSH's operations are none of your business.","xxxx","7",,,
"Duri_interaction_act_4_5","Soon, LELSH will make White Ash Harbor great!","xxxx","8",,,
,,,"",,,
"Duri_information_intro_1","You are the new chef right? I wish there was a restaurant here for vegetarians like me.","xxxx","17",,,
"Duri_information_intro_2","Mae-Lou and Nabiha both have a great selection of fresh ingredients. You should visit their shops.","xxxx","16",,,
"Duri_information_intro_3","Welcome to the LELSH Information Center. Please let us know if you have any questions.","xxxx","15",,,
"Duri_information_1","Tell me about this town.","xxxx","5",,,
"Duri_response_1","This town was visited by various lords and monarchs in the past, leading to conflicts to gain control of this port.","xxxx","21",,,
"Duri_information_2","Can you tell me about the locals?","xxxx","7",,,
"Duri_response_2","They are a strange but passionate bunch. They aren't too fond of outsiders, but will treat you like family if you do well by them.","xxxx","25",,,
"Duri_information_3","Where can I find ingredients?","xxxx","5",,,
"Duri_response_3","There are plenty of shops where you can purchase ingredients._You can also forage plenty of fruits and vegetables outside of town.","xxxx","21",,,
"Duri_information_4","Where can I buy some clothes?","xxxx","6",,,
"Duri_response_4","There is a clothing store down by the lower promenade. Bianca at Bits & Pieces sells some accessories. Both of those store owners are a bit strange though . . .","xxxx","31",,,
,,,,,,
,,,,,,
,,,,,,
"219_HENRI",,,,,,
,,,,,,
"Henri_interaction_1","Bonjour, mon ami! Feel free to browse our fine selection.","xxxx","10",,,
"Henri_interaction_2","La Galerie has been passed down my family for generations. ","xxxx","10",,,
"Henri_interaction_3","Did you know that this is the first store in White Ash Harbor?","xxxx","13",,,
"Henri_interaction_4","Please, no food and drinks inside the store!","xxxx","8",,,
"Henri_interaction_5","We just received a shipment of fine, modern pieces last month.","xxxx","11",,,
,,,"",,,
"Henri_interaction_act_1_1","Ah finally, a real customer!","xxxx","5",,,
"Henri_interaction_act_1_2","I'm so glad that you are here friend. Need some chairs?","xxxx","11",,,
"Henri_interaction_act_1_3","A water fountain would look great in your restaurant.","xxxx","9",,,
"Henri_interaction_act_1_4","I'm so glad you are reopening Le Sequoia. So glad!","xxxx","10",,,
"Henri_interaction_act_1_5","Can't have a great restaurant without great furniture!","xxxx","8",,,
,,,"",,,
"Henri_interaction_act_4_1","Two restaurants to decorate? That's fantastic!","xxxx","6",,,
"Henri_interaction_act_4_2","Now that the town is businer, we've received some new stuff.","xxxx","11",,,
"Henri_interaction_act_4_3","Mon ami!","xxxx","2",,,
"Henri_interaction_act_4_4","You should try some new decor for the Teahouse.","xxxx","9",,,
"Henri_interaction_act_4_5","It's good to see more customers these days.","xxxx","8",,,
,,,"",,,
"Henri_shop_default_1","Bonjour. Welcome to La Galerie. We have the finest furniture selection money can buy!","xxxx","14",,,
"Henri_shop_default_2","We used to only sell traditional European designs, but now, we've acquired some elegant modern pieces as well.","xxxx","18",,,
"Henri_shop_default_3","Think about this. What kind of furniture set defines you as a person?","xxxx","13",,,
"Henri_shop_default_4","It's been a struggle competing with IKOA, we've really had to shift our business strategy and search for finer wares to stay afloat.","xxxx","23",,,
"Henri_shop_default_5","Our selection of French table and chair designs would look great in your restaurant!","xxxx","14",,,
"Henri_shop_buy_1","Tres bien!","xxxx","2",,,
"Henri_shop_buy_2","Oui, oui, oui! You have fine taste!","xxxx","7",,,
"Henri_shop_buy_3","Ah, I didn't think you could afford that one!","xxxx","9",,,
"Henri_shop_sell_1","That's a great piece for my collection.","xxxx","7",,,
"Henri_shop_sell_2","Mon ami, that's beautiful!","xxxx","4",,,
"Henri_shop_sell_3","I suppose this one could go in the back . . .","xxxx","12",,,
"Henri_shop_sell_rejected_1","My friend, I cannot take this . . .","xxxx","9",,,
"Henri_shop_sell_rejected_2","Non, non. You cannot sell that here.","xxxx","7",,,
"Henri_shop_sell_rejected_3","I don't want to buy this.","xxxx","6",,,
"Henri_shop_too_poor_1","My friend, you do not have enough credits to purchase that.","xxxx","11",,,
"Henri_shop_too_poor_2","Non, non, non. That's not enough credits.","xxxx","7",,,
"Henri_shop_too_poor_3","I think this one is a bit, how you say, out of your budget?","xxxx","14",,,
,,,"",,,
,,,"",,,
"Henri_information_intro_1","Welcome to our fine establishment. Have any questions?","xxxx","8",,,
"Henri_information_intro_2","Bonjour mon ami! Let me know if you need a recommendation!","xxxx","11",,,
"Henri_information_intro_3","It's a lovely day for shopping, isn't it?","xxxx","8",,,
"Henri_information_1","Recommendations?","xxxx","1",,,
"Henri_response_1","Tables and chairs of course! Also, make sure to buy the appliances required to cook your recipes.","xxxx","17",,,
"Henri_information_2","Should I purchase decorations?","xxxx","4",,,
"Henri_response_2","Of course! Decorations will improve the atmosphere of your restaurant, which will enhance guests' experience.","xxxx","15",,,
"Henri_information_3","What should I buy for my home?","xxxx","7",,,
"Henri_response_3","A bed and a shower are very important! Other than that, purchase anything you'd like to make your home cosier.","xxxx","20",,,
"Henri_information_4","What styles do you sell? ","xxxx","5",,,
"Henri_response_4","We possess a great selection of classic designs, and a few modern pieces as well.","xxxx","15",,,
,,,,,,
,,,,,,
"220_ASHER",,,,,,
,,,,,,
"Asher_interaction_1","Hey there, kiddo! Are you excited to ride the train?","xxxx","10",,,
"Asher_interaction_2","Today's weather forecast predicts a smooth ride.","xxxx","7",,,
"Asher_interaction_3","Let's make this train ride one to remember!","xxxx","8",,,
"Asher_interaction_4","Talk to Ema at Saloon 9 for refreshments.","xxxx","8",,,
"Asher_interaction_5","Wow! Check out that amazing view!","xxxx","6",,,
,,,"",,,
"Asher_interaction_act_1_1","Soon, I will be home to my model railroad set!","xxxx","10",,,
"Asher_interaction_act_1_2","White Ash Harbor still uses pay phones. Pay phones!","xxxx","9",,,
"Asher_interaction_act_1_3","Choo-choo! Oh, I'm sorry, can I help you?","xxxx","8",,,
"Asher_interaction_act_1_4","This train used to be so busy . . .","xxxx","10",,,
"Asher_interaction_act_1_5","Back in the day, I even saw celebrities on this train!","xxxx","11",,,
,,,"",,,
"Asher_interaction_act_4_1","They are talking about upgrading this train.","xxxx","7",,,
"Asher_interaction_act_4_2","Ah yes, you are that chef. Pleased to meet you.","xxxx","10",,,
"Asher_interaction_act_4_3","I saw you in the news! I'm Asher by the way.","xxxx","11",,,
"Asher_interaction_act_4_4","Away we go. Again and again.","xxxx","6",,,
"Asher_interaction_act_4_5","It's good to see so many travellers again.","xxxx","8",,,
,,,,,,
"220_ASHER_CUTSCENES",,"xxxx",,,,
,,,,,,
"Asher_cutscene_chatbubble_1002_1","Attention passengers, this is your conductor speaking!","xxxx","7",,,
"Asher_cutscene_chatbubble_1002_2","We will be arriving in White Ash Harbor shortly.","xxxx","9",,,
"Asher_cutscene_chatbubble_1002_3","Please gather your belongings and prepare to disembark the train!","xxxx","10",,,
,,,,,,
,,,,,,
"221_ELIZA",,,,,,
,,,,,,
"Eliza_interaction_1","Have you met my husband Henri? He sells furniture.","xxxx","9",,,
"Eliza_interaction_2","I wish the mayor would pay me a bit more.","xxxx","10",,,
"Eliza_interaction_3","Prisca is such a hard worker. That girl is going places . . .","xxxx","14",,,
"Eliza_interaction_4","I've been the librarian for thirty years. I've enjoyed every second.","xxxx","11",,,
"Eliza_interaction_5","Now, where did I put that book . . .","xxxx","10",,,
,,,"",,,
"Eliza_interaction_act_1_1","There are very few kids here. But they still need a teacher.","xxxx","12",,,
"Eliza_interaction_act_1_2","There used to be more kids here. Their parents moved away.","xxxx","11",,,
"Eliza_interaction_act_1_3","I constantly have to stop the kids from running into the forest.","xxxx","12",,,
"Eliza_interaction_act_1_4","The abandoned bathhouse scares the kids.","xxxx","6",,,
"Eliza_interaction_act_1_5","It's sad to see one of my students leave White Ash Harbor.","xxxx","12",,,
,,,"",,,
"Eliza_interaction_act_4_1","More tourists! More ideas! How exciting!","xxxx","6",,,
"Eliza_interaction_act_4_2","The kids are all worked up by the bathhouse.","xxxx","9",,,
"Eliza_interaction_act_4_3","My students are all hyper from seeing the tourists.","xxxx","9",,,
"Eliza_interaction_act_4_4","I would love to visit the Teahouse sometime.","xxxx","8",,,
"Eliza_interaction_act_4_5","I might try the bathhouse myself. It is seems exciting.","xxxx","10",,,
,,,"",,,
"Eliza_information_intro_1","Hello young one. Welcome to the town library. What are you looking for?","xxxx","13",,,
"Eliza_information_intro_2","I am Eliza, the local librarian. Let me know if I can help you with anything.","xxxx","16",,,
"Eliza_information_intro_3","Oh my . . . Now where did I put that copy of 1001 Knitting Patterns?","xxxx","16",,,
"Eliza_information_1","What is this place?","xxxx","4",,,
"Eliza_response_1","Well honey, this is the library of White Ash Harbor. It's a humble little place, but we still have some great books.","xxxx","22",,,
"Eliza_information_2","Can I find cookbooks here?","xxxx","5",,,
"Eliza_response_2","We receive new books everyday. You might find some cookbooks from time to time.","xxxx","14",,,
"Eliza_information_3","What do you do here?","xxxx","5",,,
"Eliza_response_3","As the librarian, I manage our book exchange and new book deliveries. I also put books back into their shelves.","xxxx","20",,,
"Eliza_information_4","How are you doing today?","xxxx","5",,,
"Eliza_response_4","Oh, could be better. Some rowdy kids seem to have made off with some books. But thanks for asking.","xxxx","19",,,
,,,,,,
"223_HENRIETTA",,,,,,
,,,,,,
"Henrietta_interaction_1","They're cute, aren't they?","xxxx","4",,,
"Henrietta_interaction_2","White Ash Harbor is becoming busier these days.","xxxx","8",,,
"Henrietta_interaction_3","We breed our pets ourselves.","xxxx","5",,,
"Henrietta_interaction_4","So, are you a dog person or a cat person?","xxxx","10",,,
"Henrietta_interaction_5","Woof.","xxxx","1",,,
,,,"",,,
"Henrietta_interaction_act_1_1","I love the ambience of Hotel Rose.","xxxx","7",,,
"Henrietta_interaction_act_1_2","Animals have been my passion, since I was a little girl.","xxxx","11",,,
"Henrietta_interaction_act_1_3","I want to spread the joy of animals.","xxxx","8",,,
"Henrietta_interaction_act_1_4","I don't like the city. This quiet seaside town suits me better.","xxxx","12",,,
"Henrietta_interaction_act_1_5","We just opened, but things are looking hopeful.","xxxx","8",,,
,,,,,,
"Henrietta_interaction_act_4_1","Things are really looking up since I've gotten here. Thank you.","xxxx","11",,,
"Henrietta_interaction_act_4_2","Anxious? Stressed? A pet will solve all your needs!","xxxx","9",,,
"Henrietta_interaction_act_4_3","Hey again. Le Sequoia is a treat. It really is.","xxxx","10",,,
"Henrietta_interaction_act_4_4","Do you make frozen desserts in your restaurants? I love ice cream.","xxxx","12",,,
"Henrietta_interaction_act_4_5","The folks here are really growing on me.","xxxx","8",,,
,,,,,,
"Henrietta_shop_default_1","Welcome to Bark & Meow!","xxxx","5",,,
"Henrietta_shop_default_2","We sell food for cats & dogs here.","xxxx","8",,,
"Henrietta_shop_default_3","Hi! We just opened. Thank you for your patronage.","xxxx","9",,,
"Henrietta_shop_default_4","We sell high quality products here. Your pet deserves the best!","xxxx","11",,,
"Henrietta_shop_default_5","Woof . . . Uh . . . I mean, how do you do today?","xxxx","15",,,
"Henrietta_shop_buy_1","Remember, don't eat this yourself!","xxxx","5",,,
"Henrietta_shop_buy_2","This one is great. Just really great.","xxxx","7",,,
"Henrietta_shop_buy_3","Your pet will love this.","xxxx","5",,,
"Henrietta_shop_sell_1","Interesting . . . ","xxxx","4",,,
"Henrietta_shop_sell_2","I guess I can take this.","xxxx","6",,,
"Henrietta_shop_sell_3","Great! I can use this.","xxxx","5",,,
"Henrietta_shop_sell_rejected_1","Um . . . this is a pet shop . . .","xxxx","12",,,
"Henrietta_shop_sell_rejected_2","Sorry. We don't sell that here.","xxxx","6",,,
"Henrietta_shop_sell_rejected_3","This is not a pet-related item.","xxxx","6",,,
"Henrietta_shop_too_poor_1","This is too expensive for you.","xxxx","6",,,
"Henrietta_shop_too_poor_2","This is a pet store, not a charity.","xxxx","8",,,
"Henrietta_shop_too_poor_3","Sorry, you will need more credits.","xxxx","6",,,
,,,,,,
"Henrietta_purchased_pet_1","Congratulations on your new pet!","xxxx","5",,,
"Henrietta_purchased_pet_2","Awwww. It's hard to say goodbye.","xxxx","6",,,
"Henrietta_purchased_pet_3","Your new pet will be delivered to your home.","xxxx","9",,,
,,,,,,
,,,,,,
"224_ANTONIO_BARBER",,,,,,
,,,,,,
"Antonio_interaction_1","Welcome to Rose Salon! Lemme know if you need a trim.","xxxx","11",,,
"Antonio_interaction_2","The names Antonio. I'm Hotel Rose's official stylist.","xxxx","8",,,
"Antonio_interaction_3","Need a haircut?","xxxx","3",,,
"Antonio_interaction_4","Your do would look great with some dye.","xxxx","8",,,
"Antonio_interaction_5","Need some styling done? We got em all!","xxxx","8",,,
,,,,,,
"Antonio_interaction_act_1_1","Eh, I came over from TimberTown. Been kinda dead over there.","xxxx","11",,,
"Antonio_interaction_act_1_2","The town is quiet . . . Just the way I like it.","xxxx","13",,,
"Antonio_interaction_act_1_3","Been dreamin of retiring in a place like this.","xxxx","9",,,
"Antonio_interaction_act_1_4","The seagulls keep stealing the hair gel!","xxxx","7",,,
"Antonio_interaction_act_1_5","That boy Aloys has quite the fashion sense, if I do say so myself.","xxxx","14",,,
,,,,,,
"Antonio_interaction_act_4_1","Town's comin alive, and business is pickin up.","xxxx","8",,,
"Antonio_interaction_act_4_2","An esteemed chef such as your self could benefit from a makeover.","xxxx","12",,,
"Antonio_interaction_act_4_3","The hotel is lookin livelier . . . thanks to your contributions.","xxxx","12",,,
"Antonio_interaction_act_4_4","Have you seen my scissors? Kids always take them.","xxxx","9",,,
"Antonio_interaction_act_4_5","I love the smell of hairspray in the morning. You get me?","xxxx","12",,,
,,,,,,
"Antonio_haircut_1","Beautiful. Just beautiful.","xxxx","3",,,
"Antonio_haircut_2","Voila! ","xxxx","1",,,
"Antonio_haircut_3","That is breathtaking, I must say!","xxxx","6",,,
"Antonio_haircut_4","A new you has arrived. Now go out there and show the world!","xxxx","13",,,
"Antonio_haircut_5","The new look will knock em dead!","xxxx","7",,,
,,,,,,
"Antonio_too_poor_1","Hey! It's a salon, not a charity.","xxxx","7",,,
"Antonio_too_poor_2","Please bring more credits please.","xxxx","5",,,
"Antonio_too_poor_3","It looks like you ain't got enough credits on ya there.","xxxx","11",,,
,,,,,,
,,,,,,
"225_POPPY_SALESWOMAN",,,,,,
,,,,,,
"Poppy_interaction_1","Have a PomPom Day!","xxxx","4",,,
"Poppy_interaction_2","Have you met Pomkin?","xxxx","4",,,
"Poppy_interaction_3","Yes yes, we are twins. She is Penny, and I'm Poppy.","xxxx","11",,,
"Poppy_interaction_4","Welcome to PomPom Parlour! The cutest furniture store in the nation!","xxxx","11",,,
"Poppy_interaction_5","This is PomPom Studio's eleventh store!","xxxx","6",,,
,,,,,,
"Poppy_interaction_act_1_1","My sister Penny and I are celebrities in the furniture industry!","xxxx","11",,,
"Poppy_interaction_act_1_2","May I recommend, the Pomkin Couch? It's sooooo soft.","xxxx","9",,,
"Poppy_interaction_act_1_3","Your restaruant will become the cutest in the country.","xxxx","9",,,
"Poppy_interaction_act_1_4","Ughhhh . . . They didn't tell me there was no cupcake shop here . . .","xxxx","17",,,
"Poppy_interaction_act_1_5","White Ash Harbor is a strange little town . . .","xxxx","11",,,
,,,,,,
"Poppy_interaction_act_4_1","You know, we might stay in town a bit longer.","xxxx","10",,,
"Poppy_interaction_act_4_2","My twin and I are quite famous in the city!","xxxx","10",,,
"Poppy_interaction_act_4_3","Are you here to proposition me? You've got competition.","xxxx","9",,,
"Poppy_interaction_act_4_4","My twin sister has an amazing fashion sense. Don't you agree?","xxxx","11",,,
"Poppy_interaction_act_4_5","A critic? Oh my gosh, he sounds sooo mean! How scary!","xxxx","11",,,
,,,,,,
"Poppy_too_poor_1","Cute doesn't come cheap. Now you know.","xxxx","7",,,
"Poppy_too_poor_2","Sorry, it looks like you are broke now.","xxxx","8",,,
"Poppy_too_poor_3","No no no, more CREDITS! CREDITS! MORE!","xxxx","7",,,
,,,,,,
"226_PENNY_SALESWOMAN",,,,,,
,,,,,,
"Penny_interaction_1","Hello and PomPom! I'm Penny, and she is Poppy.","xxxx","9",,,
"Penny_interaction_2","Pomkin is very cute, isn't he?","xxxx","6",,,
"Penny_interaction_3","Hello. Looking for some cute furnishings?","xxxx","6",,,
"Penny_interaction_4","Have you met my twin sister Penny?","xxxx","7",,,
"Penny_interaction_5","My twin sister is sooo pretty. Don't you agree?","xxxx","9",,,
,,,,,,
"Penny_interaction_act_1_1","Does that fishy smell always linger around?","xxxx","7",,,
"Penny_interaction_act_1_2","I was attacked by a seagull today! Someone should shoot them down!","xxxx","12",,,
"Penny_interaction_act_1_3","The Pomkin TV series is about to begin. Will you be watching?","xxxx","12",,,
"Penny_interaction_act_1_4","A restaurant owner huh? That's quite impressive.","xxxx","7",,,
"Penny_interaction_act_1_5","That blue-haried girl next door give me a mean look. What's up with her?","xxxx","14",,,
,,,,,,
"Penny_interaction_act_4_1","That bathhouse is wonderful! No wonder there are so many vistors.","xxxx","11",,,
"Penny_interaction_act_4_2","The bathhouse owner is amazing. Kinda scary . . . but wow, that dress!","xxxx","14",,,
"Penny_interaction_act_4_3","PomPom studios has over a million followers on Glimmer!","xxxx","9",,,
"Penny_interaction_act_4_4","Hey . . . I saw you in the paper! Yes, I follow all food-related news.","xxxx","16",,,
"Penny_interaction_act_4_5","PomPom Studios started out as a fashion shop called PomPom Scarves.","xxxx","11",,,
,,,,,,
"Penny_too_poor_1","Uhhh sis? This one doesn't have enough Credits. What do I do?","xxxx","12",,,
"Penny_too_poor_2","Ummmmm . . . Maybe bring more Credits next time?","xxxx","10",,,
"Penny_too_poor_3","How do I say this . . . ehhhh . . you cannot afford this.","xxxx","15",,,
,,,,,,
,,,,,,
"301_BONNIE",,,,,,
,,,,,,
"Bonnie_interaction_1","Hi! I'm Bonnie! Pleased to meet you.","xxxx","7",,,
"Bonnie_interaction_2","Mom sells drinks at her bar. Have you met her?","xxxx","10",,,
"Bonnie_interaction_3","Simon is the worst. He stole my favorite scarf.","xxxx","9",,,
"Bonnie_interaction_4","Hello. Do you like to play video games too?","xxxx","9",,,
"Bonnie_interaction_5","Wow! Being a chef sounds so cool!","xxxx","7",,,
,,,,,,
"302_LISA",,,,,,
,,,,,,
"Lisa_interaction_1","I want to be the mayor when I grow up!","xxxx","10",,,
"Lisa_interaction_2","Have you read the Scarlight series? You really should!","xxxx","9",,,
"Lisa_interaction_3","Don't tell my sisters, but I actually like to go to school.","xxxx","12",,,
"Lisa_interaction_4","Being a chef is like being a scientist. They both mix things!","xxxx","12",,,
"Lisa_interaction_5","I study hard so I can be productive citizen one day!","xxxx","11",,,
,,,,,,
"303_SOPHIA",,,,,,
,,,,,,
"Sophia_interaction_1","Mom won't buy me makeup . . .","xxxx","8",,,
"Sophia_interaction_2","Hi there. Can you help me take a nice photo?","xxxx","10",,,
"Sophia_interaction_3","Why do we have to go to school? It's so lame.","xxxx","11",,,
"Sophia_interaction_4","I wish we lived in the city. Boys there are waaaay cooler.","xxxx","12",,,
"Sophia_interaction_5","Ughhh . . . What do you want? Whatever . . .","xxxx","12",,,
,,,,,,
"304_ALAIN",,,,,,
,,,,,,
"Alain_interaction_1","I want to grow up big and strong like dad!","xxxx","10",,,
"Alain_interaction_2","What? Do you want to fight? I've been training man.","xxxx","10",,,
"Alain_interaction_3","Dad has been teaching me Judo. It's really hard work.","xxxx","10",,,
"Alain_interaction_4","Our family hangs out by the bar every weekend.","xxxx","9",,,
"Alain_interaction_5","You're a chef? Can you make me a protein shake?","xxxx","10",,,
,,,,,,
"305_SIMON",,,,,,
,,,,,,
"Simon_interaction_1","I'm Simon. Who are you again?","xxxx","6",,,
"Simon_interaction_2","You like heavy metal? No? Lame.","xxxx","6",,,
"Simon_interaction_3","Valentina is cool. She likes horror movies too.","xxxx","8",,,
"Simon_interaction_4","Valentina took care of me when I got sick. Isn't she cool?","xxxx","12",,,
"Simon_interaction_5","To be honest, I feel like a black sheep in my family.","xxxx","12",,,
,,,,,,
"306_LOUIS",,,,,,
,,,,,,
"Louis_interaction_1","Dad says you are the new chef. Can you make pizza?","xxxx","11",,,
"Louis_interaction_2","I really enjoy the smell of freshly cut grass.","xxxx","9",,,
"Louis_interaction_3","I love flying kites with Lisa. My brothers are jerks.","xxxx","10",,,
"Louis_interaction_4","Honestly, I'm impartial towards physical activity.","xxxx","6",,,
"Louis_interaction_5","Have you read the full encyclopedia on wild boars? I have.","xxxx","11",,,
,,,,,,
"307_AMINATA",,,,,,
,,,,,,
"Aminata_interaction_1","Dad works at Circuit Lodge. Have you been there?","xxxx","9",,,
"Aminata_interaction_2","I can't wait to go to Wonderland again!","xxxx","8",,,
"Aminata_interaction_3","Hi. Have you seen my teddy? Why not?!","xxxx","8",,,
"Aminata_interaction_4","Hi there. I'm Aminata. Remember my name.","xxxx","7",,,
"Aminata_interaction_5","Adelaide is really stressing me out. She cries all the time.","xxxx","11",,,
,,,,,,
"308_ADELAIDE",,,,,,
,,,,,,
"Adelaide_interaction_1","Hello. I'm . . . I'm Adelaide . . .","xxxx","10",,,
"Adelaide_interaction_2","Daddy does crafts with us every week. It's so fun!","xxxx","10",,,
"Adelaide_interaction_3","Do you know where daddy is?","xxxx","6",,,
"Adelaide_interaction_4","Do you  like origami? I love making cranes.","xxxx","8",,,
"Adelaide_interaction_5","I've spent all of my allowance on bubble tea.","xxxx","9",,,
,,,,,,
"309_OLIVER",,,,,,
,,,,,,
"Oliver_interaction_1","Have you met my dad? He sells all kinds of furniture!","xxxx","11",,,
"Oliver_interaction_2","Halt! I shall strike you down with my holy sword!","xxxx","10",,,
"Oliver_interaction_3","Just you wait . . . I shall defeat the dragon soon.","xxxx","12",,,
"Oliver_interaction_4","Have you watched Kingdom of Thrones?","xxxx","6",,,
"Oliver_interaction_5","My mom is also my teacher. The other kids make fun of me.","xxxx","13",,,
,,,,,,
,,,,,,
"401_TRAIN OLD MAN",,,,,,
,,,,,,
"TrainOldMan_interaction_1","Do you know where I am?","xxxx","6",,,
"TrainOldMan_interaction_2","I heard there are great drinks at Bea's Bar.","xxxx","9",,,
"TrainOldMan_interaction_3","Please, can you get me a drink?","xxxx","7",,,
"TrainOldMan_interaction_4","My grandson is a strapping young man.","xxxx","7",,,
"TrainOldMan_interaction_5","Where . . . where am I? Who are you?","xxxx","10",,,
,,,,,,
"402_TRAIN YOUNG MAN",,,,,,
,,,,,,
"TrainYoungMan_interaction_1","I'm taking gramps to visit White Ash Harbor.","xxxx","8",,,
"TrainYoungMan_interaction_2","I have to make sure gramps doesn't get lost.","xxxx","9",,,
"TrainYoungMan_interaction_3","White Ash Harbor is kinda lame. Even the bathhouse closed.","xxxx","10",,,
"TrainYoungMan_interaction_4","Gramps keeps going on and on about this girl named Bea.","xxxx","11",,,
"TrainYoungMan_interaction_5","I've been to White Ash Harbor a few times. It's not so great.","xxxx","13",,,
,,,,,,
"424_ACADEMY INSTRUCTOR",,,,,,
,,,,,,
"AcademyInstructor1_interaction_1","Have you made up your mind (playername)?","xxxx","7",,,
"AcademyInstructor1_interaction_2","The graduation cookoff is starting soon.","xxxx","6",,,
"AcademyInstructor1_interaction_3","Ah . . . another year goes by.","xxxx","8",,,
"AcademyInstructor1_interaction_4","You guys will be professional chefs soon.","xxxx","7",,,
"AcademyInstructor1_interaction_5","I still remember my graduation . . . I miss those days.","xxxx","12",,,
,,,,,,
"TASK DIALOGUES",,,,,,
,,,,,,
"task_complete_1","Appreciate your help!","xxxx","3",,,
"task_complete_2","Ah, thank you.","xxxx","3",,,
"task_complete_3","Thanks! I will remember that.","xxxx","5",,,
"task_complete_4","Ah, hope it wasn't too difficult.","xxxx","6",,,
"task_complete_5","Thank you, friend.","xxxx","3",,,
"task_complete_6","Your efforts mean a lot.","xxxx","5",,,
"task_complete_7","This means a lot. Thank you.","xxxx","6",,,
"task_complete_8","Fantastic stuff. Glad you could help.","xxxx","6",,,
,,,,,,
"RESTAURANT CUSTOMERS",,,,,,
,,,,,,
"customer_arrival_LeSequoia_1","This place smells amazing! I can't wait to eat.",,,,,
"customer_arrival_LeSequoia_2","Nothing like a meal at Le Sequoia to cheer me up!",,,,,
"customer_arrival_LeSequoia_3","Man, I've had a long day . . .",,,,,
"customer_arrival_LeSequoia_4","Really craving the (dishName)!",,,,,
"customer_arrival_LeSequoia_5","My friends say the food here is awesome. I hope they are right.",,,,,
"customer_arrival_LeSequoia_6","The staff here is always so friendly.",,,,,
"customer_arrival_LeSequoia_7","I come here at least once a week.",,,,,
"customer_arrival_LeSequoia_8","So . . . hungry . . .",,,,,
"customer_arrival_LeSequoia_9","Billboard City doesn't have restaurants like Le Sequoia!",,,,,
"customer_arrival_LeSequoia_10","I hope this place lives up to the hype.",,,,,
,,,,,,
"customer_arrival_Teahouse_1","The drinks here are always so fresh and tasty!",,,,,
"customer_arrival_Teahouse_2","Can't beat the vibe at this place. So relaxing.",,,,,
"customer_arrival_Teahouse_3","I like the chef. They're my kind of person.",,,,,
"customer_arrival_Teahouse_4","Do you smell that? So nice!",,,,,
"customer_arrival_Teahouse_5","So glad White Ash Harbor has a teahouse again!",,,,,
"customer_arrival_Teahouse_6","I think I'm addicted to (dishName) . . .",,,,,
"customer_arrival_Teahouse_7","The view from here is spectacular. I come here as much as possible.",,,,,
"customer_arrival_Teahouse_8","The Teahouse has so much to offer when it comes to good food!",,,,,
"customer_arrival_Teahouse_9","Did that chef just wink at me? Oh, my . . .",,,,,
"customer_arrival_Teahouse_10","My day isn't complete if I don't visit Peony Teahouse.",,,,,
,,,,,,
,,,,,,
"customer_slowservice_1","Where is my (dishName)?","xxxx","4",,,
"customer_slowservice_2","Could the service be any slower? I've been waiting for (waitTime) minutes!","xxxx","12",,,
"customer_slowservice_3","Huh. The food better be good. This sure is a long wait . . .","xxxx","15",,,
"customer_slowservice_4","Hello waiter! I've been waiting forever for my order!","xxxx","9",,,
"customer_slowservice_5","Ughh. It's been (waitTime) minutes! I wonder what's going on?","xxxx","10",,,
,,,,,,
"customer_unsatisfied_1","What terrible service.","xxxx","3",,,
"customer_unsatisfied_2","I've had better meals.","xxxx","4",,,
"customer_unsatisfied_3","Don't think I'll be coming back.","xxxx","6",,,
"customer_unsatisfied_4","The food was no good and neither was the service.","xxxx","10",,,
"customer_unsatisfied_5","This place needs some major improvements if it wants to survive.","xxxx","11",,,
,,,,,,
"customer_satisfied_1","What great service!","xxxx","3",,,
"customer_satisfied_2","I love this restaurant! I'll definitely come back!","xxxx","8",,,
"customer_satisfied_3","That was delicious!","xxxx","3",,,
"customer_satisfied_4","What a fantastic restaurant. I'll be taking my friends here for sure!","xxxx","12",,,
"customer_satisfied_5","Delicious food and great service!","xxxx","5",,,
,,,,,,
"customer_satisfied_slow_1","The food was great, but service was a bit slow.","xxxx","10",,,
"customer_satisfied_slow_2","That was a long wait for the food, but it was worth it.","xxxx","13",,,
"customer_satisfied_slow_3","That was tasty, but now I'm late.","xxxx","7",,,
"customer_satisfied_slow_4","Long wait, but tasty.","xxxx","4",,,
"customer_satisfied_slow_5","The service wasn't great. Thank goodness the food is good.","xxxx","10",,,
,,,,,,
"customer_unsatisfied_fast_1","The service is great, but the food is pretty bland.","xxxx","10",,,
"customer_unsatisfied_fast_2","Not bad, but the food could have been tastier.","xxxx","9",,,
"customer_unsatisfied_fast_3","The food arrived very fast, but it could have tasted better.","xxxx","11",,,
"customer_unsatisfied_fast_4","The food was just meh. Quick service though.","xxxx","8",,,
"customer_unsatisfied_fast_5","The waiters carried this restaurant.","xxxx","5",,,
,,,,,,
"customer_eatinghappy_1","This really hits the spot!","xxxx","5",,,
"customer_eatinghappy_2","This (dishName) is really tasty!","xxxx","5",,,
"customer_eatinghappy_3","Delicious!","xxxx","1",,,
"customer_eatinghappy_4","Wow, the flavours are great!","xxxx","5",,,
"customer_eatinghappy_5","This is surprisingly tasty.","xxxx","4",,,
,,,,,,
"customer_eatingunhappy_1","This food is lame!","xxxx","4",,,
"customer_eatingunhappy_2","It doesn't taste very good . . .","xxxx","8",,,
"customer_eatingunhappy_3","What a disappointment.","xxxx","3",,,
"customer_eatingunhappy_4","Well, this food sure is a letdown.","xxxx","7",,,
"customer_eatingunhappy_5","I do not like this taste . . .","xxxx","9",,,
,,,"",,,
"customer_random_1","What interesting decor!","xxxx","3",,,
"customer_random_2","I wonder if the food here is good.","xxxx","8",,,
"customer_random_3","This place smells amazing!","xxxx","4",,,
"customer_random_4","Mhmmmhm.","xxxx","1",,,
"customer_random_5","I'm hungry.","xxxx","2",,,
"customer_random_6","I heard this place is great.","xxxx","6",,,
"customer_random_7","I hope they have ice cream here.","xxxx","7",,,
"customer_random_8","The atmosphere is very peculiar.","xxxx","5",,,
"customer_random_9","Hunger is a natural state of being.","xxxx","7",,,
"customer_random_10","The chefs look like they have a fighting spirit.","xxxx","9",,,
,,,"",,,
"customer_random_interact_1","Hi, are you the chef?","xxxx","5",,,
"customer_random_interact_2","When will the food get here?","xxxx","6",,,
"customer_random_interact_3","Is this restaurant any good?","xxxx","5",,,
"customer_random_interact_4","You must be the chef. It's a pleasure.","xxxx","8",,,
"customer_random_interact_5","Hmmmm.","xxxx","1",,,
"customer_random_interact_6","Oui chef! Tres bien.","xxxx","4",,,
"customer_random_interact_7","That's a sharp knife you got there.","xxxx","7",,,
"customer_random_interact_8","I can't wait to try out the food!","xxxx","8",,,
"customer_random_interact_9","Hi chef. I hope you do not disappoint. ","xxxx","8",,,
"customer_random_interact_10","Shouldn't you be cooking something?","xxxx","5",,,
,,,"",,,
"customer_earlyleave_1","That's it, I cannot wait any longer.","xxxx","7",,,
"customer_earlyleave_2","The service here is way too slow. I'm leaving.","xxxx","9",,,
"customer_earlyleave_3","Still no food. I won't be coming back here.","xxxx","9",,,
"customer_earlyleave_4","Ah that's it! I've been waiting for so long. Time to go.","xxxx","12",,,
"customer_earlyleave_5","If I stay here any longer, I will starve to death.","xxxx","11",,,
"customer_earlyleave_6","Time to go.","xxxx","3",,,
"customer_earlyleave_7","I don't think I'm getting my food today.","xxxx","8",,,
"customer_earlyleave_8","I'm just going to go order pizza.","xxxx","7",,,
"customer_earlyleave_9","My stomach is empty. And my mood is ruined.","xxxx","9",,,
"customer_earlyleave_10","I think this restaurant needs to hire more staff.","xxxx","9",,,
,,,"",,,
"customer_forceleave_1","What? I Haven't finished eating yet!","xxxx","6",,,
"customer_forceleave_2","We have to go? Now?","xxxx","5",,,
"customer_forceleave_3","But I'm still hungry . . .","xxxx","7",,,
"customer_forceleave_4","This is very unexpected . . .","xxxx","7",,,
"customer_forceleave_5","I haven't finished eating yet. I don't like this place.","xxxx","10",,,
"customer_forceleave_6","I can't believe this! I'm outraged!","xxxx","6",,,
"customer_forceleave_7","Fine. I was leaving anyways.","xxxx","5",,,
"customer_forceleave_8","Well this is very rude . . .","xxxx","8",,,
"customer_forceleave_9","Can I finish eating first?","xxxx","5",,,
"customer_forceleave_10","How can you kick out your customers? Whyyyyy?","xxxx","8",,,
,,,"",,,
"customer_noFood_1","How can a restaurant not have food?","xxxx","7",,,
"customer_noFood_2","I can't believe there is no more food left!","xxxx","9",,,
"customer_noFood_3","Well . . . This is disappointing.","xxxx","7",,,
"customer_noFood_4","No more food? This is madness!","xxxx","6",,,
"customer_noFood_5","No food left? But I'm so hungry . . .","xxxx","10",,,
,,,"",,,
"critic_noFood_1","No more food? I will come back another time.","xxxx","9",,,
"critic_noFood_2","Well this is largely disappointing. I will come back.","xxxx","9",,,
"critic_noFood_3","The chef will do well to provide more food next time.","xxxx","11",,,
"critic_noFood_4","This review is not off to a great start. I will be back.","xxxx","13",,,
"critic_noFood_5","This is a large setback. I will have to come back.","xxxx","11",,,
,,,"",,,
"customer_impatient_1","How long am I supposed to wait for food?","xxxx","9",,,
"customer_impatient_2","Hello! I'm very hungry here!","xxxx","5",,,
"customer_impatient_3","Where is the food that I ordered?","xxxx","7",,,
"customer_impatient_4","Man, the service here is slow . . .","xxxx","9",,,
"customer_impatient_5","I wonder when I can eat some food . . .","xxxx","11",,,
"customer_impatient_6","Where is the service today?","xxxx","5",,,
"customer_impatient_7","Did they forget about my food?","xxxx","6",,,
"customer_impatient_8","I have been waiting for ages!","xxxx","6",,,
"customer_impatient_9","WHERE IS MY FOOD!!","xxxx","4",,,
"customer_impatient_10","I am hungry. I am sad.","xxxx","6",,,
,,,"",,,
"customer_impatientResponse_1","Uh huh.","xxxx","2",,,
"customer_impatientResponse_2","I'll wait a little bit longer.","xxxx","6",,,
"customer_impatientResponse_3","Thank you.","xxxx","2",,,
"customer_impatientResponse_4","It's ok, I can wait a little more.","xxxx","8",,,
"customer_impatientResponse_5","Ah I see. Thank you.","xxxx","5",,,
"customer_impatientResponse_6","Ok.","xxxx","1",,,
"customer_impatientResponse_7","Fine, I can wait a bit more.","xxxx","7",,,
"customer_impatientResponse_8","It's ok, I understand.","xxxx","4",,,
"customer_impatientResponse_9","As long as he food is delicious.","xxxx","7",,,
"customer_impatientResponse_10","The food better be good!","xxxx","5",,,
,,,"",,,
,,,"",,,
"RESTAURANT CUSTOMER EVENT DIALOGUES",,,"",,,
,,,"",,,
"customer_event_arrival_1","Hey there!","xxxx","2",,,
"customer_event_arrival_2","I'm so excited!","xxxx","3",,,
"customer_event_arrival_3","I wonder what we will eat today?","xxxx","7",,,
"customer_event_arrival_4","This party makes me nervous.","xxxx","5",,,
"customer_event_arrival_5","I can't wait for the main event!","xxxx","7",,,
"customer_event_arrival_6","The decor here is very interesting . . .","xxxx","9",,,
"customer_event_arrival_7","I heard the food here is great.","xxxx","7",,,
"customer_event_arrival_8","I can't wait!","xxxx","3",,,
"customer_event_arrival_9","I've been looking forward to this.","xxxx","6",,,
"customer_event_arrival_10","I wonder if the grub will be good.","xxxx","8",,,
,,,"",,,
"customer_event_SecretParty_1","Did you get (npc)'s memo?","xxxx","5",,,
"customer_event_SecretParty_2","I love exclusive parties.","xxxx","4",,,
"customer_event_SecretParty_3","I'm so glad we didn't invite Steve.","xxxx","7",,,
"customer_event_SecretParty_4","Ughhh. Why did (npc) invite this person again?","xxxx","8",,,
"customer_event_SecretParty_5","Would you like to join my secret society?","xxxx","8",,,
"customer_event_SecretParty_6","I kinda miss Steve.","xxxx","4",,,
"customer_event_SecretParty_7","I'm so glad (npc) invited me this time!","xxxx","8",,,
"customer_event_SecretParty_8","Psssst. Hey. Wanna hear a secret?","xxxx","6",,,
"customer_event_SecretParty_9","Don't worry. I would never spill any secrets.","xxxx","8",,,
"customer_event_SecretParty_10","Hey! I'm not the one who brought Steve.","xxxx","8",,,
,,,"",,,
"host_event_SecretParty_1","Thank you all for coming to my secret party._I'm so happy to see all of you again._Just please remember to keep these meetings to yourselves._We don't want another situation like with Steve._Now, enjoy the food!","xxxx","35",,,
"host_event_SecretParty_1_response","Thanks for inviting us!_I love secret parties._It's all Steve's fault._I really don't like Steve._Yay! I'm starving.","xxxx","16",,,
"host_event_SecretParty_2","Hi Everyone! I'm so glad we could sneak in here._Big thanks to (playername) for making this happen._Remember, secrets make you unique._Be secretive. It is the best path for life._Now, go enjoy the delicious meal!","xxxx","34",,,
"host_event_SecretParty_2_response","It was very tricky._Thanks (playername)!_Makes sense._Is this really true?_Finally! What I came for.","xxxx","13",,,
,,,"",,,
"host_event_SecretParty_End","Thank you for coming to my secret party!_Please remember to keep quiet about these events._That includes your spouses._We all remember what happened with Steve._See you all next time!","xxxx","28",,,
"host_event_SecretParty_End_response","Can I bring my friend next time?_Can I tell my wife?_Oh . . ._I hate it when someone ruins something good._See you (npc)!","xxxx","23",,,
,,,"",,,
"customer_event_CelebrityFanClub_1","I love BKB 49 so much!","xxxx","6",,,
"customer_event_CelebrityFanClub_2","Did you see Yang's latest dance?","xxxx","6",,,
"customer_event_CelebrityFanClub_3","I saw Kelpsy last Friday in a supermarket!","xxxx","8",,,
"customer_event_CelebrityFanClub_4","BKB 49 is seriously cool.","xxxx","5",,,
"customer_event_CelebrityFanClub_5","No no no. Benny is the best member.","xxxx","8",,,
"customer_event_CelebrityFanClub_6","I really want to get a tattoo of BKB 49.","xxxx","10",,,
"customer_event_CelebrityFanClub_7","Oh. I thought BKB 49 members would be here . . .","xxxx","12",,,
"customer_event_CelebrityFanClub_8","Honestly, Yang is so extra.","xxxx","5",,,
"customer_event_CelebrityFanClub_9","I just purchase the BKB 49 VR concert. It feels real.","xxxx","11",,,
"customer_event_CelebrityFanClub_10","Benny hasn't responded to my letters!","xxxx","6",,,
,,,"",,,
"host_event_CelebrityFanClub_1","Hey BKBees. It's fantastic to see you all._It looks like we have some new members today._The power of BKB can join people from all aspects of life!_I hope you enjoy the food provided by (playername)._Now let's celebrate!","xxxx","37",,,
"host_event_CelebrityFanClub_1_response","I love BKB 49!_I wish (randomFirstName) was here . . ._Bee power forever!_Yay (playername)!_Let's eat BKBees!","xxxx","16",,,
"host_event_CelebrityFanClub_2","I love BKB 49 . . ._That is the emotion that has brought us all here._Unfortunately, they have declined our invitation for the 33rd time._But we must persist and continue to devote our love!_For Yang. For Kelpsy. For Benny!","xxxx","39",,,
"host_event_CelebrityFanClub_2_response","I love them more!_This is so powerful . . ._Not again. I want to make Yang my husband._Don't worry. They will come one day._Don't forget about Xixi!","xxxx","27",,,
,,,"",,,
"host_event_CelebrityFanClub_End","That was a fun party folks._We will definitely have a BKB member here next time!_In the mean time, remember to keep sending fanmail._Persistence is the key to winning the hearts of BKB!_Till next time!","xxxx","34",,,
"host_event_CelebrityFanClub_End_response","Yeah!_Crossing my fingers!_I sent 6 letters last week. I think they will respond soon._True. Let's not give up._Thank you for the party (npc).","xxxx","23",,,
,,,"",,,
"customer_event_WeekendBBQ_1","I think I was a caveman in my previous life.","xxxx","10",,,
"customer_event_WeekendBBQ_2","I love the smell of charred boar in the morning.","xxxx","10",,,
"customer_event_WeekendBBQ_3","I'm impartial to elk.","xxxx","4",,,
"customer_event_WeekendBBQ_4","Have you tried Burger Emperor in Billboard?","xxxx","7",,,
"customer_event_WeekendBBQ_5","To be honest, I don't really eat vegetables.","xxxx","8",,,
"customer_event_WeekendBBQ_6","Nothing better than a big-ol T-bone steak.","xxxx","7",,,
"customer_event_WeekendBBQ_7","I prefer a small charcoal grill than a big barbeque.","xxxx","10",,,
"customer_event_WeekendBBQ_8","My girlfriend says I have a pork belly.","xxxx","8",,,
"customer_event_WeekendBBQ_9","Do they serve intestines here? It's my favorite.","xxxx","8",,,
"customer_event_WeekendBBQ_10","Have you tried CFK's Cholesterol burger?","xxxx","6",,,
,,,"",,,
"host_event_WeekendBBQ_1","Hello my fellow meat lovers._We are back for another annual celebration of all things protein._Just some housekeeping. Remember your eating manners._I'm looking at you (randomGuestName)._Now let's feast!","xxxx","27",,,
"host_event_WeekendBBQ_1_response","Hi (npc)!_I'm definitely hitting the gym after this._I'm not sure if I can control myself._You eat like a pig (randomGuestName)._Let's goooo.","xxxx","21",,,
"host_event_WeekendBBQ_2","Welcome to another annual MeatUp._I'm so excited to be eating a meal provided by (playername)._I heard the meat served here is extraordinary._Before we start . . . eh forgot it._Let's eat some meat!","xxxx","33",,,
"host_event_WeekendBBQ_2_response","I've been waiting for this all year . . ._This restaurant is on the Culinary Hot List._I can't wait for the meat . . ._Can we move along . . ._Yes! This is gonna be great.","xxxx","36",,,
,,,"",,,
"host_event_WeekendBBQ_End","I hope you you guys enjoyed that barbeque._It's always a pleasure to dine with fellow meat lovers._Big thanks to (playername) for providing all the great food._Next time, let's go hunting and cook some fresh meat!","xxxx","35",,,
"host_event_WeekendBBQ_End_response","It was pretty good._How can you not love meat?_Yay (playername)!_That sounds quite exciting . . .","xxxx","16",,,
,,,"",,,
"customer_event_GeekMeetup_1","Let's play Dungeons and Demons after this.","xxxx","7",,,
"customer_event_GeekMeetup_2","I just received LELSH's new L-Glasses in the mail.","xxxx","9",,,
"customer_event_GeekMeetup_3","You work in the LELSH tech department? Must be cushy.","xxxx","10",,,
"customer_event_GeekMeetup_4","Have you seen the new P1 chip? It's out of this world.","xxxx","12",,,
"customer_event_GeekMeetup_5","I'm still trying to build myself an android girlfriend.","xxxx","9",,,
"customer_event_GeekMeetup_6","I find I connect better with androids than humans.","xxxx","9",,,
"customer_event_GeekMeetup_7","I'm trying to build my own android too!","xxxx","8",,,
"customer_event_GeekMeetup_8","This is my first time out in months.","xxxx","8",,,
"customer_event_GeekMeetup_9","Anyone play Dungeons and Demons here?","xxxx","6",,,
"customer_event_GeekMeetup_10","I can't wait to get my new graphics card.","xxxx","9",,,
,,,"",,,
"host_event_GeekMeetup_1","Hello my fellow connoisseurs of technology._You cannot comprehend my excitement for this meeting._We will chat technoloy. We will eat some tasty food._What more could you ask for?_Let's get the festivities started!","xxxx","31",,,
"host_event_GeekMeetup_1_response","Actually, I consider myself an aficionado._Correct. My excitement is palpable._I want to talk about the new M18 Android Series._Well . . . A lot actually._Yay.","xxxx","25",,,
"host_event_GeekMeetup_2","Hello my fellow technological aficianados._Here we have engineers, programmers, and gamers._Despite our differences, we are joined by our love for technology._We are also joined by our love for food. So let's eat!","xxxx","32",,,
"host_event_GeekMeetup_2_response","Actually, I would call myself a connoisseur._Ahem. I'm actually an electrician._Technology is the future of mankind!_Well. I do enjoy a good pizza.","xxxx","22",,,
,,,"",,,
"host_event_GeekMeetup_End","Well that's it folks. I really hope you enjoyed this event._You all owe me 250 Doggy Coins each._We are meeting up for a Dungeons and Demons party tomorrow._Remember to bring your VR headsets.","xxxx","33",,,
"host_event_GeekMeetup_End_response","I would put this in the A-tier of all our events._Alright. Skydrop incoming._Well. I was going to go play the Zombie Dawn game . . ._I can't wait! See you tomorrow (npc).","xxxx","32",,,
,,,"",,,
"customer_event_BirthdayParty_1","Happy birthday (npc)!","xxxx","3",,,
"customer_event_BirthdayParty_2","I hope (npc) likes my present.","xxxx","6",,,
"customer_event_BirthdayParty_3","Was I supposed to bring a present?","xxxx","7",,,
"customer_event_BirthdayParty_4","Hey! You didn't come to my birthday party.","xxxx","8",,,
"customer_event_BirthdayParty_5","Birthdays give me anxiety.","xxxx","4",,,
"customer_event_BirthdayParty_6","These birthday presents are getting expensive . . .","xxxx","9",,,
"customer_event_BirthdayParty_7","Why do we celebrate growing one year closer to death?","xxxx","10",,,
"customer_event_BirthdayParty_8","I wish people came to my birthday party.","xxxx","8",,,
"customer_event_BirthdayParty_9","Can we have cake soon?","xxxx","5",,,
"customer_event_BirthdayParty_10","Haaaappy biiiirthday toooo youuu . . . Oh . . .","xxxx","11",,,
,,,"",,,
"host_event_BirthdayParty_1","Hi friends. Thanks for coming to my birthday!_I'm one year older. But I feel one year younger._Especially when I'm joined by old friends._Now let's all have fun. And show me those presents!","xxxx","32",,,
"host_event_BirthdayParty_1_response","Wait. This is a birthday party?_But you look five years older._Wouldn't miss it for the world._Uh (randomGuest) . . . did you remember to bring the cake?","xxxx","27",,,
"host_event_BirthdayParty_2","First off, I'm so happy to see you guys again!_Thanks for coming to celebrate this special day._To be honest, I normally dread birthdays._But having you guys here makes this day a lot better._Now let's enjoy some delicious food.","xxxx","38",,,
"host_event_BirthdayParty_2_response","Happy to see you (npc)!_I heard there was going to be delicious food._Me too. Me too._Awwww . . ._Yay let's eat!","xxxx","21",,,
,,,"",,,
"host_event_BirthdayParty_End","Thank you for coming to my birthday everyone!_It always warms my heart to celebrate this day with friends._Getting old sucks. But you guys make it worthwhile._Big thanks to chef (playername) for the delicious food!","xxxx","34",,,
"host_event_BirthdayParty_End_response","Wouldn't miss it for the world!_Awwww._But you are still so young . . ._(playername) lived up to my expectations.","xxxx","19",,,
,,,"",,,
"customer_event_PoliteSociety_1","Sir, did you get the (npc)'s latest memo?","xxxx","8",,,
"customer_event_PoliteSociety_2","(randomFirstName) didn't even greet me today. How rude!","xxxx","8",,,
"customer_event_PoliteSociety_3","Good day. Pleasure to see you again.","xxxx","7",,,
"customer_event_PoliteSociety_4","Politeness is the key to a better life!","xxxx","8",,,
"customer_event_PoliteSociety_5","Be good. Be polite.","xxxx","4",,,
"customer_event_PoliteSociety_6","I was coached by Sir Tommy Polite himself!","xxxx","8",,,
"customer_event_PoliteSociety_7","We are the embodiment of class and elegance.","xxxx","8",,,
"customer_event_PoliteSociety_8","My friends are not as polite as myself.","xxxx","8",,,
"customer_event_PoliteSociety_9","Politeness is the highest virtue.","xxxx","5",,,
"customer_event_PoliteSociety_10","I want my kids to join the Polite Society when they grow up.","xxxx","13",,,
,,,"",,,
"host_event_PoliteSociety_1","Welcome to the annual gathering of the Polite Society._We are joined today by our class and elegance._Despite our likeable personalities, we must stay vigilant._We must continue to grow our politeness!_Now, let us dine!","xxxx","33",,,
"host_event_PoliteSociety_1_response","We are honoured (npc)._Mhhmm. This is true._Ah yes. We must stay humble._I believe it will be difficult to advance my politeness._Remember to chew with your mouths closed folks!","xxxx","28",,,
"host_event_PoliteSociety_2","Ladies and gentlemen. Welcome._We are gathered here for the 40th annual meeting of our Polite Society._It is our mission to better our personalities._We must always be polite to others._Now, let us dine in a polite manner!","xxxx","36",,,
"host_event_PoliteSociety_2_response","Greetings._I feel so classy with you fine folks at my side._Well spoken._This is the way._We must always remember our eating manners!","xxxx","21",,,
,,,"",,,
"host_event_PoliteSociety_End","Ladies and gentlemen. It was a pleasure._Today, we have truly embodied the meaning of grace and elegance._To be polite to our host, please tidy up your tables and push your chairs in._Don't forget to say thank you to the chef!","xxxx","40",,,
"host_event_PoliteSociety_End_response","Likewise._Indeed. I behaved quite elegantly._No need to tell us. For we are very considerate._I am feeling quite grateful twoards chef (playername).","xxxx","21",,,
,,,"",,,
"customer_event_GreatFeast_1","I just want to stuff my face today.","xxxx","8",,,
"customer_event_GreatFeast_2","I need a meal fit for a king!","xxxx","8",,,
"customer_event_GreatFeast_3","What!? This place isn't all-you-can-eat?","xxxx","5",,,
"customer_event_GreatFeast_4","My doctor tells me I should eat less.","xxxx","8",,,
"customer_event_GreatFeast_5","I'm on a diet, but today is my cheat day!","xxxx","10",,,
"customer_event_GreatFeast_6","I've been fasting for 3 days to prepare for this!","xxxx","10",,,
"customer_event_GreatFeast_7","Ughhhh. This will definitely ruin my diet.","xxxx","7",,,
"customer_event_GreatFeast_8","My food costs have been very high lately.","xxxx","8",,,
"customer_event_GreatFeast_9","Do you have a bottomless stomach as well?","xxxx","8",,,
"customer_event_GreatFeast_10","I wish I had a banquet like this every day.","xxxx","10",,,
,,,"",,,
"host_event_GreatFeast_1","Ahem. Well hi friends. Good to see you all._Welcome to this year's great feast._This is the day in which you can eat as much as you desire._Bask in the glory of your gluttony._Let's feast!","xxxx","34",,,
"host_event_GreatFeast_1_response","Good to see you (npc)!_I can't wait to chow down._My partner says this isn't good for my health._I've been doing that for the last 20 years._Let's stuff ourselves!","xxxx","28",,,
"host_event_GreatFeast_2","Hi folks. Welcome to our annual celebration of gluttony._This year, chef (playername) will provide us with an amazing feast._Don't hold back. Don't give up._Don't stop until you collapse. Let's eaaaatttt!","xxxx","30",,,
"host_event_GreatFeast_2_response","I'm so pumped for this._I heard (playername)'s food is incredible._You know I won't._Let's eat!","xxxx","14",,,
,,,"",,,
"host_event_GreatFeast_End","Whew. That's it folks. I'm stuffed._I'll need to be on a week long diet after that meal._What an experience!_I hope you guys had as much fun as I had._I hope to see your friendly faces at the next event!","xxxx","39",,,
"host_event_GreatFeast_End_response","I'm sooooo fullll._I just want to go to sleep._This day will be one of my best memories._Eating is my favorite hobby._If there is food, I'll be there.","xxxx","27",,,
,,,"",,,
"customer_event_CupcakeParty_1","I really need to satisfy my sweet tooth.","xxxx","8",,,
"customer_event_CupcakeParty_2","I love cupcakes!","xxxx","3",,,
"customer_event_CupcakeParty_3","I just want to eat whipped cream. Only whipped cream.","xxxx","10",,,
"customer_event_CupcakeParty_4","I hope we can eat some chocolate.","xxxx","7",,,
"customer_event_CupcakeParty_5","My doctor tells me to watch my sugar intake.","xxxx","9",,,
"customer_event_CupcakeParty_6","I just can't stop eating sweets. Oh well.","xxxx","8",,,
"customer_event_CupcakeParty_7","Have you tried Horsey's new Mega Sweet Heartstopper bar?","xxxx","9",,,
"customer_event_CupcakeParty_8","So you have a sweet tooth too?","xxxx","7",,,
"customer_event_CupcakeParty_9","I get withdrawals if I don't get my daily dose of sugar.","xxxx","12",,,
"customer_event_CupcakeParty_10","I hope the beverages are sweet too.","xxxx","7",,,
,,,"",,,
"host_event_CupcakeParty_1","Hi friends. Welcome to my humble party for sweet tooths._Today, the amazing chef (playername) will be serving us._An amazing selection of sweets will be provided for us._But remember, all things in moderation!","xxxx","32",,,
"host_event_CupcakeParty_1_response","I prefer to just eat sugar._I'm so excited!_I wonder if there will be chocolate?_I'll worry about my health tomorrow. Let's eat!","xxxx","21",,,
"host_event_CupcakeParty_2","Welcome to our annual Cupcake Party._Today is an especially special event._Chef (playername) is a rising star in the culinary world._I'm incredibly excited to try (playername)'s sweets._Now, let's start the party!","xxxx","30",,,
"host_event_CupcakeParty_2_response","I'd never miss a chance to eat more sweets._But why?_Ohhhh. I've never heard of (playername)._Me too!_Let's eat some sweets!","xxxx","19",,,
,,,"",,,
"host_event_CupcakeParty_End","Hey friends. Thank you for coming to my party._I really hope you enjoyed all those sweets._I feel lightheaded and tingly after eating all that sugar!_What an effort by chef (playername)'s team!_I hope to see every again soon!","xxxx","37",,,
"host_event_CupcakeParty_End_response","If there is sugar, I'm there._Ohhhh . . . I don't feel so good._You might have diabetes._Woot woot!_I hope there is a chocolate fondue next time . . .","xxxx","29",,,
,,,"",,,
"customer_event_FishermanParty_1","The smell of fish makes me feel right at home.","xxxx","10",,,
"customer_event_FishermanParty_2","Nothing like a nice bowl of chowder in the morning!","xxxx","10",,,
"customer_event_FishermanParty_3","I wish we can eat food like this out at sea . . .","xxxx","14",,,
"customer_event_FishermanParty_4","Did you know I saw a giant squid last week? I swear!","xxxx","12",,,
"customer_event_FishermanParty_5","My boat broke down yesterday. I need a repair.","xxxx","9",,,
"customer_event_FishermanParty_6","There are some strange creatures out in the open sea.","xxxx","10",,,
"customer_event_FishermanParty_7","I hope they have some charcoal grilled fish . . .","xxxx","11",,,
"customer_event_FishermanParty_8","Can't wait to go back out to the sea.","xxxx","9",,,
"customer_event_FishermanParty_9","Does anyone have a new rod? Mine broke.","xxxx","8",,,
"customer_event_FishermanParty_10","I smell some fresh fish.","xxxx","5",,,
,,,"",,,
"host_event_FishermanParty_1","Ahem. My fellow seafaring friends._I'm so excited to join you all on this special day._Chef (playername) will be creating a banquet of the sea for us to enjoy._I heard the seafood here is mindblowing._Let's all have fun!","xxxx","37",,,
"host_event_FishermanParty_1_response","Hi (npc). Lookin fresh._Just give us the grub!_I wonder if they serve swordfish here?_Only if the fish are freshly caught._Let's chow down!","xxxx","22",,,
"host_event_FishermanParty_2","Welcome to our annual Fisherman's banquet._I'm so excited._All of the food served by chef (playername) are freshly caught._So today, you will reap the rewards of your hard work._Now let's get eating!","xxxx","31",,,
"host_event_FishermanParty_2_response","I heard these banquets are a blast._Me excitement is palpable._I wonder if the menu contains the shrimp I caught this morning?_I can't wait to eat some fresh fish._Let's go. I'm hungry!","xxxx","31",,,
,,,"",,,
"host_event_FishermanParty_End","Well that's a wrap everyone._That was some great seafood served by chef (playername)._Thank you all for coming to our event._It can be lonely out a sea sometimes._So seeing everyone together brings me great joy.","xxxx","34",,,
"host_event_FishermanParty_End_response","Whew. That was some good grub._I could taste the ocean._Well . . . I had nothing better to do._I prefer to be alone with the sea._Good to see you all!","xxxx","30",,,
,,,"",,,
"customer_event_DelightfullyVegan_1","I do miss the taste of meat sometimes.","xxxx","8",,,
"customer_event_DelightfullyVegan_2","Have you tried tofu burgers? They are quite good.","xxxx","9",,,
"customer_event_DelightfullyVegan_3","One day, I want to open my own vegan restaurant!","xxxx","10",,,
"customer_event_DelightfullyVegan_4","The smell of greens is lovely.","xxxx","6",,,
"customer_event_DelightfullyVegan_5","As long as alcohol remains vegan, I'm set.","xxxx","8",,,
"customer_event_DelightfullyVegan_6","My doctor says I have a protein deficiency. What can I do?","xxxx","12",,,
"customer_event_DelightfullyVegan_7","I hear the veggie dishes here are really good.","xxxx","9",,,
"customer_event_DelightfullyVegan_8","The dishes here better have some umami.","xxxx","7",,,
"customer_event_DelightfullyVegan_9","My friend ate a big beef burger right next to me. Yuck!","xxxx","12",,,
"customer_event_DelightfullyVegan_10","I wish there was more to eat than just salad.","xxxx","10",,,
,,,"",,,
"host_event_DelightfullyVegan_1","Greetings my fellow vegans._It's good to see new members join us for our events._Chef (playername) has created a delicious vegan menu for us._(playername) is a rising star in the culinary world._I'm very excited to try the food!","xxxx","37",,,
"host_event_DelightfullyVegan_1_response","I'm only here because of my doctor . . ._I heard there was gonna be delicious food._It's hard to create delicious vegan food._I saw (playername) in Food Fanatic magazine._I hope the dishes will have great umami.","xxxx","36",,,
"host_event_DelightfullyVegan_2","Good to see you all folks._I'm excited to see so many members for today's event._Our group's goal is not only to promote the benefits of veganism._But also enjoy some great food and have fun._Now let's get eating!","xxxx","37",,,
"host_event_DelightfullyVegan_2_response","Hi (npc). You look great!_My girlfriend roped me in._It is an important cause._I'm primarily here because I heard the food was great._Yay let's eat!","xxxx","24",,,
,,,"",,,
"host_event_DelightfullyVegan_End","So that's the end of our event._I hope you enjoyed the vegan course by chef (playername)!_I know I loved it!_Remember, vegan foods can be delicious too!_I don't even remember the taste of meat anymore . . .","xxxx","37",,,
"host_event_DelightfullyVegan_End_response","Awww. But I'm still hungry._The food had a surprising amount of umami._It was ok I guess._This is very true . . ._Me neither . . .","xxxx","26",,,
,,,"",,,
"customer_event_FrozenFanatics_1","I only eat foods below zero degrees.","xxxx","7",,,
"customer_event_FrozenFanatics_2","If it ain't cold, I'm not eating it.","xxxx","8",,,
"customer_event_FrozenFanatics_3","Molecular Gastronomy is fascinating.","xxxx","4",,,
"customer_event_FrozenFanatics_4","Hey (npc), have you tried frozen sushi?","xxxx","7",,,
"customer_event_FrozenFanatics_5","I prefer my steaks frozen.","xxxx","5",,,
"customer_event_FrozenFanatics_6","As long as this place serves ice cream, I'm happy.","xxxx","10",,,
"customer_event_FrozenFanatics_7","I just bought the new LP Freezer 3000. It's powerful!","xxxx","10",,,
"customer_event_FrozenFanatics_8","Food tastes better when left in a freezer for a day.","xxxx","11",,,
"customer_event_FrozenFanatics_9","Cold food gives me a wonderous feeling.","xxxx","7",,,
"customer_event_FrozenFanatics_10","Is it hot in here? Or is it just me?","xxxx","10",,,
,,,"",,,
"host_event_FrozenFanatics_1","Good to see you Fanatics._It took a while to find a restaurant that serves our food._Chef (playername) has prepared a delectable frozen course for us._Personally, I'm happy if there is ice cream. Now, let's get our freeze on!","xxxx","38",,,
"host_event_FrozenFanatics_1_response","All hail the Frozen Fanatics!_We could always just get ice cream._I heard this place is great._True that._This better be good.","xxxx","20",,,
"host_event_FrozenFanatics_2","Welcome to the annual meeting of the Frozen Fanatics!_We are here to worship the world of frozen cuisine!_Food tastes best served below zero degrees._All hail ice cream!_All hail refridgerators!_All hail the Frozen Fanatics!","xxxx","33",,,
"host_event_FrozenFanatics_2_response","My wife doesn't like it when I come here._I prefer food that is slightly cold. But not too cold._True that!_All hail ice cream!_All hail refridgerators!_All hail the Frozen Fanatics!","xxxx","29",,,
,,,"",,,
"host_event_FrozenFanatics_End","My fellow Fanatics, our event must come to a close._But we must never stop our pursuit for frozen cuisine!_Please remember to recruit more members for our cause._I want to see twice as many Fanatics at our next event!","xxxx","38",,,
"host_event_FrozenFanatics_End_response","I don't feel cold enough yet . . _Let's get ice cream after!_My friends keep ignoring my invitations . . ._I think we have fewer members compared to our last meeting.","xxxx","31",,,
,,,"",,,
"customer_event_PrivateMeal_1","I just want to enjoy a private meal.","xxxx","8",,,
"customer_event_PrivateMeal_2","Being social is overrated.","xxxx","4",,,
"customer_event_PrivateMeal_3","I like the ambience here.","xxxx","5",,,
"customer_event_PrivateMeal_4","Hi Chef! Surprise me!","xxxx","4",,,
"customer_event_PrivateMeal_5","This wasn't cheap. But it was worth it.","xxxx","8",,,
"customer_event_PrivateMeal_6","I like being alone in big spaces.","xxxx","7",,,
"customer_event_PrivateMeal_7","I think this private meal will make me feel better.","xxxx","10",,,
"customer_event_PrivateMeal_8","I've been dying to dine here without noisy people.","xxxx","9",,,
"customer_event_PrivateMeal_9","This is very serene.","xxxx","4",,,
"customer_event_PrivateMeal_10","The atmosphere is very peaceful.","xxxx","5",,,
,,,"",,,
"customer_event_Alcoholics_1","Hey pals. Let's get drinking!","xxxx","5",,,
"customer_event_Alcoholics_2","Inebriation is a natural state of being.","xxxx","7",,,
"customer_event_Alcoholics_3","Oh yes, the taste is the best part of alcohol.","xxxx","10",,,
"customer_event_Alcoholics_4","Have you tried the 1978 Mont Gateau?","xxxx","7",,,
"customer_event_Alcoholics_5","No no. I'm just a social drinker.","xxxx","7",,,
"customer_event_Alcoholics_6","Let's geeeet smashhheeed!","xxxx","3",,,
"customer_event_Alcoholics_7","I was brought into this world because of alcohol.","xxxx","9",,,
"customer_event_Alcoholics_8","I will likely leave this world because of alcohol.","xxxx","9",,,
"customer_event_Alcoholics_9","My favorite drink is vodka martini. Stirred.","xxxx","7",,,
"customer_event_Alcoholics_10","I'm something of a mixologist myself.","xxxx","6",,,
,,,"",,,
"host_event_Alcoholics_1","Good to see you Connoisseurs. Today is a great day._Why you may ask? Well because of where we are._This is the restaurant run by rising start chef (playername)._And we get to enjoy the amazing drinks served here._Cheers!","xxxx","37",,,
"host_event_Alcoholics_1_response","I've been waiting a long time for this day._I'm . . . I'm kinda drunk . . . Where are we?_This is very promising._Oh my god I'm so ready for this._Let's get drinking!","xxxx","33",,,
"host_event_Alcoholics_2","Hello my fellow Connoisseurs._I'm so happy to be joined by friends who share the same passion._Remember folks, we are here to enjoy the art of mixology._This is not a place to get drunk._Please control yourselves!","xxxx","35",,,
"host_event_Alcoholics_2_response","Hello (npc). Good day ain't it?_I am deeply in love with this passion._It would be great if I were tipsy while enjoy this mixology._Wait what?_Booo! Don't tell me what to do!","xxxx","31",,,
,,,"",,,
"host_event_Alcoholics_End","Whew . . . I love you all! Um . . . Wait what did I want to say?_Huh?  . . . Who are you people? Where did you come from?_You're not my real family!_Hey guys. Hey guys. Wanna go get some beef nuggets?","xxxx","44",,,
"host_event_Alcoholics_End_response","Ughhhhhh . . . My head is spinning._Damn! Everyone here looks so hot. I hadn't noticed before!_I don't believe we have met before today._Yeaaaahhh . . . Ugh . . . That sounds like a good plan . . .","xxxx","40",,,
,,,"",,,
"customer_event_random_1","Hey! Long time no see.","xxxx","5",,,
"customer_event_random_2","Interesting decor . . .","xxxx","5",,,
"customer_event_random_3","We should meet here more often.","xxxx","6",,,
"customer_event_random_4","I need something to drink.","xxxx","5",,,
"customer_event_random_5","(npc) hosts the best parties.","xxxx","5",,,
"customer_event_random_6","Cheers to (npc)!","xxxx","3",,,
"customer_event_random_7","I just want to eat something.","xxxx","6",,,
"customer_event_random_8","I'm surprised that (randomFirstName) isn't here.","xxxx","6",,,
"customer_event_random_9","Have you heard anything about the LELSH oil spill?","xxxx","9",,,
"customer_event_random_10","Why did I come here?","xxxx","5",,,
"customer_event_random_11","(randomFirstName) couldn't make it again.","xxxx","5",,,
"customer_event_random_12","It's been a while since we've all been together.","xxxx","9",,,
,,,"",,,
"customer_event_start_1","Let's eat!","xxxx","2",,,
"customer_event_start_2","I'm starving.","xxxx","2",,,
"customer_event_start_3","But I'm not hungry yet . . .","xxxx","8",,,
"customer_event_start_4","The menu looks very promising.","xxxx","5",,,
"customer_event_start_5","Thank god. I just came here for the food.","xxxx","9",,,
"customer_event_start_6","Finally!","xxxx","1",,,
"customer_event_start_7","I'm excited to try the food.","xxxx","6",,,
"customer_event_start_8","Ah, the main event!","xxxx","4",,,
"customer_event_start_9","Good. I'm tired of standing.","xxxx","5",,,
"customer_event_start_10","Let's put some food in my tummy.","xxxx","7",,,
,,,"",,,
"customer_event_decor_good_1","I really like the atmosphere in here.","xxxx","7",,,
"customer_event_decor_good_2","The interior decor in this restaurant is great.","xxxx","8",,,
"customer_event_decor_good_3","I definitely vibe with this place.","xxxx","6",,,
"customer_event_decor_good_4","This restaurant is surprisingly beautiful.","xxxx","5",,,
"customer_event_decor_good_5","Wow! This restaurant interior blows me away.","xxxx","7",,,
,,,"",,,
"customer_event_decor_bad_1","I do not like the atmosphere of this restaurant.","xxxx","9",,,
"customer_event_decor_bad_2","This place looks kinda meh.","xxxx","5",,,
"customer_event_decor_bad_3","I do not vibe with this place.","xxxx","7",,,
"customer_event_decor_bad_4","I do not like this decor style.","xxxx","7",,,
"customer_event_decor_bad_5","The interior design of this restaurant is strange.","xxxx","8",,,
,,,"",,,
"customer_event_end_success_1","See you guys next time! That was great.","xxxx","8",,,
"customer_event_end_success_2","That was a great party.","xxxx","5",,,
"customer_event_end_success_3","This was the best event this year.","xxxx","7",,,
"customer_event_end_success_4","What a party. The food was delicious!","xxxx","7",,,
"customer_event_end_success_5","The food was surprisingly good.","xxxx","5",,,
"customer_event_end_mid_1","That was fun. I guess.","xxxx","5",,,
"customer_event_end_mid_2","This event wasn't as good as the one from last year.","xxxx","11",,,
"customer_event_end_mid_3","I was expecting a bit more from this.","xxxx","8",,,
"customer_event_end_mid_4","Ehhh. That meal was ok.","xxxx","5",,,
"customer_event_end_mid_5","Thanks for the party. But (randomFirstName)'s was better.","xxxx","8",,,
"customer_event_end_poor_1","That was not fun.","xxxx","4",,,
"customer_event_end_poor_2","I don't like this place.","xxxx","5",,,
"customer_event_end_poor_3","The food served here isn't very good.","xxxx","7",,,
"customer_event_end_poor_4","Well this event was mediocre.","xxxx","5",,,
"customer_event_end_poor_5","I did not enjoy this event. I want to go home.","xxxx","11",,,
,,,,,,
"WAITERS",,,,,,
,,,,,,
"waiter_startService_1","I almost overslept today!",,,,,
"waiter_startService_2","This is my first job. I really like it so far.",,,,,
"waiter_startService_3","It already smells so good in here.",,,,,
"waiter_startService_4","Oh no! I'm not wearing my comfy shoes . . .",,,,,
"waiter_startService_5","I'll do my best today!",,,,,
"waiter_startService_6","I wish we could keep the tips.",,,,,
"waiter_startService_7","I hope the customers won't complain a lot today . . .",,,,,
"waiter_startService_8","New Shift! New me!",,,,,
"waiter_startService_9","I wonder how many customers we'll get today.",,,,,
"waiter_startService_10","I'm already looking forward to my break time.",,,,,
,,,,,,
"waiter_serving_1","(dishName). Hope you enjoy!","xxxx","4",,,
"waiter_serving_2","(dishName). Enjoy!","xxxx","2",,,
"waiter_serving_3","Thank you for waiting!","xxxx","4",,,
"waiter_serving_4","Here is your (dishName).","xxxx","4",,,
"waiter_serving_5","Let me know if I can get anything else for you.","xxxx","11",,,
,,,"",,,
"waiter_cleaning_1","How was the food?","xxxx","4",,,
"waiter_cleaning_2","I love this dish too.","xxxx","5",,,
"waiter_cleaning_3","I'll take these off your hands.","xxxx","6",,,
"waiter_cleaning_4","All done?","xxxx","2",,,
"waiter_cleaning_5","Can I get anything else for you?","xxxx","7",,,
,,,"",,,
"waiter_tired_1","Man, there's a lot of customers.","xxxx","6",,,
"waiter_tired_2","Whew. I need a break.","xxxx","5",,,
"waiter_tired_3","This service is getting hectic! When will it be over?","xxxx","10",,,
"waiter_tired_4","I feel tired.","xxxx","3",,,
"waiter_tired_5","Whew. The customer demands are endless.","xxxx","6",,,
,,,"",,,
"waiter_random_1","I wonder if we have any critics here today.","xxxx","9",,,
"waiter_random_2","I love this dish too.","xxxx","5",,,
"waiter_random_3","I wanna eat too.","xxxx","4",,,
"waiter_random_4","Hope the customers leave good tips today . . .","xxxx","10",,,
"waiter_random_5","This uniform is a bit uncomfortable.","xxxx","6",,,
"waiter_random_6","I hope the customers aren't rude.","xxxx","6",,,
"waiter_random_7","Serving people makes me hungry.","xxxx","5",,,
"waiter_random_8","I need a nice hot shower after this.","xxxx","8",,,
"waiter_random_9","It's kinda hot in here.","xxxx","5",,,
"waiter_random_10","I wonder if I should become a chef?","xxxx","8",,,
,,,"",,,
"waiter_random_interact_1","Hey.","xxxx","1",,,
"waiter_random_interact_2","Hi Chef.","xxxx","2",,,
"waiter_random_interact_3","Sorry, I'm very busy right now.","xxxx","6",,,
"waiter_random_interact_4","Anything you need me to take care of?","xxxx","8",,,
"waiter_random_interact_5","Did we change our menu today?","xxxx","6",,,
,,,"",,,
"waiter_gettingTired_1","Waiting tables is really tiring me out.","xxxx","7",,,
"waiter_gettingTired_2","I'm a little worn out.","xxxx","5",,,
"waiter_gettingTired_3","How long will this service be?","xxxx","6",,,
"waiter_gettingTired_4","I'm almost out of energy.","xxxx","5",,,
"waiter_gettingTired_5","Carry so many plates is making me tired.","xxxx","8",,,
,,,"",,,
"waiter_tired_1","Whoa. I almost fainted there.","xxxx","5",,,
"waiter_tired_2","I can't do this right now. Let me rest.","xxxx","9",,,
"waiter_tired_3","I need a break, else I will pass out.","xxxx","9",,,
"waiter_tired_4","Waiting tables is not good for my health.","xxxx","8",,,
"waiter_tired_5","I've never felt this tired before.","xxxx","6",,,
,,,"",,,
"waiter_refreshed_1","I haven't felt this good in a while.","xxxx","8",,,
"waiter_refreshed_2","Whew. That woke me up!","xxxx","5",,,
"waiter_refreshed_3","Thank goodness. I almost passed out.","xxxx","6",,,
"waiter_refreshed_4","You know, this is quite good.","xxxx","6",,,
"waiter_refreshed_5","I don't like this taste, but I feel better now.","xxxx","10",,,
,,,"",,,
"waiter_customerLeft_1","Ah, the customer has already left.","xxxx","6",,,
"waiter_customerLeft_2","Huh, no one here . . .","xxxx","7",,,
"waiter_customerLeft_3","Where did the customer go?","xxxx","5",,,
"waiter_customerLeft_4","I guess the customer didn't want to wait anymore.","xxxx","9",,,
"waiter_customerLeft_5","I think the customer lost their patience.","xxxx","7",,,
,,,"",,,
"waiter_impatientCustomer_1","Hello (title). Sorry for the wait. It's almost here!","xxxx","9",,,
"waiter_impatientCustomer_2","Hungry huh? I totally get it. We apologize for the wait.","xxxx","11",,,
"waiter_impatientCustomer_3","Hi (title). I think your food is on the way. Sorry!","xxxx","11",,,
"waiter_impatientCustomer_4","I'm sooo sorry for the wait!","xxxx","6",,,
"waiter_impatientCustomer_5","Can I interest you in a joke? No?","xxxx","8",,,
"waiter_impatientCustomer_6","Sorry (title). There seems to be a backup in the kitchen.","xxxx","11",,,
"waiter_impatientCustomer_7","I think we are understaffed today.","xxxx","6",,,
"waiter_impatientCustomer_8","Sorry for the wait. It's been a messy day.","xxxx","9",,,
"waiter_impatientCustomer_9","Don't worry (title). Your food is on the way!","xxxx","9",,,
"waiter_impatientCustomer_10","Almost done (title)! The food is going to be delicious!","xxxx","10",,,
,,,"",,,
"waiter_confused_1","What was I doing again?","xxxx","5",,,
"waiter_confused_2","I'm confused . . .","xxxx","5",,,
"waiter_confused_3","Ughhhh . . . this is too much.","xxxx","8",,,
"waiter_confused_4","I'm a little overwhelmed.","xxxx","4",,,
"waiter_confused_5","I can't remember what I'm supposed to do.","xxxx","8",,,
,,,,,,
"CHEFS",,,,,,
,,,,,,
"chef_cooking_1","It's getting hot in here!","xxxx","5",,,
"chef_cooking_2","This (dishName) is going to be great!","xxxx","7",,,
"chef_cooking_3","(dishName)! coming up!","xxxx","3",,,
"chef_cooking_4","Where is the elk sauce?","xxxx","5",,,
"chef_cooking_5","Is the garnish ready?","xxxx","4",,,
"chef_cooking_6","The kitchen is heating up!","xxxx","5",,,
"chef_cooking_7","Orders incoming!","xxxx","2",,,
"chef_cooking_8","Let's focus!","xxxx","2",,,
"chef_cooking_9","I got the (dishName).","xxxx","4",,,
"chef_cooking_10","(dishName) coming up!","xxxx","3",,,
,,,"",,,
"chef_prep_1","Let's hustle people!","xxxx","3",,,
"chef_prep_2","I love the smell of fresh ingredients.","xxxx","7",,,
"chef_prep_3","This service will be easy.","xxxx","5",,,
"chef_prep_4","I love the smell of fresh ingredients.","xxxx","7",,,
"chef_prep_5","This service will be easy.","xxxx","5",,,
,,,"",,,
"chef_neworder_1","(dishName)! I'm on it!","xxxx","4",,,
"chef_neworder_2","New orders. Let's hustle.","xxxx","4",,,
"chef_neworder_3","I'll take these off your hands.","xxxx","6",,,
"chef_neworder_4","New orders. Let's hustle.","xxxx","4",,,
"chef_neworder_5","The orders are coming fast.","xxxx","5",,,
"chef_neworder_6","Someone ordered the (dishName)!","xxxx","4",,,
"chef_neworder_7","I'll take care of the (dishName).","xxxx","6",,,
"chef_neworder_8","I'm on it!","xxxx","3",,,
"chef_neworder_9","Easy peasy.","xxxx","2",,,
"chef_neworder_10","This (dishName) will be great.","xxxx","5",,,
,,,"",,,
"chef_orderready_1","C'mon hurry!","xxxx","2",,,
"chef_orderready_2","(dishName). Ready!","xxxx","2",,,
"chef_orderready_3","(dishName)! Ready to serve!","xxxx","4",,,
"chef_orderready_4","(dishName). Coming up.","xxxx","3",,,
"chef_orderready_5","The (dishName) is ready.","xxxx","4",,,
"chef_orderready_6","This is going to taste great.","xxxx","6",,,
"chef_orderready_7","This looks great. Wish I could eat it.","xxxx","8",,,
"chef_orderready_8","Amazing, if I do say so myself.","xxxx","7",,,
"chef_orderready_9","Order done!","xxxx","2",,,
"chef_orderready_10","The guest is going to love this one.","xxxx","8",,,
,,,"",,,
"chef_random_1","I hope there aren't any critics among the crowd . . .","xxxx","12",,,
"chef_random_2","Whew. Hope I can have a rest soon.","xxxx","8",,,
"chef_random_3","I think this will be a great service.","xxxx","8",,,
"chef_random_4","These ingredients are fantastic.","xxxx","4",,,
"chef_random_5","Can't wait to try preparing this new menu.","xxxx","8",,,
"chef_random_6","Something doesn't smell right . . .","xxxx","7",,,
"chef_random_7","Let's move people!","xxxx","3",,,
"chef_random_8","The guests will be blown away today.","xxxx","7",,,
"chef_random_9","I have high hopes for this service.","xxxx","7",,,
"chef_random_10","Has anyone seen my knife?","xxxx","5",,,
,,,"",,,
"chef_random_interact_1","Hey (playername).","xxxx","2",,,
"chef_random_interact_2","Hi Chef.","xxxx","2",,,
"chef_random_interact_3","Are we changing our menu today?","xxxx","6",,,
"chef_random_interact_4","I'm excited to work with these rare ingredients.","xxxx","8",,,
"chef_random_interact_5","Whew. I'm nervous for today's service.","xxxx","6",,,
"chef_random_interact_6","Don't worry, I got this.","xxxx","5",,,
"chef_random_interact_7","I feeling good today chef!","xxxx","5",,,
"chef_random_interact_8","Got anything special planned for today?","xxxx","6",,,
"chef_random_interact_9","The menu looks great chef.","xxxx","5",,,
"chef_random_interact_10","Are there any special guests coming?","xxxx","6",,,
,,,"",,,
"chef_earlyleave_1","It seems this customer has already left.","xxxx","7",,,
"chef_earlyleave_2","This order has went to waste.","xxxx","6",,,
"chef_earlyleave_3","The customer is already gone.","xxxx","5",,,
"chef_earlyleave_4","I guess the customer couldn't wait any longer.","xxxx","8",,,
"chef_earlyleave_5","I'm going to have to throw this out.","xxxx","8",,,
,,,"",,,
"chef_forceleave_1","Ah, this one is going to waste.","xxxx","7",,,
"chef_forceleave_2","I wish I could have served this.","xxxx","7",,,
"chef_forceleave_3","I hope the customer isn't mad.","xxxx","6",,,
"chef_forceleave_4","This dish would have tasted great.","xxxx","6",,,
"chef_forceleave_5","I'm going to have to throw this out.","xxxx","8",,,
,,,"",,,
"chef_gettingTired_1","I feel a little tired.","xxxx","5",,,
"chef_gettingTired_2","Whew. I need a break soon.","xxxx","6",,,
"chef_gettingTired_3","How much longer?","xxxx","3",,,
"chef_gettingTired_4","My energy is running out.","xxxx","5",,,
"chef_gettingTired_5","I'm going to need a break soon.","xxxx","7",,,
,,,"",,,
"chef_tired_1","Ahhh. I need to stop for a while.","xxxx","8",,,
"chef_tired_2","Whew. I'm a little dizzy.","xxxx","5",,,
"chef_tired_3","This is too much. Let me rest for a bit.","xxxx","10",,,
"chef_tired_4","I need to stop cooking for now.","xxxx","7",,,
"chef_tired_5","I don't feel so good chef.","xxxx","6",,,
,,,"",,,
"chef_refreshed_1","Whew. I feel a lot better now.","xxxx","7",,,
"chef_refreshed_2","That really hits the spot. I feel alive!","xxxx","8",,,
"chef_refreshed_3","I feel energized.","xxxx","3",,,
"chef_refreshed_4","This will keep me going for a little longer.","xxxx","9",,,
"chef_refreshed_5","This should keep me awake.","xxxx","5",,,
,,,"",,,
"chef_confused_1","What was I cooking again?","xxxx","5",,,
"chef_confused_2","Which ingredients was I supposed to use again?","xxxx","8",,,
"chef_confused_3","Aghhhh . . . I forgot the recipe again.","xxxx","9",,,
"chef_confused_4","Oh dear. What was I doing?","xxxx","6",,,
"chef_confused_5","To be honest, I'm a little lost.","xxxx","7",,,
,,,,,,
"RANDOM NPCS",,,,,,
,,,,,,
"npc_random_annoyed_1","Ugh. So many tourists here.","xxxx","5",,,
"npc_random_annoyed_2","Move along people!","xxxx","3",,,
"npc_random_annoyed_3","I hate it when it rains.","xxxx","6",,,
"npc_random_annoyed_4","I feel sick.","xxxx","3",,,
"npc_random_annoyed_5","I hate walking so much. Where are the cars?","xxxx","9",,,
"npc_random_annoyed_6","Ugh. The humidity is ruining my hair.","xxxx","7",,,
"npc_random_annoyed_7","I don't like seagulls.","xxxx","4",,,
"npc_random_annoyed_8","There is a fishy smell. Where is it coming from?","xxxx","10",,,
"npc_random_annoyed_9","I prefer the big city.","xxxx","5",,,
"npc_random_annoyed_10","Why are there no massage parlours here?","xxxx","7",,,
,,,"",,,
"npc_random_happy_1","What a lovely day!","xxxx","4",,,
"npc_random_happy_2","Something smells great.","xxxx","3",,,
"npc_random_happy_3","Can't wait to hit the beach!","xxxx","6",,,
"npc_random_happy_4","White Ash Harbor is such a chill town.","xxxx","8",,,
"npc_random_happy_5","I love these old buildings.","xxxx","5",,,
"npc_random_happy_6","Can't wait to visit the bathhouse!","xxxx","6",,,
"npc_random_happy_7","The weather matches my mood perfectly.","xxxx","6",,,
"npc_random_happy_8","The view here is lovely.","xxxx","5",,,
"npc_random_happy_9","This town gives me good vibes.","xxxx","6",,,
"npc_random_happy_10","I'm glad that LELSH supports this town.","xxxx","7",,,
,,,"",,,
"npc_random_hurry_1","Can these people walk any slower?","xxxx","6",,,
"npc_random_hurry_2","Move! Move!","xxxx","2",,,
"npc_random_hurry_3","Hey! Get out of the way!","xxxx","6",,,
"npc_random_hurry_4","Hey hey! Please don't just stand there.","xxxx","7",,,
"npc_random_hurry_5","I need to find a place to eat!","xxxx","8",,,
"npc_random_hurry_6","I need to find a bathroom!","xxxx","6",,,
"npc_random_hurry_7","I don't want to miss my train!","xxxx","7",,,
"npc_random_hurry_8","Honey? Where did you go? I'm sorry ok!","xxxx","8",,,
"npc_random_hurry_9","I just want to go lie down.","xxxx","7",,,
"npc_random_hurry_10","I wish I could get a taxi here.","xxxx","8",,,
,,,"",,,
"npc_random_lost_1","Hey! Does anyone know where the bathhouse is?","xxxx","8",,,
"npc_random_lost_2","I wonder where I can get something to eat?","xxxx","9",,,
"npc_random_lost_3","I really don't know where I am.","xxxx","7",,,
"npc_random_lost_4","Does anyone know where the train station is?","xxxx","8",,,
"npc_random_lost_5","Help! I've lost my wallet.","xxxx","5",,,
"npc_random_lost_6","I'm lost.","xxxx","2",,,
"npc_random_lost_7","Is there an airport here?","xxxx","5",,,
"npc_random_lost_8","That seagull took my phone!","xxxx","5",,,
"npc_random_lost_9","Do you know how I can get to Billboard City?","xxxx","10",,,
"npc_random_lost_10","Does anyone know where the town hall is?","xxxx","8",,,
,,,"",,,
"npc_random_chill_1","Hey-yo!","xxxx","1",,,
"npc_random_chill_2","Hello neighbor!","xxxx","2",,,
"npc_random_chill_3","Look forward to doing absolutely nothing today!","xxxx","7",,,
"npc_random_chill_4","I don't really feel like doing anything today.","xxxx","8",,,
"npc_random_chill_5","Lovin the vibe here.","xxxx","4",,,
"npc_random_chill_6","The ocean is mesmerizing.","xxxx","4",,,
"npc_random_chill_7","Seagulls are funny.","xxxx","3",,,
"npc_random_chill_8","Hi there. Good day ain't it?","xxxx","6",,,
"npc_random_chill_9","Today is a great day to explore.","xxxx","7",,,
"npc_random_chill_10","I would love to check out the fishing platform.","xxxx","9",,,
,,,"",,,
"npc_random_random_1","This place is off the charts!","xxxx","6",,,
"npc_random_random_2","Such lovely people in this town.","xxxx","6",,,
"npc_random_random_3","Boop boop beep beep ba!","xxxx","5",,,
"npc_random_random_4","Wake up people! These seagulls are watching you!","xxxx","8",,,
"npc_random_random_5","I hope that volcano doesn't erupt anytime soon . . .","xxxx","11",,,
"npc_random_random_6","Such a strange town. It feels like I'm in a dream.","xxxx","11",,,
"npc_random_random_7","I should take my girlfriend here.","xxxx","6",,,
"npc_random_random_8","The atmosphere here is kinda nice.","xxxx","6",,,
"npc_random_random_9","I hope there is something good to eat here.","xxxx","9",,,
"npc_random_random_10","Dooo doo dippity doop.","xxxx","4",,,
,,,"",,,
"npc_random_positive_1","I'm feeling good today.","xxxx","4",,,
"npc_random_positive_2","The people here are very photogenic.","xxxx","6",,,
"npc_random_positive_3","I can't wait to try Le Sequoia.","xxxx","7",,,
"npc_random_positive_4","The Takoyaki shop was fantastic.","xxxx","5",,,
"npc_random_positive_5","I want to go for a swim.","xxxx","7",,,
"npc_random_positive_6","The bathhouse is so cool!","xxxx","5",,,
"npc_random_positive_7","Nothing can keep me down today!","xxxx","6",,,
"npc_random_positive_8","Hi lovely.","xxxx","2",,,
"npc_random_positive_9","It's gonna be a great day.","xxxx","6",,,
"npc_random_positive_10","One day, I'll own my own restaurant too.","xxxx","8",,,
,,,"",,,
"npc_random_annoyed_interact_1","Peasant.","xxxx","1",,,
"npc_random_annoyed_interact_2","Sorry, your outfit is just . . . Ugh . . . Never mind . . .","xxxx","17",,,
"npc_random_annoyed_interact_3","This is the worst day ever!","xxxx","6",,,
"npc_random_annoyed_interact_4","What a boring place. I miss Billboard City.","xxxx","8",,,
"npc_random_annoyed_interact_5","My disappointment is immeasurable and my day is ruined.","xxxx","9",,,
"npc_random_annoyed_interact_6","Ughhh . . . I want to go home.","xxxx","9",,,
"npc_random_annoyed_interact_7","Please leave me be.","xxxx","4",,,
"npc_random_annoyed_interact_8","Hey, can you not?","xxxx","4",,,
"npc_random_annoyed_interact_9","Um . . . Do I know you?","xxxx","8",,,
"npc_random_annoyed_interact_10","Hello. Goodbye.","xxxx","2",,,
,,,"",,,
"npc_random_happy_interact_1","Howdy.","xxxx","1",,,
"npc_random_happy_interact_2","Are you the chef of Le Sequoia?","xxxx","7",,,
"npc_random_happy_interact_3","I'm loving the vibe of this town.","xxxx","7",,,
"npc_random_happy_interact_4","White Ash Harbor is a strange and beautiful place.","xxxx","9",,,
"npc_random_happy_interact_5","This weather makes me want to go for a swim.","xxxx","10",,,
"npc_random_happy_interact_6","Bonjour.","xxxx","1",,,
"npc_random_happy_interact_7","Hello stranger. Good day ain't it?","xxxx","6",,,
"npc_random_happy_interact_8","Wow. You have beautiful eyes.","xxxx","5",,,
"npc_random_happy_interact_9","I just want to say . . . I really like your hair.","xxxx","13",,,
"npc_random_happy_interact_10","Nothing in the world can keep me down.","xxxx","8",,,
,,,"",,,
"npc_random_hurry_interact_1","Whoa whoa!","xxxx","2",,,
"npc_random_hurry_interact_2","I don't have time for this.","xxxx","6",,,
"npc_random_hurry_interact_3","Ehhh . . . what do you want?","xxxx","8",,,
"npc_random_hurry_interact_4","Some of us have things to do . . .","xxxx","10",,,
"npc_random_hurry_interact_5","Move along kid.","xxxx","3",,,
"npc_random_hurry_interact_6","Uhhhh . . . I need to find a bathroom!","xxxx","10",,,
"npc_random_hurry_interact_7","Hey! I need to be somewhere.","xxxx","6",,,
"npc_random_hurry_interact_8","You are blocking my pathway.","xxxx","5",,,
"npc_random_hurry_interact_9","Please stay outside my personal bubble.","xxxx","6",,,
"npc_random_hurry_interact_10","Yes? I do not have all day . . .","xxxx","10",,,
,,,"",,,
"npc_random_lost_interact_1","Do you know where I can get something to eat?","xxxx","10",,,
"npc_random_lost_interact_2","The more people there are, the more anxious I feel.","xxxx","10",,,
"npc_random_lost_interact_3","I'm thinking of going fishing today.","xxxx","6",,,
"npc_random_lost_interact_4","Hey there! Do you know how I can get to the beach?","xxxx","12",,,
"npc_random_lost_interact_5","I'm thinking of exploring the deep woods.","xxxx","7",,,
"npc_random_lost_interact_6","Do you know where I can get some fast food?","xxxx","10",,,
"npc_random_lost_interact_7","Have you seen my son?","xxxx","5",,,
"npc_random_lost_interact_8","Have you seen my cat Coco?","xxxx","6",,,
"npc_random_lost_interact_9","Do you know if the volcano is open to tourists?","xxxx","10",,,
"npc_random_lost_interact_10","This is embarrassing. I'm lost.","xxxx","5",,,
,,,"",,,
"npc_random_chill_interact_1","You look a little tired.","xxxx","5",,,
"npc_random_chill_interact_2","You are very strange.","xxxx","4",,,
"npc_random_chill_interact_3","This place feels a bit run down.","xxxx","7",,,
"npc_random_chill_interact_4","Hi cutie, can I buy you a drink?","xxxx","8",,,
"npc_random_chill_interact_5","Cool outfit.","xxxx","2",,,
"npc_random_chill_interact_6","The sound of the ocean is really calming.","xxxx","8",,,
"npc_random_chill_interact_7","You give me good vibes.","xxxx","5",,,
"npc_random_chill_interact_8","You are a chef right? Cooool dude.","xxxx","7",,,
"npc_random_chill_interact_9","Hehe . . . Hehe . . . I'm kinda drunk. You are cute.","xxxx","14",,,
"npc_random_chill_interact_10","You vibin with this town? I'm vibin with this town.","xxxx","10",,,
,,,"",,,
"npc_random_random_interact_1","Have you met the locals here? They are a strange bunch . . .","xxxx","14",,,
"npc_random_random_interact_2","You are very strange.","xxxx","4",,,
"npc_random_random_interact_3","Have you heard the story of Pompeii?","xxxx","7",,,
"npc_random_random_interact_4","I hope that volcano is dormant . . . ","xxxx","9",,,
"npc_random_random_interact_5","Don't all these seagulls bother you?","xxxx","6",,,
"npc_random_random_interact_6","Have you tried the Takoyaki at the docks?","xxxx","8",,,
"npc_random_random_interact_7","Are you a fan of BKB 49 as well? Yang is sooo coool!","xxxx","13",,,
"npc_random_random_interact_8","Do you know the meaning of life? Cause I don't.","xxxx","10",,,
"npc_random_random_interact_9","Why would you live in a shabby old town like this?","xxxx","11",,,
"npc_random_random_interact_10","LELSH is taking over! LELSH will take over our free will!","xxxx","11",,,
,,,"",,,
"npc_random_positive_interact_1","Are you a cat person? You look like a cat person.","xxxx","11",,,
"npc_random_positive_interact_2","One day, I will travel the world!","xxxx","7",,,
"npc_random_positive_interact_3","The volcano looks beautiful from here.","xxxx","6",,,
"npc_random_positive_interact_4","I could live in this small town forever.","xxxx","8",,,
"npc_random_positive_interact_5","Have you met the bubble tea girl? She is so fun!","xxxx","11",,,
"npc_random_positive_interact_6","Check it out. I just got the new LELSH P-Phone 2000!","xxxx","11",,,
"npc_random_positive_interact_7","Life is hard, but you should always be positive.","xxxx","9",,,
"npc_random_positive_interact_8","Positivity is the key to a happy life.","xxxx","8",,,
"npc_random_positive_interact_9","Do you know about the Polite Society? I'm a member.","xxxx","10",,,
"npc_random_positive_interact_10","One day, you will be great! I just know it!","xxxx","10",,,
,,,,,,
"NPC RANDOM LOCATION",,,,,,
,,,,,,
"npc_random_town_1","I can't wait to go to Bea's Bar later!","xxxx","9",,,
"npc_random_town_2","Where is Milk and Wheat?","xxxx","5",,,
"npc_random_town_3","I love the square in town. It's super cute!","xxxx","9",,,
"npc_random_town_4","I can't get the smell of fish out of my nose! Ahhh!","xxxx","12",,,
"npc_random_town_5","Milo's has some of the coolest clothes.","xxxx","7",,,
"npc_random_town_6","Has anyone been to the barber? I need to know.","xxxx","10",,,
"npc_random_town_7","I wonder how many bricks were used here?","xxxx","8",,,
"npc_random_town_8","The lady who runs Bits & Pieces is a little gruff! Esh!","xxxx","12",,,
"npc_random_town_9","The Eight Eleven has sunscreen! Saved my bacon.","xxxx","8",,,
"npc_random_town_10","The vending machines in town are so cute!","xxxx","8",,,
,,,"",,,
"npc_random_furnitureStore_1","Farmhouse or maximalism?","xxxx","3",,,
"npc_random_furnitureStore_2","Hmmm, dunno how I feel about these chairs.","xxxx","8",,,
"npc_random_furnitureStore_3","That couch is comfy looking.","xxxx","5",,,
"npc_random_furnitureStore_4","There are so many chairs! Why?!","xxxx","6",,,
"npc_random_furnitureStore_5","Should I put a vending machine in my bathroom? Yes!","xxxx","10",,,
"npc_random_furnitureStore_6","I want more caning!","xxxx","4",,,
"npc_random_furnitureStore_7","You know what I don't see in this store? Taste.","xxxx","10",,,
"npc_random_furnitureStore_8","I'm not bold enough for any of these chairs.","xxxx","9",,,
"npc_random_furnitureStore_9","There is no such thing as too many plants.","xxxx","9",,,
"npc_random_furnitureStore_10","I'm missing something to tie my room together. But what?","xxxx","10",,,
,,,"",,,
"npc_random_hotelRose_1","Room service? More like no service.","xxxx","6",,,
"npc_random_hotelRose_2","I love my room. It's so spacious.","xxxx","7",,,
"npc_random_hotelRose_3","Where's the continental breakfast?","xxxx","4",,,
"npc_random_hotelRose_4","Did I forget my room key? UGH!","xxxx","7",,,
"npc_random_hotelRose_5","This is the nicest hotel!","xxxx","5",,,
"npc_random_hotelRose_6","I love how quiet it is in here.","xxxx","8",,,
"npc_random_hotelRose_7","The best hotel in town is also the only one.","xxxx","10",,,
"npc_random_hotelRose_8","I heard the gallery was all sorts of art in it.","xxxx","11",,,
"npc_random_hotelRose_9","I can jump on my bed and no one can stop me! HAHA!","xxxx","13",,,
"npc_random_hotelRose_10","Anyone know where the ice machine is?","xxxx","7",,,
,,,"",,,
"npc_random_library_1","Shhhh! This is a library!","xxxx","5",,,
"npc_random_library_2","I need some non-fiction in my life.","xxxx","7",,,
"npc_random_library_3","Where are the cozy murder mysteries?","xxxx","6",,,
"npc_random_library_4","Who organizes shelves like this?!","xxxx","5",,,
"npc_random_library_5","Whoever put Sci-fi and Fantasy together will pay dearly.","xxxx","9",,,
"npc_random_library_6","Another dog-eared page?! Monsters!","xxxx","4",,,
"npc_random_library_7","I love the library.","xxxx","4",,,
"npc_random_library_8","If I could, I would live here.","xxxx","7",,,
"npc_random_library_9","If only there was a cafe attached, then it would be perfect.","xxxx","12",,,
"npc_random_library_10","Nothing smells better than books.","xxxx","5",,,
,,,"",,,
"npc_random_bathhouse_1","The steam feels so good.","xxxx","5",,,
"npc_random_bathhouse_2","I love the tea here.","xxxx","5",,,
"npc_random_bathhouse_3","After being in the baths I feel so good.","xxxx","9",,,
"npc_random_bathhouse_4","Where did I put my clothes again?","xxxx","7",,,
"npc_random_bathhouse_5","This towel is wet.","xxxx","4",,,
"npc_random_bathhouse_6","I love this place.","xxxx","4",,,
"npc_random_bathhouse_7","Why was this place closed for so long?","xxxx","8",,,
"npc_random_bathhouse_8","Are there still ghosts here?","xxxx","5",,,
"npc_random_bathhouse_9","Aylin seems like a nice indivdual.","xxxx","6",,,
"npc_random_bathhouse_10","I love the architecture here!","xxxx","5",,,
,,,"",,,
"npc_random_docks_1","This is where the fish smell is coming from!","xxxx","9",,,
"npc_random_docks_2","I forgot my fishing pole! NOOOO!","xxxx","6",,,
"npc_random_docks_3","Bowie is nice old man.","xxxx","5",,,
"npc_random_docks_4","Where do squid balls come from?","xxxx","6",,,
"npc_random_docks_5","The rec center has an arcade!","xxxx","6",,,
"npc_random_docks_6","I love the sound of my steps on the docks here.","xxxx","11",,,
"npc_random_docks_7","The ocean goes on forever.","xxxx","5",,,
"npc_random_docks_8","I thought fish came from farms.","xxxx","6",,,
"npc_random_docks_9","FISH ARE DRONES FOR THE SEA! WAKE UP SHEEPLE!","xxxx","9",,,
"npc_random_docks_10","It's chilly out here by the water!","xxxx","7",,,
,,,"",,,
"NPC RANDOM WEATHER",,,"",,,
,,,"",,,
"npc_random_sunny_1","Ah, it's a nice day . . .","xxxx","8",,,
"npc_random_sunny_2","It's great to be out in the sun.","xxxx","8",,,
"npc_random_sunny_3","What a lovely day!","xxxx","4",,,
"npc_random_sunny_4","I wonder if the fishing boats are visible today.","xxxx","9",,,
"npc_random_sunny_5","Did I forget my sunscreen? Ugh.","xxxx","6",,,
"npc_random_sunny_6","White Ash Harbor looks great in the sun.","xxxx","8",,,
"npc_random_sunny_7","The beach seems attractive today.","xxxx","5",,,
"npc_random_sunny_8","It's a perfect day for a walk along the beach!","xxxx","10",,,
"npc_random_sunny_9","Anyone know where I can get a Pina Colada?","xxxx","9",,,
"npc_random_sunny_10","I need some sunglasses. Gah, it's bright!","xxxx","7",,,
,,,"",,,
"npc_random_raining_1","It's quite melancholic standing in this rain.","xxxx","7",,,
"npc_random_raining_2","Why is it raining? I wanted to go to the beach . . .","xxxx","14",,,
"npc_random_raining_3","I don't like getting wet.","xxxx","5",,,
"npc_random_raining_4","Ah, it must be the monsoon season . . .","xxxx","10",,,
"npc_random_raining_5","Well, there goes my beach day.","xxxx","6",,,
"npc_random_raining_6","Hey neighbor! Know where I can get an umbrella?","xxxx","9",,,
"npc_random_raining_7","Why does it always rain when I travel?","xxxx","8",,,
"npc_random_raining_8","It's a nice day to sit indoors and read a book.","xxxx","11",,,
"npc_random_raining_9","This place is even more eerie in the rain.","xxxx","9",,,
"npc_random_raining_10","A love the rain. Refreshing!","xxxx","5",,,
,,,"",,,
"npc_random_snow_1","It's a cold day . . .","xxxx","7",,,
"npc_random_snow_2","The snowflakes are beautiful.","xxxx","4",,,
"npc_random_snow_3","Everything is white . . .","xxxx","6",,,
"npc_random_snow_4","I wonder when this snowfall will end?","xxxx","7",,,
"npc_random_snow_5","White Ash Harbor is beautiful with the snow.","xxxx","8",,,
"npc_random_snow_6","Brrrrrrrrrr.","xxxx","1",,,
"npc_random_snow_7","I need a warm scarf, and a hot cuppa cocoa.","xxxx","10",,,
"npc_random_snow_8","Hello, is there a ski resort here?","xxxx","7",,,
"npc_random_snow_9","I love all this snow!","xxxx","5",,,
"npc_random_snow_10","Know where I can get some hot soup on this cold day?","xxxx","12",,,
,,,,,,
"NPC RANDOM TIME OF DAY",,,,,,
,,,,,,
"npc_random_morning_1","Good morning neighbor.","xxxx","3",,,
"npc_random_morning_2","It's just a lovely morning ain't it?","xxxx","7",,,
"npc_random_morning_3","I love the smell of the sea in the morning.","xxxx","10",,,
"npc_random_morning_4","I need a coffee to start my morning.","xxxx","8",,,
"npc_random_morning_5","There's a lot of seagulls this morning . . .","xxxx","10",,,
"npc_random_morning_6","Does Le Sequoia offer breakfast?","xxxx","5",,,
"npc_random_morning_7","Time for my morning run!","xxxx","5",,,
"npc_random_morning_8","I should do some fishing before the sun gets higher.","xxxx","10",,,
"npc_random_morning_9","Heading out to do some foraging?","xxxx","6",,,
"npc_random_morning_10","The ocean looks beautiful in the morning.","xxxx","7",,,
,,,"",,,
"npc_random_night_1","What a lovely night.","xxxx","4",,,
"npc_random_night_2","Does the Circuit Lodge have any rooms left?","xxxx","8",,,
"npc_random_night_3","Is Le Sequoia still open?","xxxx","5",,,
"npc_random_night_4","Where can I get some late-night snacks?","xxxx","7",,,
"npc_random_night_5","Good night, friend.","xxxx","3",,,
"npc_random_night_6","Another uneventful day has come to an end.","xxxx","8",,,
"npc_random_night_7","White Ash Harbor looks very warm at night.","xxxx","8",,,
"npc_random_night_8","Whatever you do, don't go into the forest at night!","xxxx","10",,,
"npc_random_night_9","That volcano is really lighting up tonight . . .","xxxx","10",,,
"npc_random_night_10","I . . . I saw a monster in those woods!","xxxx","11",,,
,,,"",,,
,,,"",,,
"CHILDREN RANDOM",,"xxxx","",,,
,,,"",,,
"npc_child_random_1","I want to be a chef when I grow up!","xxxx","10",,,
"npc_child_random_2","I want to become a robot when I grow up!","xxxx","10",,,
"npc_child_random_3","Tommy was so mean today. I want to go home.","xxxx","10",,,
"npc_child_random_4","Hi. Does anyone know where my teddy is?","xxxx","8",,,
"npc_child_random_5","I'm lost. I can't find mommy.","xxxx","6",,,
"npc_child_random_6","This town is very boring. Where is the arcade?","xxxx","9",,,
"npc_child_random_7","I can't wait to go to Wonderworld next month!","xxxx","9",,,
"npc_child_random_8","Ughhh . . .","xxxx","4",,,
"npc_child_random_9","Doo doo do do dooooooo do doooooo.","xxxx","7",,,
"npc_child_random_10","That volcano looks scary. I heard it can melt people!","xxxx","10",,,
"npc_child_random_11","I don't want to go to school.","xxxx","7",,,
"npc_child_random_12","Ba bum bada bum ba ba bum bum bada bada bum.","xxxx","11",,,
"npc_child_random_13","I want some cheese balls.","xxxx","5",,,
"npc_child_random_14","Has anybody seen my dad?","xxxx","5",,,
"npc_child_random_15","Something smells great. I hope it's Fish N Chips.","xxxx","9",,,
"npc_child_random_16","I've been tricked . . . This isn't Wonderworld!","xxxx","9",,,
"npc_child_random_17","Where are the other kids hang out?","xxxx","7",,,
"npc_child_random_18","Adults are so lame. All they do is work and work.","xxxx","11",,,
"npc_child_random_19","I want to play Death Fighter 6 when I go home.","xxxx","11",,,
"npc_child_random_20","Does anyone know where I can get some beer?","xxxx","9",,,
,,,"",,,
"npc_child_interact_1","Sup big person.","xxxx","3",,,
"npc_child_interact_2","Yo. What are you looking at?","xxxx","6",,,
"npc_child_interact_3","I will be taller than you one day.","xxxx","8",,,
"npc_child_interact_4","Can I have some money for candy?","xxxx","7",,,
"npc_child_interact_5","Dad says I'm not allowed to go into the woods.","xxxx","10",,,
"npc_child_interact_6","I saw a big monster in the woods last week!","xxxx","10",,,
"npc_child_interact_7","Hello. Are you a teacher?","xxxx","5",,,
"npc_child_interact_8","Mommy says I shouldn't talk to strangers.","xxxx","7",,,
"npc_child_interact_9","How do you do?","xxxx","4",,,
"npc_child_interact_10","I don't care for your fancy food. I prefer chocolate.","xxxx","10",,,
"npc_child_interact_11","Please make an appointment with my butler.","xxxx","7",,,
"npc_child_interact_12","That robot girl that sells bubble tea is sooo coool!","xxxx","10",,,
"npc_child_interact_13","My dad took me to eat Takoyaki yesterday.","xxxx","8",,,
"npc_child_interact_14","Dad wants to go fishing, but I think it's boring.","xxxx","10",,,
"npc_child_interact_15","My parents are fighting again. So I ran away.","xxxx","9",,,
"npc_child_interact_16","I saw some kids go into the caves! But I'm too scared.","xxxx","12",,,
"npc_child_interact_17","I heard you can find diamonds in the volcano!","xxxx","9",,,
"npc_child_interact_18","Mommy says I should stop playing and go study.","xxxx","9",,,
"npc_child_interact_19","I want to go to Wonderworld! I want it! I want it!","xxxx","12",,,
"npc_child_interact_20","My dad is on a fishing trip. He told me to wait here.","xxxx","13",,,
,,,,,,
,,,,,,
"PLAYER",,"xxxx",,,,
,,,,,,
"cant_fish_1","I don't think I can fish here.","xxxx","7",,,
"cant_fish_2","There is nothing to fish here.","xxxx","6",,,
"cant_fish_3","I should find a better fishing spot.","xxxx","7",,,
"cant_fish_4","There is no fish here.","xxxx","5",,,
"cant_fish_5","The fishing rod will not work here.","xxxx","7",,,
"cant_fish_short_1","I should throw the hook farther.","xxxx","6",,,
"cant_fish_short_2","Not far enough.","xxxx","3",,,
"cant_fish_short_3","Not enough power . . . Let's put our back into it.","xxxx","12",,,
"cant_fish_weak_1","My fishing rod might be too weak.","xxxx","7",,,
"cant_fish_weak_2","I need a stronger fishing rod.","xxxx","6",,,
"cant_fish_weak_3","That fish is too strong for my fishing rod.","xxxx","9",,,
,,,"",,,
"cannot_farm","I cannot place seeds here.","xxxx","5",,,
"cannot_sell","I cannot sell this item.","xxxx","5",,,
,,,"",,,
"no_mail","I don't have any new mail.","xxxx","6",,,
"check_mail","I should check my mailbox.","xxxx","5",,,
,,,"",,,
"inventory_full_1","My inventory is full.","xxxx","4",,,
"inventory_full_2","This will not fit in my bag.","xxxx","7",,,
"inventory_full_3","I cannot carry any more.","xxxx","5",,,
"inventory_full_4","I should make room in my bag first.","xxxx","8",,,
"inventory_full_5","I can't take this with me.","xxxx","6",,,
,,,"",,,
"cannotharvest_maylou_0","I don't think I should take this.","xxxx","7",,,
"cannotharvest_maylou_1","I should speak to the farm owner first.","xxxx","8",,,
"cannotharvest_maylou_2","Someone is growing these.","xxxx","4",,,
"cannotharvest_maylou_3","Mae-Lou won't like that.","xxxx","4",,,
"cannotharvest_maylou_4","I shouldn't steal crops.","xxxx","4",,,
"cannotharvest_maylou_5","Best to leave these be.","xxxx","5",,,
,,,"",,,
"buildmode_warning_diningspot","Some dining spots are unreachable.","xxxx","5",,,
"buildmode_warning_appliance","One of the appliances is obstructed.","xxxx","6",,,
"buildmode_warning_fridge","The refrigerator is blocked by something.","xxxx","6",,,
"buildmode_warning_counter","One of the counters is obstructed.","xxxx","6",,,
"buildmode_warning_beverageDispenser","One of the beverage dispensers is obstructed.","xxxx","7",,,
"buildmode_warning_general","Some restaurant furniture are obstructed.","xxxx","5",,,
"buildmode_warning_missingfloor","I cannot directly place furniture on the soil.","xxxx","8",,,
"buildmode_warning_duplicateStage","There is already a stage in the restaurant.","xxxx","8",,,
"buildmode_warning_trapDoor","Not here. I should put this in Le Sequoia.","xxxx","9",,,
"buildmode_warning_lightController","This won't work here.","xxxx","6",,,
"buildmode_warning_lightControllerDuplicate","There is already a light controller.","xxxx","7",,,
"buildmode_warning_returnStorage","I cannot place item into storage.","xxxx","7",,,
"buildmode_warning_dispenser","I should place this in a restaurant.","xxxx","",,,
,,,"8",,,
"cannot_open_door_character_0","I don't know the person who lives here.","xxxx","7",,,
"cannot_open_door_character_1","I am not good enough friends with","xxxx","2",,,
"cannot_open_door_character_2","to enter.","xxxx","7",,,
"cannot_open_door_hours","It's closed. I should come back later.","xxxx","6",,,
"cannot_open_door_progress","I cannot open this door yet.","xxxx","5",,,
"cannot_open_door_empty_facility","This building is currently empty.","xxxx","6",,,
"cannot_open_door_renovating_facility","This facility is still being renovated.","xxxx","",,,
,,,"4",,,
"locked_door_201","This house is empty.","xxxx","7",,,
"locked_door_300","It's locked. Where does this door lead?","xxxx","8",,,
"locked_door_301","I should go talk to the townsfolk first.","xxxx","4",,,
"locked_door_311","This door is locked.","xxxx","8",,,
"locked_door_507","I don't think I should go in here.","xxxx","5",,,
"locked_door_528","This building is eerily empty.","xxxx","5",,,
"locked_door_532","It's locked . . .","xxxx","7",,,
"locked_door_533","I cannot use this greenhouse right now.","xxxx","6",,,
"locked_door_restaurant_renovating","The restaurant is being renovated today.","xxxx","",,,
,,,"6",,,
"locked_door_point_9999","This door doesn't lead anywhere. Weird.","xxxx","",,,
,,,"7",,,
"late_open_restaurant_1","It's a bit late to open now.","xxxx","8",,,
"late_open_restaurant_2","It's very late. I should wait till tomorrow.","xxxx","4",,,
"late_open_restaurant_3","It's very late now.","xxxx","3",,,
"early_open_quest_service_1","It's too early.","xxxx","7",,,
"early_open_quest_service_2","It's too early to host this event.","xxxx","7",,,
"early_open_quest_service_3","The invited guests are not ready yet.","xxxx","5",,,
"late_open_quest_service_1","It's too late for that.","xxxx","10",,,
"late_open_quest_service_2","I should host this important event at an early hour.","xxxx","8",,,
"late_open_quest_service_3","It's too late to host this special service.","xxxx","",,,
,,,"7",,,
"late_close_restaurant_1","Let's close the restaurant. It's very late.","xxxx","6",,,
"late_close_restaurant_2","Whew I'm tired. Let's close now.","xxxx","9",,,
"late_close_restaurant_3","It's pretty late now. Let's call it a day.","xxxx","10",,,
"critic_force_close","I shouldn't force close when a critic is still here.","xxxx","8",,,
"critic_not_arrived","I shouldn't close before the critic has arrived.","xxxx","8",,,
"quest_force_close","I shouldn't force close during an important event.","xxxx","9",,,
"questService_early_close","I should wait until all the guests have arrived.","xxxx","8",,,
"questService_force_close","I shouldn't force close during this important service.","xxxx","",,,
,,,"7",,,
"beverage_refreshed_1","I feel energized. Back to work then.","xxxx","4",,,
"beverage_refreshed_2","I really needed that.","xxxx","6",,,
"beverage_refreshed_3","Whew. I almost passed out there.","xxxx","5",,,
"beverage_refreshed_4","Whew. This is very strong!","xxxx","7",,,
"beverage_refreshed_5","I feel like a whole new person.","xxxx","",,,
,,,"2",,,
"no_beverages_1","It's empty.","xxxx","7",,,
"no_beverages_2","I should refill this after the service.","xxxx","7",,,
"no_beverages_3","Awww. I really needed some of this.","xxxx","6",,,
"no_beverages_4","I should make more next time.","xxxx","6",,,
"no_beverages_5","There is no more brew left.","xxxx","",,,
,,,"9",,,
"cant_use_April_Dispenser","I don't think I should keep using April's mixer.","xxxx","",,,
,,,"5",,,
"no_water_0","My water can is empty.","xxxx","6",,,
"no_water_1","I need to get more water.","xxxx","6",,,
"no_water_2","The water can needs more water.","xxxx","7",,,
"no_water_3","This water can doesn't have enough water.","xxxx","",,,
,,,"8",,,
"library_random_book_1","It doesn't look like there are recipes here.","xxxx","3",,,
"library_random_book_2","Nothing useful here.","xxxx","5",,,
"library_random_book_3","This is not a cookbook.","xxxx","8",,,
"library_random_book_4","This seems to be a children's cartoon book.","xxxx","8",,,
"library_random_book_5","Nothing about cooking in here . . .","xxxx","8",,,
"library_random_book_6","I need to keep looking . . .","xxxx","7",,,
"library_random_book_7","This is just a book about computers.","xxxx","5",,,
"library_random_book_8","This cookbook is too basic.","xxxx","10",,,
"library_random_book_9","This is a book about fishing. No recipes in here.","xxxx","6",,,
"library_random_book_10","This book seems to be damaged.","xxxx","",,,
,,,"7",,,
"library_cook_book_1","Yes! Just what I was looking for!","xxxx","6",,,
"library_cook_book_2","This recipe will be very useful.","xxxx","7",,,
"library_cook_book_3","There are some advanced recipes in here.","xxxx","7",,,
"library_cook_book_4","It's a cookbook by chef Casteau. Perfect!","xxxx","9",,,
"library_cook_book_5","There are some beautiful and tasty recipes in here.","xxxx","",,,
,,,"8",,,
"bath_blocks_full_1","All of the baths already have bath blocks.","xxxx","9",,,
"bath_blocks_full_2","The machine is full. I should come back later.","xxxx","8",,,
"bath_blocks_full_3","The baths have enough bath blocks right now.","xxxx","6",,,
"bath_blocks_inactive","I cannot use this right now.","xxxx","",,,
,,,"7",,,
"pets_noHome_1","I should get a permanent home first.","xxxx","8",,,
"pets_noHome_2","I don't have a home for a pet.","xxxx","6",,,
"pets_noHome_3","I should purchase a home first.","xxxx","9",,,
"pets_smallHome_1","I cannot fit any more pets in my home.","xxxx","6",,,
"pets_smallHome_2","I need a bigger house first.","xxxx","9",,,
"pets_smallHome_3","My house is too small for so many pets.","xxxx","4",,,
"pets_pet_1","There (type), there (type).","xxxx","7",,,
"pets_pet_2","Hey (gender). How are we feeling today?","xxxx","8",,,
"pets_pet_3","Good (gender). You are such a good (type).","xxxx","8",,,
"pets_pet_4","Who's a good (type)? Who's a good (type)?","xxxx","8",,,
"pets_pet_5","Hey (name), want some food? Want to play?","xxxx","5",,,
"pets_full_1","Ah, are you full (name)?","xxxx","4",,,
"pets_full_2","You've already eaten (gender).","xxxx","4",,,
"pets_full_3","You seem very full.","xxxx","8",,,
"pets_full_4","I don't think you need any more food.","xxxx","6",,,
"pets_full_5","I'll give you some later then.","xxxx","4",,,
"pets_feed_1","There ya go (name).","xxxx","6",,,
"pets_feed_2","Who's a hungry (type)? You are!","xxxx","8",,,
"pets_feed_3","Whew slow down there (gender). There's plenty left.","xxxx","5",,,
"pets_feed_4","Look what I've got here?","xxxx","8",,,
"pets_feed_5","Hey (name). I think you will like this.","xxxx","1",,,
"pet_gender_1","boy","xxxx","1",,,
"pet_gender_2","girl","xxxx","1",,,
"pet_type_Dog","doggy","xxxx","1",,,
"pet_type_Cat","kitty","xxxx","",,,
,,,"5",,,
"inventory_need_one_space_full_1","My bag is totally full!","xxxx","8",,,
"inventory_need_one_space_full_2","I should make room in my bag first.","xxxx","4",,,
"inventory_need_one_space_full_3","My backpack is full.","xxxx","",,,
,,,"11",,,
"drill_quartz_failed","I need a better drill to extract this . . .","xxxx","8",,,
"drill_quartz_success","I think this drill will do the trick!","xxxx","",,,
,,,"7",,,
"no_skill_brewing","I don't know how to brew alcohol.","xxxx","6",,,
"no_skill_farming","I have not learned farming yet.","xxxx","9",,,
"no_skill_research","I need to learn how to do this first.","xxxx","",,,
,,,"4",,,
"heat_damage_1","It's too hot here!","xxxx","11",,,
"heat_damage_2","I need to protect myself from the heat . . .","xxxx","2",,,
"heat_damage_3","It burns!!!","xxxx","",,,
,,,"",,,
,,,"",,,
"PLAYER_HEALTH_STAMINA",,"xxxx","",,,
,,,"8",,,
"midnight_tired_1","I'm very tired. I should go to sleep.","xxxx","8",,,
"midnight_tired_2","Whew, I need to go to bed soon.","xxxx","6",,,
"midnight_tired_3","I shouldn't stay up so late.","xxxx","6",,,
"midnight_tired_4","I really need some shut eye.","xxxx","8",,,
"midnight_tired_5","I feel like I will pass out soon.","xxxx","",,,
,,,"",,,
"SHOP GENERIC DIALOGUES",,"xxxx","",,,
,,,"9",,,
"crafting_InventoryFull_1","You should make some room in your bag first.","xxxx","7",,,
"crafting_InventoryFull_2","It looks like your bag is full.","xxxx","7",,,
"crafting_InventoryFull_3","Looks like you cannot carry any more.","xxxx","6",,,
"crafting_NoBlueprints_1","Please bring me some blueprints first.","xxxx","7",,,
"crafting_NoBlueprints_2","I need some blueprints to craft items.","xxxx","7",,,
"crafting_NoBlueprints_3","Come back when you have some blueprints.","xxxx","",,,
,,,"",,,
,,,"",,,
"STORY QUESTS",,,"",,,
,,,"",,,
"QUEST GENERIC",,,"",,,
,,,"11",,,
"Quest_generic_noCredits_1","What are you doing? You don't have enough credits right now.","xxxx","6",,,
"Quest_generic_noCredits_2","You do not have enough credits.","xxxx","7",,,
"Quest_generic_noCredits_3","Come back when you have more credits.","xxxx","",,,
,,,"9",,,
"Quest_generic_noPowerCells_1","Please come back to me with more power cells.","xxxx","7",,,
"Quest_generic_noPowerCells_2","You need to collect more power cells.","xxxx","7",,,
"Quest_generic_noPowerCells_3","You do not have enough power cells.","xxxx","",,,
,,,"9",,,
"Quest_generic_noInventory_1","You do not have any room in your bag.","xxxx","8",,,
"Quest_generic_noInventory_2","I don't think you can carry any more.","xxxx","9",,,
"Quest_generic_noInventory_3","You should make some room in your bag first.","xxxx","",,,
,,,"",,,
,,,"",,,
,,,"1",,,
"INTRO","INTRO",,"",,,
,,,"",,,
,,,"",,,
"11010_INTRO_Player wakes up and sees letter",,,"",,,
,,,"10",,,
"Player_cutscene_chatbubble_11010_1","Hmmm . . . It looks like I got mail.","xxxx","11",,,
"Player_cutscene_chatbubble_11010_2","This envelope . . . It must be from Chef Casteau.","xxxx","6",,,
"Player_cutscene_chatbubble_11010_3","I hope he is doing well.","xxxx","6",,,
"Player_cutscene_chatbubble_11010_4","I wonder why he is writing?","xxxx","",,,
,,,"",,,
"11011_INTRO_Player walks out of train bathroom",,,"",,,
,,,"7",,,
"Asher_cutscene_chatbubble_11011_1","Attention passengers, this is your conductor speaking!","xxxx","9",,,
"Asher_cutscene_chatbubble_11011_2","We will be arriving in White Ash Harbor shortly.","xxxx","10",,,
"Asher_cutscene_chatbubble_11011_3","Please gather your belongings and prepare to disembark the train!","xxxx","",,,
,,,"",,,
,,,"",,,
"11012_INTRO_Old & Young man walk out of train",,,"",,,
,,,"5",,,
"TrainYoungMan_cutscene_chatbubble_11012_1","Come on gramps. Let's go.","xxxx","5",,,
"TrainOldMan_cutscene_chatbubble_11012_2","Where am I going again?","xxxx","10",,,
"TrainYoungMan_cutscene_chatbubble_11012_3","We have arrived at White Ash Harbor. Don't you remember?","xxxx","10",,,
"TrainOldMan_cutscene_chatbubble_11012_4","Oh right! I'm heading to Bea's Bar for a drink!","xxxx","5",,,
"TrainYoungMan_cutscene_chatbubble_11012_5","Mannnn, White Ash Harbor sucks.","xxxx","10",,,
"TrainYoungMan_cutscene_chatbubble_11012_6","Ughhh . . . I'm not looking forward to this.","xxxx","",,,
,,,"",,,
"11013_INTRO_Old & Young + Meeting Hasel",,,"",,,
,,,"8",,,
"TrainYoungMan_cutscene_chatbubble_11013_1","Come on, grandpa! Gah, it even smells bad!","xxxx","5",,,
"TrainOldMan_cutscene_chatbubble_11013_2","Where are we going again?","xxxx","",,,
,,,"46",,,
"Hasel_cutscene_11013_1","Salutations! You must be (playername), the new chef! I am Hasel; I run the Bubble Shack in White . . . whi . . . btzzzzt . . . _I mean, White Ash Harbor. I hope you enjoyed your train ride. It's a very scenic route.","xxxx","40",,,
"Hasel_cutscene_11013_2","Now that you are here, I can help you settle into this little hamlet by the sea._Chef Casteau asked me to show you his old restaurant. I hop . . . hop . . . h btzzzzt . . .","xxxx","4",,,
"Hasel_cutscene_11013_2A_Option","Hey, are you ok?","xxxx","9",,,
"Hasel_cutscene_11013_2B_Option","You don't look like the other androids I've seen.","xxxx","50",,,
"Hasel_cutscene_11013_2A_Response",". . . Ahem. It's all good! That happens a lot, my chip was damaged by all the water in the dumpster where I was found._Did I tell you I was found in a dumpster? I can't remember anything from before then. That was five years ago . . .","xxxx","51",,,
"Hasel_cutscene_11013_2B_Response",". . . Ahem. Ah, sorry about that. My chip can get a little buggy nowadays . . . You see, I'm an older model, pre - 2048, before the synthetic skin overhauls and the P1 processor upgrades._But no matter, what I lack in brawn, I make up for in grit!","xxxx","22",,,
"Hasel_cutscene_11013_3","You must be curious about the restaurant that Chef Casteau left to you. It's called Le Sequoia, named after a wonderful tree.","xxxx","30",,,
"Hasel_cutscene_11013_4","I know a lot about trees. Did you know the sequoia needs fire for their seeds to drop and have a chance to grow?_Without fire, the trees would never populate.","xxxx","5",,,
"Hasel_cutscene_11013_4A_Option","Hmmmm. Interesting . . .","xxxx","7",,,
"Hasel_cutscene_11013_4B_Option","Whoa! There's a frog on your head!","xxxx","33",,,
"Hasel_cutscene_11013_4A_Response","Ah, sorry for rambling on. As an android, I have an eternal fascination with all things living . . . _Anyhow, you must be dying to see your new restaurant. Let's get moving!","xxxx","43",,,
"Hasel_cutscene_11013_4B_Response","Oh . . . oh yes, do not worry! This is my friend Boba._Ever since I awoke from the dumpster in Billboard City, he's been with me the whole time._Let's get moving shall we? I'll tell you more about Boba along the way.","xxxx","",,,
,,,"",,,
"11014_INTRO_Hasel Shows you White Ash Harbor",,,"",,,
,,,"40",,,
"Hasel_cutscene_11014_1","Welcome to White Ash Harbor! It's not big, but I've lived here for 5 years and I love it here._We are walking through the central market. This is where you can purchase a lot of your ingredients. Look over there!","xxxx","16",,,
"Hasel_cutscene_11014_2","That's my friend Uriel! Busy as always with his shop._I think he overworks himself too much.","xxxx","7",,,
"Hasel_cutscene_11014_3","You'll meet him later. Let's keep going!","xxxx","25",,,
"Hasel_cutscene_11014_4","Up here is the Town Hall. This is where you should come if you want to purchase a home or make upgrades to your restaurant.","xxxx","20",,,
"Hasel_cutscene_11014_5","C'mon! C'mon! You'll have plenty of time to explore the town! Let me show you where you will be staying!","xxxx","",,,
,,,"",,,
"11015_INTRO_Hasel shows you Le Sequoia",,,"",,,
,,,"31",,,
"Hasel_cutscene_11015_1","This is our local Circuit Lodge. Chef Casteau has arranged for you to stay here as long as you like, free of charge!_Nacim runs the lodge. Say hello for me later!","xxxx","7",,,
"Hasel_cutscene_11015_2","Let's go! Heyo! To the last stop!","xxxx","39",,,
"Hasel_cutscene_11015_3","Here we are. Le Sequoia. Isn't it lovely? I know it looks a bit run down, but I'm sure you'll get it looking spiffy in no time._Before you see inside, let me go in and clean up a bit.","xxxx","26",,,
"Hasel_cutscene_11015_4","While I'm doing that, go and meet some of the shop owners in town._They'll be expecting you and will have a welcoming gift ready for you!","xxxx","30",,,
"Hasel_cutscene_11015_5","Here's a list, most of the people on the list are friends of mine, so say hi from me!_I love lists! When you get back, we'll set up the restaurant.","xxxx",,,,
,,,,,,
"ACT 1",,,,,,
,,,,,,
"2101 - HASEL'S FIRST MEAL",,,,,,
,,,"36",,,
"Uriel_quest_21011_1","Would you look at that! It's the new chef Hasel was telling us about! Sorry, I'm Uriel._I'm the butcher here in White Ash Harbor. I always have the best cuts of beef available for my customers.","xxxx","39",,,
"Uriel_quest_21011_2","Since you just arrived, I'm sure you'll be needing some ingredients to get started. I have some extra fresh eggs in stock._Also, if you are brave enough to hunt for your own ingredients, there's plenty of wildlife out there.","xxxx","45",,,
"Uriel_quest_21011_3","Take this old bow. It's a bit worn, but it will get the job done._Meat is all I know, but if you are in need of veggies, speak to Mae-Lou. She sells produce freshly grown from her farm. Her shop is just to the right.","xxxx","16",,,
"Uriel_quest_21011_4","Was a pleasure to meet you and hope you'll have a good time getting settled in!","xxxx","",,,
,,,"24",,,
"MaeLou_quest_21010_1","A new face? We don't get too many of those around here, which probably means you're the new chef Hasel was telling us about.","xxxx","39",,,
"MaeLou_quest_21010_2","I'm Mae-Lou, my family owns Takashi Farms. You're going to want to use our produce in your restaurant since it's the freshest around._Here are some samples, but if you want to try your hand at foraging, take this scythe.","xxxx","46",,,
"MaeLou_quest_21010_3","It will cut down most plant-life and any ankles that get in its way._I mean that. That thing is not a toy, so respect it at all times._Fantastic ingredients can be found in these lands. Just do be careful. Nice to meet you and good luck!","xxxx","34",,,
"MaeLou_quest_21010_4","Our farm mainly produces veggies, but Nabiha has a great supply of fruits, shipped in from out of town._You should meet her! I'm sure chefs use a lot of fruits in their creations too!","xxxx","",,,
,,,"21",,,
"Nabiha_quest_21012_1","Ah, it's ghastly to be steps away from all of that meat. Ugh!_Oh! Hello darling, I'm Nabiha, pleasure to meet you.","xxxx","44",,,
"Nabiha_quest_21012_2","You're that new chef I've heard so much about. Welcome to our little corner of the world. It's a small town, but it is a quaint one I assure you._The culture here is working class, but it's been on the rise as of late.","xxxx","30",,,
"Nabiha_quest_21012_3","Take some of these. The freshest and most organic fruits you will find anywhere!_And try this recipe for making a fantastic berry punch. It's made me very popular at potlucks!","xxxx","38",,,
"Nabiha_quest_21012_4","Oh! Since you're a chef, you should meet Aloys down by the docks. He's a fisherman, so he will know his way around seafood._Personally, I'm a vegetarian, but don't let that stop you from supporting our local industry.","xxxx","",,,
,,,"39",,,
"Aloys_quest_21013_1","Sup, I'm Aloys. You're the chef from that shack over on the other side of town? You're braver than most._Look, I'm not supposed to do this, but here's some shrimp to start you off. Don't let the captain know!","xxxx","43",,,
"Aloys_quest_21013_2","Also, here's an old fishing pole to catch some fish yourself, since I can't supply you with free inventory forever._. . . Ah, it looks like you've got meats, veggies, fruits, and seafood covered._ . . . Wait! . . . I know!","xxxx","40",,,
"Aloys_quest_21013_3","Check out the general store and say hi to my friend Thelio for me._If you need baking goods, his shop Milk & Wheat is the place to be. Eh . . . well . . . catch ya later (playername).","xxxx","",,,
,,,"29",,,
"Thelio_quest_21014_1","Oh yes, you must be the new chef. I don't see what the big deal is with Le Sequoia. It just looks like a dinky old building to me.","xxxx","35",,,
"Thelio_quest_21014_2","Anyways, I'm Thelio. Come by if you need basic cooking ingredients._Oh no no, this isn't my shop. I'm just running it while the owner is away. Why would anyone name their store Milk & Wheat?","xxxx","32",,,
"Thelio_quest_21014_3","Look, I don't have a lot I can spare right now, but I can give you something as a welcoming gift._My boss won't notice if a small amount of inventory is off.","xxxx","45",,,
"Thelio_quest_21014_4","I'm glad to help, but I can't do any more freebies after this. Sorry, I'm trying to keep this job. Good luck._Looks like you've gotten a nice batch of ingredients to work with. Why not go back to the restaurant and give em a spin?","xxxx","",,,
,,,"37",,,
"Hasel_cutscene_21010_1","You met everyone? Aloys? Mae-Lou? Sebastian? Sorry, I don't even know Sebastian, but I hope he's okay._Great. Allow me to officially welcome you to your restaurant. Look at Boba! He's just so jazzed right now! Follow me!","xxxx","",,,
,,,"37",,,
"Hasel_cutscene_21011_1","So . . . em . . . yeah . . . It has seen better days. It's a little worn, but we can fix it up later._First things first. We can't have a restaurant without furniture.","xxxx","26",,,
"Hasel_cutscene_21011_2","The townsfolk managed to scrounge up some furniture and cooking appliances, so you should have enough to get started. Enter 'build mode' to start placing furniture.","xxxx","43",,,
"Hasel_cutscene_21011_3","Next, you should pl . . . . pl . . . . Place your ing . . . . btzzztt . . . _ . . . Whew, no worries. You should place the ingredients you wish to use in this fridge.","xxxx","14",,,
"Hasel_cutscene_21011_4","Finally, you can manage your restaurant and set your menu here, using this computer.","xxxx","30",,,
"Hasel_cutscene_21011_5","That seems like everything! Why don't we give everything a test run?_When you're ready, open up and I get to be the first ever customer of the new Le Sequoia!_Yaaahoooo!","xxxx","",,,
,,,"11",,,
"Hasel_restaurantService_2101_Arriving_1","I'm so excited to be the new Le Sequoia's first customer! ","xxxx","10",,,
"Hasel_restaurantService_2101_Ordering_1","I'll take the (dish). It looks right up my alley.","xxxx","5",,,
"Hasel_restaurantService_2101_Eating_1","This (dish) is truly delectable.","xxxx","8",,,
"Hasel_restaurantService_2101_Eating_2","I think Boba wants a bite of this!","xxxx","10",,,
"Hasel_restaurantService_2101_Leaving_1","Thanks for the meal! I'll let you finish up here.","xxxx","",,,
,,,"35",,,
"Hasel_cutscene_21012_1","Wow! That was a delicious meal. I . . . I . . . Izzzzttt . . . I think Le Sequoia will soar high with you in charge._So chef, what should we do next?","xxxx","8",,,
"Hasel_cutscene_21012_1A_Option","I think we should have a soft opening.","xxxx","10",,,
"Hasel_cutscene_21012_1B_Option","I'm not sure . . . What do you think?","xxxx","26",,,
"Hasel_cutscene_21012_1A_Response","I always open doors gently. I feel bad when they get slammed . . . oh . . . you mean for the restaurant. Silly me.","xxxx","17",,,
"Hasel_cutscene_21012_1B_Response","Huh . . . well I think we should should invite more friends to come eat right?","xxxx","39",,,
"Hasel_cutscene_21012_2","You have to get this place in shape now! Chef Casteau left me a list of stuff you need to do to reopen Le Sequoia._You can view them inside the restaurant. If you follow these steps, you are set!","xxxx","24",,,
"Hasel_cutscene_21012_3","For furniture, check out La Galerie in the center of town._The locals might also give you some furniture pieces if you help them out!","xxxx","7",,,
"Hasel_cutscene_21012_3A_Option","How can I get more refrigerator space?","xxxx","8",,,
"Hasel_cutscene_21012_3B_Option","That freezer seems deteriorated. Think it will last?","xxxx","19",,,
"Hasel_cutscene_21012_3A_Response","Yes, that fridge seems a bit small. I suppose a good chef requires space for a lot of ingredients.","xxxx","31",,,
"Hasel_cutscene_21012_3B_Response","I'm sure it will! I'm a little bit deteriorated myself but look at me! Alive and kickin after all these years!_But I suppose it could use an upgrade . . .","xxxx","37",,,
"Hasel_cutscene_21012_4","Yes . . . you should speak to Bianca. She is a super-smart lady and I'm sure she will know how._Be careful though. Her help doesn't come cheap . . . I can never afford her help.","xxxx","37",,,
"Hasel_cutscene_21012_5","I'll be going now. I have to get back to my shop before those pesky ki . . . ki . . . bzzzzt . . . kids steal some drinks._ . . . Anyways, good luck!","xxxx",,,,
,,,,,,
,,,,,,
"11009_INTRO_Leaving Apartment",,,,,,
,,,"10",,,
"Player_cutscene_chatbubble_11009_1","Bags are packed. Stuff has been sold. This is it.","xxxx","15",,,
"Player_cutscene_chatbubble_11009_2","It's a bit shabby, but I will miss this kitchen . . . I think.","xxxx","4",,,
"Player_cutscene_chatbubble_11009_3","Well, time to go.","xxxx",,,,
,,,,,,
"2102 - THERMAL TROUBLE",,,,,,
,,,"3",,,
"Player_cutscene_chatbubble_21020_1","Hello? Anyone here?","xxxx","4",,,
"Bianca_cutscene_chatbubble_21020_2","Huh. A visitor today?","xxxx","7",,,
"Bianca_quest_21020_1_Friendship","Hi (playername). What do you need today?","xxxx","11",,,
"Bianca_quest_21020_1_NoFriendship","Yes . . . oh, you're new. What do you want?","xxxx","6",,,
"Bianca_quest_21020_1A_Option","Hasel said you could help me.","xxxx","6",,,
"Bianca_quest_21020_1B_Option","Oh, is this a bad time?","xxxx","8",,,
"Bianca_quest_21020_1A_Response","Hasel said I would help you? With what?","xxxx","11",,,
"Bianca_quest_21020_1B_Response","I'm just having my daily dose of frustration, but I'll survive.","xxxx","40",,,
"Bianca_quest_21020_2","Wait, this is about that old restaurant . . . Wait! Did she volunteer me?!_Hasel . . . you are a sweetheart, but girl, I do not . . . Ugh! She mentioned you . . . might need help.","xxxx","7",,,
"Bianca_quest_21020_2A_Option","The refrigerator in the restaurant is broken.","xxxx","6",,,
"Bianca_quest_21020_2B_Option","She told me you could help.","xxxx","6",,,
"Bianca_quest_21020_2A_Response","I see why she recommended me.","xxxx","10",,,
"Bianca_quest_21020_2B_Response","Oh yes. She said the fridge was broken. Fine fine.","xxxx","30",,,
"Bianca_quest_21020_3","I said I would help, but I'm gonna need something in return. My 'inspiration' if you will._Speak to Thelio at Milk and Wheat. Tell him 'the eagle crows at midnight.'","xxxx","31",,,
"Bianca_quest_21020_4","If you can get it for me, I will fix up the refrigerator for you._Bring it back here, and I'll . . . help. That word is odd to say. Yep.","xxxx","",,,
,,,"9",,,
"Thelio_quest_21021_1","Hello! Is there something I can get for you?","xxxx","11",,,
"Thelio_quest_21021_1A_Option","I'm here to get . . . a thing for Bianca.","xxxx","7",,,
"Thelio_quest_21021_1B_Option","Bianca says, 'the eagle crows at midnight.'","xxxx","8",,,
"Thelio_quest_21021_1A_Response","A thing for Bianca . . . OH!","xxxx","12",,,
"Thelio_quest_21021_1B_Response","Eagles don't crow, they screech, I think. Regardless, what? Bianca wouldn't, OH!","xxxx","22",,,
"Thelio_quest_21021_2","You're here for that thing she wanted!_So I do have one left. It ain't cheap though. It will cost you 500 credits.","xxxx","12",,,
"Thelio_quest_21021_2A_Option","Wow, that is really expensive . . . Fine. I'll take it.","xxxx","8",,,
"Thelio_quest_21021_2B_Option","500 Credits! I cannot afford this right now.","xxxx","18",,,
"Thelio_quest_21021_2A_Response","Here you go. It's a very rare limited edition item. Bianca has a taste for things like this.","xxxx","11",,,
"Thelio_quest_21021_2B_Response","I'm not surprised. Well, come back if you change your mind.","xxxx","24",,,
"Thelio_quest_21021_3","Oh, just a bit of advice, I wouldn't mention it to Bianca if I were you._You don't want to get on her bad side.","xxxx","",,,
,,,"8",,,
"Bianca_quest_21022_1","Do you have . . . the item?","xxxx","6",,,
"Bianca_quest_21022_1A_Option","Your expensive box of Goldilocks Chocolate?","xxxx","6",,,
"Bianca_quest_21022_1B_Option","Yes, I have it right here.","xxxx","28",,,
"Bianca_quest_21022_1A_Response","If I were you, I would not say that so loud. Since this is the first time we've met, I'll spare you just this once . . .","xxxx","12",,,
"Bianca_quest_21022_1B_Response","Thank you. You will do well to keep this to yourself, yes?","xxxx","35",,,
"Bianca_quest_21022_2","I can fix your kitchen now. This is the last time you're getting anything like that from me, so enjoy._If you need anything else, it will cost a lot more. Meet me at your restaurant.","xxxx","",,,
,,,"27",,,
"Bianca_cutscene_21021_1","All fixed. Of course, something like this is a piece of cake for me. The fridge has been upgraded, and the storage space is much larger now.","xxxx","29",,,
"Bianca_cutscene_21021_2","In the future, you can expand your fridge further using the restaurant computer . . ._. . . for the small price of a few Credits and Power Cells.","xxxx","20",,,
"Bianca_cutscene_21021_3","Come see me if you need any specialized machinery made. Anyways . . . see you around . . .","xxxx",,,,
,,,,,,
,,,,,,
"11006_INTRO_Rival Selection",,,,,,
,,,"4",,,
"AcademyInstructor1_cutscene_chatbubble_11006_1","(playername), it's almost time.","xxxx","8",,,
"AcademyInstructor1_cutscene_chatbubble_11006_2","Please choose a classmate for your graduation cookoff.","xxxx","9",,,
"AcademyInstructor1_cutscene_chatbubble_11006_3","Head into the master kitchen when you are ready.","xxxx","",,,
,,,"3",,,
"AcademyStudent1_cutscene_chatbubble_11006_1","I'm so excited!","xxxx","3",,,
"AcademyStudent2_cutscene_chatbubble_11006_1","Quick! This way.","xxxx","6",,,
"AcademyStudent3_cutscene_chatbubble_11006_1","The graduation cookoffs are starting soon!","xxxx","8",,,
"AcademyStudent4_cutscene_chatbubble_11006_1","I wonder who will compete . . .","xxxx","",,,
,,,"35",,,
"Koa_quest_128_1","It's exciting, isn't it? Graduating and all. I will miss the time we spent together._How about it (playername)? One last dance in the kitchen? Just don't be upset when I kick your butt again._Choose Koa?","xxxx","1",,,
"Koa_quest_128_1A_Option","Yes","xxxx","1",,,
"Koa_quest_128_1B_Option","No","xxxx","42",,,
"Koa_quest_128_1A_Response","Exciting! I always imagined we would be facing off in the graduation cookoff._Don't hold back (playername), because even your best dish will have a hard time against my secret recipe._Ah . . . it looks like we need to head in now.","xxxx","17",,,
"Koa_quest_128_1B_Response","Scared huh? I don't blame you. I'll still be here if you whip up the courage again.","xxxx","",,,
,,,"36",,,
"Camille_quest_129_1","It's been a great couple of years. This academy wasn't easy, but we managed to pull through._Would you like to face me in the graduation cookoff? Just remember, I won't go easy on you (playername)._Choose Camille?","xxxx","1",,,
"Camille_quest_129_1A_Option","Yes","xxxx","1",,,
"Camille_quest_129_1B_Option","No","xxxx","28",,,
"Camille_quest_129_1A_Response","Great! One final clash before we become professional chefs. I hope you will give it your all (playername). I'll be using my best recipe, so don't hold back.","xxxx","12",,,
"Camille_quest_129_1B_Response","Ah, that's a shame. I'll be here if you change your mind.","xxxx","",,,
,,,"9",,,
"Koa_cutscene_11005_1","Let's go friend. May the best chef be victorious.","xxxx","",,,
,,,"8",,,
"Camille_cutscene_11004_1","Shall we go (playername)? The instructors are waiting.","xxxx","",,,
,,,"",,,
,,,"",,,
"11009_Rival Letter",,,"",,,
,,,"3",,,
"Mail_11009_Letter_Title","An Old Friend","xxxx","19",,,
"Mail_11009_Letter_1","(playername), when I walked into Otto Canton's kitchen the other day, and heard you had quit, I was shocked.","xxxx","17",,,
"Mail_11009_Letter_2","Chef Casteau mentioned that you were taking over an old space of his in White Ash Harbor.","xxxx","29",,,
"Mail_11009_Letter_3","We've often talked about owning our own restaurants one day, but I didn't think you would run off to the edge of the world to that small little town.","xxxx","27",,,
"Mail_11009_Letter_4","I hope you know what you are doing. I'm intrigued to say the least, and wish you luck, because I want to see where this is heading.","xxxx","",,,
,,,"",,,
"2103 - SOFT OPENING",,,"",,,
,,,"40",,,
"Hasel_cutscene_21030_1","I wanted to stop by and . . . and see how everything is going?_When do you think you'll open the restaurant? That food you made me was delicious._Now that you have your refrigerator working, I assume it'll be soon?","245","10",,,
"Hasel_cutscene_21030_1A_Option","Well, the restaurant is all set up now. I'm ready.","xxxx","10",,,
"Hasel_cutscene_21030_1B_Option","I want to explore White Ash Harbor a bit more.","xxxx","15",,,
"Hasel_cutscene_21030_1A_Response","Perfect. I'm . . . I'm . . . Bzztttttt . . . So excited!","245","25",,,
"Hasel_cutscene_21030_1B_Response","That's great! There are lots to explore around this area._I'm sure you want to think about your menu some more and gather up more ingredients.","245","31",,,
"Hasel_cutscene_21030_2","After today, talk to me when you are ready to do the soft opening._I can invite everyone who helped you get started in Might Bash Tarbor, I mean, White Ash Harbor.","245","35",,,
"Hasel_cutscene_21030_3","Since there will be more people, you should look into hiring a waiter._Thankfully, we still get a lot of travellers who look for temporary work. You can hire staff using the computer in your restaurant.","245","17",,,
"Hasel_cutscene_21030_4","Hiring help is an important step for growing Le Sequoia. You can't do everything on your own!","245","38",,,
"Hasel_cutscene_21030_5","Oh . . . one more thing. Mae-Lou over at Takashi farms was looking for some help._You should pay her a visit if you have some free time. Her fresh produce could be quite valuable for your recipes!","245","",,,
,,,"",,,
"11008_INTRO_Otto Canton's Kitchen",,,"",,,
,,,"7",,,
"Otto_cutscene_chatbubble_11008_1","Two Top Sirloin TarTars with Micro Greens!","xxxx","4",,,
"Otto_cutscene_chatbubble_11008_2","Four Chocolate Lava Cakes!","xxxx","",,,
,,,"2",,,
"OttoChef1_cutscene_chatbubble_11008_1","Yes, Chef!","xxxx","2",,,
"OttoChef2_cutscene_chatbubble_11008_1","Yes, Chef!","xxxx","2",,,
"OttoChef3_cutscene_chatbubble_11008_1","Yes, Chef!","xxxx","2",,,
"OttoChef4_cutscene_chatbubble_11008_1","Yes, Chef!","xxxx","2",,,
"OttoChef5_cutscene_chatbubble_11008_1","Yes, Chef!","xxxx","",,,
,,,"27",,,
"Otto_cutscene_11008_1","(playername)! You sure took your time with that bathroom break. Get back to your station now!_We need an order of Wagyu with Cherry Sauce. Get on it!","xxxx","",,,
,,,"40",,,
"Otto_cutscene_11008_1_minigame_bad","Are we serving dogs here? I didn't know we served dogs. Take this outside and feed it to the dogs._And while you're out there, don't come back inside. Maybe tomorrow you could TRY to make some food humans can eat.","xxxx","42",,,
"Otto_cutscene_11008_1_minigame_good","Oh, this is cute. You made this? It's perfect, so perfect in fact that I need you to go and chuck it into the trash!_My recipe requires THREE ginger slices. You put in FOUR! My kitchen, my recipe, nothing else! Get out!","xxxx","",,,
,,,"21",,,
"Otto_cutscene_11008_2_human","Oh, while you are out, go to the doctor and get your taste buds checked. They don't seem to be workin!","xxxx","14",,,
"Otto_cutscene_11008_2_android","Oh, and while you're at it, get your taste sensors tweaked, you tin can!","xxxx","",,,
,,,"",,,
"Flashback End",,,"",,,
,,,"16",,,
"Hasel_quest_21031_1","Hi, (playername), how's the soft opening prep going? Is it ready? IS IT READY?!! IS IT?!!!","xxxx","7",,,
"Hasel_quest_21031_1A_Option","I'm not ready yet, but I'm close.","xxxx","10",,,
"Hasel_quest_21031_1B_Option","Whoa! I can hear you just fine. Yes, it's ready.","xxxx","13",,,
"Hasel_quest_21031_1A_Response","I'm sure you got it! Just let me know when you are ready.","xxxx","46",,,
"Hasel_quest_21031_1B_Response","OH! Sorry, my ability to control my volume goes out the window when I get excited. I'll keep the guest list as small as a kangaroo rat, which are not, in fact, the same size as an actual kangaroo._Anyways . . . I'll let everyone know!","xxxx","",,,
,,,"5",,,
"Hasel_restaurantService_2103_Arriving_1","Welcome to Le Sequoia everyone!","xxxx","6",,,
"Hasel_restaurantService_2103_Ordering_1","I'll try the (dish) this time.","xxxx","10",,,
"Hasel_restaurantService_2103_Eating_1","Wait, you can . . . you can eat that?","xxxx","9",,,
"Hasel_restaurantService_2103_Eating_2","The blend of both liquids and solids is extraordinary.","xxxx","6",,,
"Hasel_restaurantService_2103_Eating_3","The texture is nice, I think.","xxxx","6",,,
"Hasel_restaurantService_2103_Leaving_1","That was great, wasn't it Boba?","xxxx","",,,
,,,"5",,,
"Bianca_restaurantService_2103_Arriving_1","I like this dark ambience.","xxxx","6",,,
"Bianca_restaurantService_2103_Ordering_1","Huh. Maybe this will be good.","xxxx","5",,,
"Bianca_restaurantService_2103_Eating_1","I did not expect that.","xxxx","4",,,
"Bianca_restaurantService_2103_Eating_2","The ambiance is, nice.","xxxx","7",,,
"Bianca_restaurantService_2103_Eating_3","Oh, this is . . . intriguing.","xxxx","4",,,
"Bianca_restaurantService_2103_Leaving_1","That wasn't half bad.","xxxx","",,,
,,,"10",,,
"Uriel_restaurantService_2103_Arriving_1","Hmmm, I think this place could use a touch up.","xxxx","5",,,
"Uriel_restaurantService_2103_Ordering_1","I'll take the (dish). Thanks.","xxxx","4",,,
"Uriel_restaurantService_2103_Eating_1","Oh, this is new.","xxxx","6",,,
"Uriel_restaurantService_2103_Eating_2","Ah! I see what you did.","xxxx","6",,,
"Uriel_restaurantService_2103_Eating_3","You know, this ain't that bad.","xxxx","9",,,
"Uriel_restaurantService_2103_Leaving_1","What a great meal! I'll be back for sure.","xxxx","",,,
,,,"6",,,
"MaeLou_restaurantService_2103_Arriving_1","It looks . . . rustic.","xxxx","7",,,
"MaeLou_restaurantService_2103_Ordering_1","I think the (dish) will satisfy me.","xxxx","7",,,
"MaeLou_restaurantService_2103_Eating_1","The spice use is something to note.","xxxx","10",,,
"MaeLou_restaurantService_2103_Eating_2","Hey, this is, I haven't seen it like that before.","xxxx","6",,,
"MaeLou_restaurantService_2103_Eating_3","Excuse me, I need a moment.","xxxx","4",,,
"MaeLou_restaurantService_2103_Leaving_1","What a lovely meal!","xxxx","",,,
,,,"18",,,
"Hasel_cutscene_21031_1","It looks like you are getting the hang of running a restaurant. That was great, wasn't it Boba?","xxxx","33",,,
"Hasel_cutscene_21031_2","Not many people know about Le Sequoia right now . . ._Hmmm. I got it! You should do a grand opening! We can have a big celebration and attract a lot of customers!","xxxx","",,,
,,,"39",,,
"MaeLou_cutscene_21031_1","That does sound like a good idea . . . but let's let (playername) decide on when that happens._I'm sure running a restaurant is hard. Hosting a big grand opening sounds like a lot of pressure . . .","xxxx","",,,
,,,"20",,,
"Bianca_cutscene_21031_1","The food wasn't bad, but the restaurant looks a bit run down. Just my two cents anyways . . .","xxxx","",,,
,,,"15",,,
"Uriel_cutscene_21031_1","Ho ho ho ho! Bianca is always blunt with her words, but she is right.","xxxx","20",,,
"Uriel_cutscene_21031_2","(playername), you should give the restaurant a proper makeover before having a grand opening._Make a good first impression you know?","xxxx","25",,,
"Uriel_cutscene_21031_3","Speak to Prisca at the Town Hall. She manages all the properties and handles renovations. I'm sure she can help get those old floors replaced.","xxxx","21",,,
"Uriel_cutscene_21031_4","Oh, one last thing. I had some old furniture lying around. Maybe one of these can look great in your restaurant.","xxxx","",,,
,,,"",,,
,,,"",,,
"RIVAL LETTER",,,"",,,
,,,"3",,,
"Mail_21031_Letter_Title","See You Soon","xxxx","21",,,
"Mail_21031_Letter_1","Hi friend. I have a short vacation coming up, and I've decided where I want to go : White Ash Harbor!","xxxx","28",,,
"Mail_21031_Letter_2","You didn't think I would sit on the sidelines and watch, did you? I want to see for myself what you are capable of accomplishing with your restaurant.","xxxx","3",,,
"Mail_21031_Letter_3","See you soon.","xxxx","",,,
,,,"",,,
"2104 - NO MORE SHABBY FLOORS",,,"",,,
,,,"4",,,
"Player_cutscene_chatbubble_21040_1","Hello? Is Prisca here?","xxxx","",,,
,,,"8",,,
"Prisca_cutscene_chatbubble_21040_1","If you come back again, you'll be sorry!!!","xxxx","3",,,
"Prisca_cutscene_chatbubble_21040_2","Ughhh. What now?","xxxx","",,,
,,,"7",,,
"Prisca_quest_21040_1_Friendship","Hey (playername). It's been a rough day.","xxxx","31",,,
"Prisca_quest_21040_1_NoFriendship","You're new here. Wait, Hasel told me about a new arrival in town . . ._Oh, are you here to take over that old restaurant on the edge of town, correct?","xxxx","24",,,
"Prisca_quest_21040_2","Pardon the commotion, I was in the middle of . . . something._So, Le Sequoia huh. Tell me, what is your vision for it?","xxxx","9",,,
"Prisca_quest_21040_2A_Option","A simple but classy spot for folks to eat.","xxxx","7",,,
"Prisca_quest_21040_2B_Option","A place that pushes the culinary envelope.","xxxx","10",,,
"Prisca_quest_21040_2A_Response","Safe, but the name alone could help pull in people.","xxxx","14",,,
"Prisca_quest_21040_2B_Response","Don't go too far out. It could scare away folks from White Ash Harbor.","xxxx","31",,,
"Prisca_quest_21040_3","Hasel told me you might come by. Le Sequoia is a really old building and I remember the floors needed to be replaced. I can help, but I'll need something first.","xxxx","33",,,
"Prisca_quest_21040_4","Our carpenter . . . lost his tools when he was doing some work on the bathhouse._If you can go in and find them, we would happily give Le Sequoia a fix up.","xxxx","6",,,
"Prisca_quest_21040_4A_Option","Why can't he just get them?","xxxx","7",,,
"Prisca_quest_21040_4B_Option","What is he doing in the bathhouse?","xxxx","29",,,
"Prisca_quest_21040_4A_Response","Our carpenter believes that the old bathhouse is haunted. Why he was even there doing work in an abandoned building was odd in the first place . . .","xxxx","36",,,
"Prisca_quest_21040_4B_Response","Now that you mentioned it . . . he didn't say. There have been some sightings of activities going on inside the bathhouse . . ._ . . . Even though it's supposed to be abandoned.","xxxx","17",,,
"Prisca_quest_21040_5","Regardless, his tools are expensive to replace, and getting them will allow us to fix your floors.","xxxx","30",,,
"Prisca_quest_21040_6","I could have retrieved the tools, but . . . I . . . I'm too busy to look around in a haunted bathhouse._VERY BUSY. Both day and night. BUSY!","xxxx","",,,
,,,"8",,,
"found_carpentry_tools","Got em! I can take these to Prisca.","xxxx","4",,,
"no_carpentry_tools_1","I should keep searching.","xxxx","4",,,
"no_carpentry_tools_2","They are not here.","xxxx","3",,,
"no_carpentry_tools_3","Nope. Not here.","xxxx","4",,,
"no_carpentry_tools_4","Nothing to see here.","xxxx","8",,,
"no_carpentry_tools_5","It's just junk. The tools are not here.","xxxx","",,,
,,,"26",,,
"Prisca_quest_21044_1","The tools! Thank you so much! What a relief! We've had so many projects on hold._No one would get them from the very haunted old bathhouse.","xxxx","8",,,
"Prisca_quest_21044_1A_Option","I thought you said it was 'possibly' haunted.","xxxx","7",,,
"Prisca_quest_21044_1B_Option","Huh? . . . Ghosts aren't real.","xxxx","10",,,
"Prisca_quest_21044_1A_Response","I did say that, yes. And you did it! Yay! ","xxxx","11",,,
"Prisca_quest_21044_1B_Response",". . . Yes . . . yes you are right.","xxxx","22",,,
"Prisca_quest_21044_2","We can fix your floors now. Please choose a floor style that you would like. The first renovation is on the house!","xxxx","",,,
,,,"20",,,
"Prisca_quest_21045_1","I'll have the carpenter come over to the restaurant asap. This is a great help to the town, thank you!","xxxx","",,,
,,,"26",,,
"Prisca_cutscene_21046_1","The floors are all fixed up. Go in and see for yourself!_Come see me in the town hall if you want to do any other renovations.","xxxx","33",,,
"Prisca_cutscene_21046_2","We can even expand your restaurant . . . but it won't be cheap. You should wait for when Le Sequoia is filled to the brim with customers, and you need more space!","xxxx","38",,,
"Prisca_cutscene_21046_3","Oh, and I had some extra cooking appliances lying around._Just don't tell Gavin I gave them to you!_I think I speak for the town when I say we are very excited for Le Sequoia's grand opening. Good luck!","xxxx","",,,
,,,"",,,
,,,"",,,
"RIVAL ARRIVES CUTSCENE",,,"",,,
,,,"2",,,
"Rival_cutscene_21047_1","Hi, (playername).","xxxx","1",,,
"Rival_cutscene_21047_1A_Option","(rival).","xxxx","6",,,
"Rival_cutscene_21047_1B_Option","You got here pretty fast, (rival).","xxxx","5",,,
"Rival_cutscene_21047_1A_Response","Stoic, (playername). Same as always.","xxxx","18",,,
"Rival_cutscene_21047_1B_Response","I had some vacation time available, so I took it. I didn't want to miss the grand opening.","xxxx","5",,,
"Rival_cutscene_21047_2","How's the restaurant been going?","xxxx","7",,,
"Rival_cutscene_21047_2A_Option","I'm slowly getting the hang of things.","xxxx","6",,,
"Rival_cutscene_21047_2B_Option","Not gonna lie, it's been difficult.","xxxx","24",,,
"Rival_cutscene_21047_2A_Response","You were trained by some of the best chefs in the nation._I think you can make this work. Just don't let your teachers down!","xxxx","22",,,
"Rival_cutscene_21047_2B_Response","Ha! Well what did you expect? An old restaurant in a small little town like this? It was never gonna be easy.","xxxx","38",,,
"Rival_cutscene_21047_3","In culinary school, you were the only classmate I had to worry about showing me up._Taking on this restaurant out here, in a town that smells like fish all the time, just isn't what most people would do.","xxxx","8",,,
"Rival_cutscene_21047_4","Tell me, why did you leave Billboard City?","xxxx","6",,,
"Rival_cutscene_21047_4A_Option","There is potential in this town.","xxxx","9",,,
"Rival_cutscene_21047_4B_Option","I just wanted to get away from the city.","xxxx","40",,,
"Rival_cutscene_21047_4A_Response","I see. I heard Le Sequoia was once a great establishment. You'd better do it justice._Deep down, I'm hoping you will return to the city. So that I can beat you in cooking competitions like back in the school days!","xxxx","36",,,
"Rival_cutscene_21047_4B_Response","You mean from chef Canton right? He's a mean-spirited man for sure._But deep down I think he does it out of his love for food. You will return to the city one day. I guarantee it!","xxxx","23",,,
"Rival_cutscene_21047_5","I'll be around town for the grand opening. You better believe I'll be the first one in line. I'll be seeing around, (playername).","xxxx","",,,
,,,"",,,
"2105 - GRAND OPENING",,,"",,,
,,,"11",,,
"Hasel_quest_21050_1","Hi (playername). How do you feel about starting the grand opening?","xxxx","9",,,
"Hasel_quest_21050_1A_Option","Great. I couldn't have made it without your help.","xxxx","9",,,
"Hasel_quest_21050_1B_Option","Uhhh . . . I don't wanna. I'm tired.","xxxx","36",,,
"Hasel_quest_21050_1A_Response","Awww it's no biggie. I . . . I . . . bztttzzzz . . . really enjoy helping with this stuff._Also, I want your restaurant to succeed so I can enjoy tasty food every day.","xxxx","47",,,
"Hasel_quest_21050_1B_Response","No no no. You . . . you . . . bztttt . . . have to believe in yourself (playername). I believe in you. Look at Boba, he believes in you too!_I know it can be hard work, but you could end up doing something great.","xxxx","36",,,
"Hasel_quest_21050_2","Just one more thing, I think Le Sequoia needs some decorations to celebrate the grand opening._You should talk to Milo about it. He is a great designer. You can usually find him at his clothing shop.","xxxx","",,,
,,,"16",,,
"Milo_quest_21051_1_Friendship","Hello (playername). You need some decorations for Le Sequoia's grand opening?_You've come to the right guy.","xxxx","36",,,
"Milo_quest_21051_1_NoFriendship","Hello there. What is this? Hasel said I would be able to help with decorations?_Well, Hasel is my friend, but you are not. However, I am still willing to offer my hand since it's Hasel asking.","xxxx","21",,,
"Milo_quest_21051_2","Hmmm . . . yes . . . yes . . . I've got it! Oh yes, this should do nicely.","xxxx","7",,,
"Milo_quest_21051_2A_Option","Wow, you already have a design idea?","xxxx","9",,,
"Milo_quest_21051_2B_Option","Can we get on with this . . .","xxxx","20",,,
"Milo_quest_21051_2A_Response","You bet! Thanks to my many years of creating clothing, I can come up with great designs in an instant!","xxxx","21",,,
"Milo_quest_21051_2B_Response","It's . . . ha! my designs are no trifle. They are the result of years of hard work and experimentation.","xxxx","45",,,
"Milo_quest_21051_3","Now, I will need a few things. First, we will need a big banner for your restaurant._I have some leftover fabrics for the banner, but I will need some rope to hang everything up. Speak to Aloys down by the docks. He might have some.","xxxx","15",,,
"Milo_quest_21051_4","Next, I will need some items for the decorations. Bring me some seashells and watercress.","xxxx","4",,,
"Milo_quest_21051_4A_Option","What are those for?","xxxx","6",,,
"Milo_quest_21051_4B_Option","That sounds . . . interesting.","xxxx","15",,,
"Milo_quest_21051_4A_Response","Ah you will see. It will be too long to explain. Now, off with you!","xxxx","17",,,
"Milo_quest_21051_4B_Response","I don't want to spoil it. You will understand when you see it. Now, off you go! ","xxxx","",,,
,,,"10",,,
"Aloys_quest_21052_1","Sup (playername). What brings you here on this fine day?","xxxx","5",,,
"Aloys_quest_21052_1A_Option","I'm looking for some rope.","xxxx","5",,,
"Aloys_quest_21052_1B_Option","Got any rope to go?","xxxx","14",,,
"Aloys_quest_21052_1A_Response","Well mate, there's gotta be some rope lying around here._Maybe search around the barrels.","xxxx","14",,,
"Aloys_quest_21052_1B_Response","Nope. But maybe you might find some if you look inside the barrels here.","xxxx","",,,
,,,"3",,,
"found_rope","Found some rope!","xxxx","7",,,
"no_rope_1","There is not rope in these barrels.","xxxx","2",,,
"no_rope_2","Nope. Nada.","xxxx","5",,,
"no_rope_3","Just some fish in here.","xxxx","4",,,
"no_rope_4","No rope in here.","xxxx","7",,,
"no_rope_5","What do we have here? Oh. Nevermind.","xxxx","",,,
,,,"17",,,
"Milo_quest_21053_1","It looks like you have everything I need. Now hand them over, and I can get started.","xxxx","8",,,
"Milo_quest_21053_1A_Option","Could you tell me what you are making?","xxxx","5",,,
"Milo_quest_21053_1B_Option","So when can you finish?","xxxx","17",,,
"Milo_quest_21053_1A_Response","It's too hard to explain. Meet me back here tomorrow, and we can start setting everything up.","xxxx","25",,,
"Milo_quest_21053_1B_Response","Hey! It's done when it's done. Maybe it will be done tomorrow. Maybe it will be done next week._Now, give me some space to work.","xxxx","",,,
,,,"13",,,
"Milo_cutscene_21054_1","Hi (playername). The decorations are ready. I think this will look really good.","xxxx","4",,,
"Milo_cutscene_21054_1A_Option","You are amazing Milo!","xxxx","9",,,
"Milo_cutscene_21054_1B_Option","I suppose you need my help to carry this?","xxxx","25",,,
"Milo_cutscene_21054_1A_Response","Well of cou . . . well it's no big deal. If Le Sequoia succeeds, it will bring some much needed customers to this town.","xxxx","13",,,
"Milo_cutscene_21054_1B_Response","Obviously. It's far too big to carry on my own . . .","xxxx","10",,,
"Milo_cutscene_21054_2","Now come pick it up from over here. Lets go!","xxxx","",,,
,,,"5",,,
"Hasel_cutscene_chatbubble_21055_1","Oh wow. That looks good.","xxxx","7",,,
"Milo_quest_21055_1","There! All set. What do you think?","xxxx","7",,,
"Milo_quest_21055_1A_Option","Not bad. I think it could work.","xxxx","3",,,
"Milo_quest_21055_1B_Option","That looks beautiful.","xxxx","26",,,
"Milo_quest_21055_1A_Response","Not bad? NOT BAD? This design accentuates the proportions of the architecture._It's like a perfectly fitting dress. Ughhh. Non artistic folk never understand . . .","xxxx","31",,,
"Milo_quest_21055_1B_Response","Thank you. I don't normally do this kind of work, but it's kinda like designing a dress I suppose._You have to select the right colors and forms to match the body.","xxxx","38",,,
"Hasel_cutscene_21055_1","Le Sequoia looks all set now. Look at Boba. He is bursting with excitement!_I'm sure you still have some preparations to take care of._When you are ready, come talk to me, and I'll let the invited guests know.","xxxx","",,,
,,,"42",,,
"Hasel_quest_21056_1","The grand opening will make a big impact. The menu should be as good as possible and have a lot of dishes for guests to try._If it goes well, word will spread quickly._So (playername), are you ready to start the grand opening?","xxxx","2",,,
"Hasel_quest_21056_1A_Option","All set!","xxxx","2",,,
"Hasel_quest_21056_1B_Option","Not yet.","xxxx","35",,,
"Hasel_quest_21056_1A_Response","Exciting! I'll let everyone know. There will be a lot of guests, so I think you should set up seating for at least 8 guests at a time!_Open the restaurant when you are ready chef!","xxxx","17",,,
"Hasel_quest_21056_1B_Response","Oh, okay, take your time to make a great menu! People are really looking forward to this.","xxxx","",,,
,,,"6",,,
"Player_cutscene_chatbubble_21058_1","Everyone, thank you for coming tonight.","xxxx","11",,,
"Player_cutscene_chatbubble_21058_2","I truly hope this service is a delight to you all.","xxxx","11",,,
"Player_cutscene_chatbubble_21058_3","My staff and I cannot wait to serve you this evening.","xxxx","11",,,
"Player_cutscene_chatbubble_21058_4","It is the hope that Le Sequoia will bring people together.","xxxx","11",,,
"Player_cutscene_chatbubble_21058_5","With that in mind, let's start making some food, shall we?","xxxx","12",,,
"Player_cutscene_chatbubble_21058_6","And I will only serve the best food here, so bon appetite!","xxxx","",,,
,,,"1",,,
"RestaurantGuest1_cutscene_chatbubble_21058_1","Riveting!","xxxx","6",,,
"RestaurantGuest2_cutscene_chatbubble_21058_1","Thank goodness (playername) is a chef.","xxxx","7",,,
"RestaurantGuest3_cutscene_chatbubble_21058_1","I just want to try the food!","xxxx","",,,
,,,"6",,,
"Hasel_restaurantService_2105_Arriving_1","This is the big one folks.","xxxx","4",,,
"Hasel_restaurantService_2105_Ordering_1","(dish). This looks good.","xxxx","7",,,
"Hasel_restaurantService_2105_Eating_1","This food just gets better and better.","xxxx","6",,,
"Hasel_restaurantService_2105_Eating_2","This (dish) excites my taste buds!","xxxx","8",,,
"Hasel_restaurantService_2105_Eating_3","I think I am eating an entire ecosystem.","xxxx","9",,,
"Hasel_restaurantService_2105_Leaving_1","I think this will attract a lot more visitors.","xxxx","",,,
,,,"5",,,
"Thelio_restaurantService_2105_Arriving_1","Can we make this quick?","xxxx","5",,,
"Thelio_restaurantService_2105_Ordering_1","The (dish) sounds quite nice.","xxxx","13",,,
"Thelio_restaurantService_2105_Eating_1","I hope we can wrap this up soon, I have to go back.","xxxx","15",,,
"Thelio_restaurantService_2105_Eating_2","Oh . . . oh this is . . . this is . . .","xxxx","6",,,
"Thelio_restaurantService_2105_Eating_3","Can I get this to go?","xxxx","8",,,
"Thelio_restaurantService_2105_Leaving_1","I think there is definitely room for improvement.","xxxx","",,,
,,,"5",,,
"Aloys_restaurantService_2105_Arriving_1","I hope there is seafood.","xxxx","5",,,
"Aloys_restaurantService_2105_Ordering_1","Alright. I'll have the (dish).","xxxx","4",,,
"Aloys_restaurantService_2105_Eating_1","It is quite good.","xxxx","4",,,
"Aloys_restaurantService_2105_Eating_2","This is my jam.","xxxx","8",,,
"Aloys_restaurantService_2105_Eating_3","This flavor is very complex . . .","xxxx","10",,,
"Aloys_restaurantService_2105_Leaving_1","This was fun . . . yes . . .","xxxx","",,,
,,,"6",,,
"Nabiha_restaurantService_2105_Arriving_1","Oh, how exciting! This is fabulous.","xxxx","10",,,
"Nabiha_restaurantService_2105_Ordering_1","Ok ok. I got it. I'll take this, and this.","xxxx","3",,,
"Nabiha_restaurantService_2105_Eating_1","Simple, yet delightful!","xxxx","8",,,
"Nabiha_restaurantService_2105_Eating_2","You know, I could eat this all day.","xxxx","9",,,
"Nabiha_restaurantService_2105_Eating_3","This is going to ruin my diet for sure.","xxxx","9",,,
"Nabiha_restaurantService_2105_Leaving_1","That was splendid. I look forward to coming often.","xxxx","",,,
,,,"6",,,
"Prisca_restaurantService_2105_Arriving_1","Ah, these floors do look great.","xxxx","4",,,
"Prisca_restaurantService_2105_Ordering_1","The (dish) sounds perfect.","xxxx","5",,,
"Prisca_restaurantService_2105_Eating_1","This (dish) is really good.","xxxx","7",,,
"Prisca_restaurantService_2105_Eating_2","Dishes made from local ingredients? Love it!","xxxx","7",,,
"Prisca_restaurantService_2105_Eating_3","I think Gavin would really like this.","xxxx","9",,,
"Prisca_restaurantService_2105_Leaving_1","This will be really good for White Ash Harbor.","xxxx","",,,
,,,"8",,,
"Milo_restaurantService_2105_Arriving_1","I think the interior design can be better.","xxxx","6",,,
"Milo_restaurantService_2105_Ordering_1","Yes hello, the (dish) will suffice.","xxxx","5",,,
"Milo_restaurantService_2105_Eating_1","What a strange flavor profile.","xxxx","7",,,
"Milo_restaurantService_2105_Eating_2","The umami of this (dish) is surprising.","xxxx","4",,,
"Milo_restaurantService_2105_Eating_3","This dish is inspiring.","xxxx","6",,,
"Milo_restaurantService_2105_Leaving_1","Ah, that was a splendid meal.","xxxx","",,,
,,,"9",,,
"Rival_restaurantService_2105_Arriving_1","I do like the ambience here . . .","xxxx","6",,,
"Rival_restaurantService_2105_Ordering_1","Yes hello. I'll take this one.","xxxx","8",,,
"Rival_restaurantService_2105_Eating_1","This cooking style is familiar . . .","xxxx","5",,,
"Rival_restaurantService_2105_Eating_2","(playername), you always surprise me.","xxxx","5",,,
"Rival_restaurantService_2105_Eating_3","Chef Casteau would like this.","xxxx","7",,,
"Rival_restaurantService_2105_Leaving_1","I think you've got something here (playername).","xxxx","",,,
,,,"31",,,
"Hasel_quest_21059_1_Amazing","Wow (playername)! That was a wonderful service! I think that was the best dinner I've ever had!_Le Sequoia will be quite popular after this. Word will spread. I'm sure of it!","xxxx","33",,,
"Hasel_quest_21059_1_Great","That was a great service (playername). The food was top notch as always._I'm so happy to see the once abandoned Le Sequoia so lively again. I have a really good feeling about this.","xxxx","26",,,
"Hasel_quest_21059_1_Good","I really enjoyed that dinner (playername). It wasn't perfect, but I think the guests were quite satisfied._I look forward to see what Le Sequoia will become.","xxxx","44",,,
"Hasel_quest_21059_1_Mid","Hmmm . . . that could have gone better._Oh . . . no I didn't mean it like that! . . ._I did enjoy some of the food. I really did! I just hope the other guests are happy with that . . .","xxxx","50",,,
"Hasel_quest_21059_1_Poor","Oh dear . . . oh dear . . . that did not go well. The guests did not enjoy that . . ._Wait . . . I mean, don't let it get you down (playername). We can always regroup._I'm sure Le Sequoia will bounce back from one bad night!","xxxx","22",,,
"Aloys_quest_21059_1_Amazing","Well damn. I don't normally say this. But that meal was spectacular. I will come back often, especially if you serve seafood.","xxxx","14",,,
"Aloys_quest_21059_1_Great","That meal was pretty sick. Those great flavours are still lingering in my mouth.","xxxx","13",,,
"Aloys_quest_21059_1_Good","Not bad (playername). I think Le Sequoia will be something special one day.","xxxx","14",,,
"Aloys_quest_21059_1_Mid","I don't know what that one guy was talking about. I enjoyed the meal.","xxxx","12",,,
"Aloys_quest_21059_1_Poor","Hey it's no worries mate. We all have em ups and downs.","xxxx","33",,,
"Prisca_quest_21059_1_Amazing","Well (playername), this success will be fantastic for White Ash Harbor for sure!_I have some contacts in Billboard City in the department of tourism. I'm sure we can get some advertisements set up.","xxxx","34",,,
"Prisca_quest_21059_1_Great","That was some great grub (playername). I really needed that after a hard day of work._Having a popular restaurant in White Ash Harbor should attract a lot more visitors than we are currently getting.","xxxx","16",,,
"Prisca_quest_21059_1_Good","That food was pretty good. I might come here after my busy work days to relax.","xxxx","22",,,
"Prisca_quest_21059_1_Mid","That wasn't bad. Especially since you are just starting out. I can see myself coming here for a quick bite after work.","xxxx","37",,,
"Prisca_quest_21059_1_Poor","I'm sorry, but you really need to step up your game (playername)._That could have gone a lot better. I heard that Le Sequoia used to be filled with customers every night._Chef Casteau must be a great chef.","xxxx","28",,,
"Hasel_cutscene_21059_1","What a crazy night. No matter the result, I'll never forget this day, spent with friends!_Le Sequoia will win some national restaurant awards one day. I know it!","xxxx","28",,,
"Hasel_cutscene_21059_2","Well, I'll be off then! This has inspired me to work on some new bubble tea recipes._Maybe we can exchange recipes one day huh? C'mon. Let's go Boba!","xxxx","2",,,
"Prisca_cutscene_chatbubble_21059_1","Goodbye folks.","xxxx","2",,,
"Aloys_cutscene_chatbubble_21059_1","See ya.","xxxx","",,,
,,,"4",,,
"Rival_cutscene_21059_1","You got this, (playername).","xxxx","7",,,
"Rival_cutscene_21059_1A_Option","What are you going to do now?","xxxx","5",,,
"Rival_cutscene_21059_1B_Option","Glad you enjoyed my food.","xxxx","2",,,
"Rival_cutscene_21059_1A_Response","Dunno, dunno.","xxxx","10",,,
"Rival_cutscene_21059_1B_Response","The food quality was never a question in my mind.","xxxx","33",,,
"Rival_cutscene_21059_2","You know, I did see a small place up for rent in Billboard City. Maybe I'll take a leap of faith, just like you._Either way, I have a lot of thinking to do.","xxxx","28",,,
"Rival_cutscene_21059_3","Oh, you didn't think I'd come without a gift did you? Try out one of these recipes. Might help you out on your journey._Good luck out here, (playername).","xxxx","",,,
,,,"",,,
,,,"",,,
"11010_INTRO_Casteau's Letter",,,"",,,
,,,"10",,,
"intro_letter_1","(playername), I hope this letter will help lift your spirits.","xxxx","40",,,
"intro_letter_2","I understand you have been facing challenges in chef Canton's kitchen lately. He can be overly strict and does not allow creativity in the kitchen. And I know you always try to experiment and push the boundaries with your cooking.","xxxx","25",,,
"intro_letter_3","I have a special mission and purpose that I believe will both challenge you and provide you with a second chance to reach your potential. ","xxxx","38",,,
"intro_letter_4","As you may know, my first restaurant, Le Sequoia, located in the seaside town of White Ash Harbor, has been abandoned for the past decade. Due to my current physical limitations, I am unable to personally revive it.","xxxx","22",,,
"intro_letter_5","I am offering you the opportunity to take on this challenge and bring new life to the once-glorious kitchen of Le Sequoia. ","xxxx","33",,,
"intro_letter_6","If you accept this challenge, I will gift you the restaurant, in the hopes that you can work with the community of White Ash Harbor to restore the restaurant to its former glory.","xxxx","1",,,
"intro_letter_7","Sincerely,","xxxx","2",,,
"intro_letter_8","Vincent Casteau","xxxx","7",,,
"A_few_months_later","A Few Months Later . . .","xxxx",,,,
,,,,,,
"11016_INTRO_Finished Letter",,,,,,
,,,"8",,,
"Player_cutscene_chatbubble_11016_1","Chef Casteau's old restaurant? I wonder why now?","xxxx","13",,,
"Player_cutscene_chatbubble_11016_2","White Ash Harbor . . . I heard it's a shabby old town.","xxxx","9",,,
"Player_cutscene_chatbubble_11016_3","Maybe . . . Just maybe . . .","xxxx",,,,
,,,,,,
,,,,,,
"ACT 2",,,,,,
,,,,,,
"22001_INTRO_Lucius office",,,,,,
,,,"7",,,
"Alice_cutscene_chatbubble_22001_1","Sir, have you finished your latest review?","xxxx","9",,,
"Alice_cutscene_chatbubble_22001_2","The editor at the Tribune has been requesting it.","xxxx","",,,
,,,"9",,,
"Lucius_cutscene_chatbubble_22001_1",". . . Right, that place . . .","xxxx","7",,,
"Alice_cutscene_chatbubble_22001_3","It was a bomb, wasn't it, sir?","xxxx","",,,
,,,"20",,,
"Lucius_cutscene_22001_1","Tiresome, Alice. Just so very tiresome. If you will wait right there, I'll put my finishing touches on the review.","xxxx","36",,,
"Lucius_cutscene_22001_2",". . . The ambiance of a restaurant is just as important as the food it serves._In this department, I found Ranger Remy's to be severely lacking as its walls were covered in kitsch farmhouse sayings.","xxxx","26",,,
"Lucius_cutscene_22001_3","Lacking any taste for both interior design and the menu itself, I would tell you to instead visit one of the protein cart vendors in town.","xxxx","19",,,
"Lucius_cutscene_22001_4","At least you won't be overcharged, and your experience will be more memorable than anything inside Chef Remy's establishment.","xxxx","",,,
,,,"14",,,
"Alice_cutscene_chatbubble_22001_4","Very good sir. I didn't think that chef Remy would be able to impress.","xxxx","10",,,
"Alice_cutscene_chatbubble_22001_5","I do not think his restaurant will survive this review.","xxxx","",,,
,,,"24",,,
"Lucius_cutscene_22001_5","Have my reviews closed restaurants in the past? Yes, but if I don't siv out the trash, this city would be choking on slop.","xxxx","27",,,
"Lucius_cutscene_22001_6","But . . . I confess, that my work is getting a bit one-note. How much more do I have to say about food in this city?","xxxx","",,,
,,,"10",,,
"Alice_cutscene_chatbubble_22001_6","Oh, one more thing. I thought you might be interested.","xxxx","7",,,
"Alice_cutscene_chatbubble_22001_7","It's Vincent Casteau's first restaurant, Le Sequoia.","xxxx","",,,
,,,"3",,,
"Cutscene_22001_Newspaper_1","THE SAVORY SENTINEL","xxxx","3",,,
"Cutscene_22001_Newspaper_2","Le Sequoia Reopens!","xxxx","3",,,
"Cutscene_22001_Newspaper_3","By Chloe Alonso","xxxx","5",,,
"Cutscene_22001_Newspaper_4","Day (date), (season), Year (year)","xxxx","40",,,
"Cutscene_22001_Newspaper_5","Le Sequoia, the first restaurant of legendary chef Vincent Casteau, has officially reopened in the seaside town of White Ash Harbor. The restaurant first opened in the year 2017 when chef Casteau was just at the tender age of 32.","xxxx","14",,,
"Cutscene_22001_Newspaper_6","He has went on to open over a dozen successful restaurants across the globe.","xxxx","29",,,
"Cutscene_22001_Newspaper_7","Chef Casteau closed Le Sequoia in 2038 to focus his attention on his Billboard City establishments, as well as teaching young chefs at the famous Academie Rouge culinary school.","xxxx","13",,,
"Cutscene_22001_Newspaper_8","One of these young chefs he taught goes by the name of (playername).","xxxx","15",,,
"Cutscene_22001_Newspaper_9","Today, the age old Le Sequoia has been passed down and reopened by chef (playername).","xxxx","27",,,
"Cutscene_22001_Newspaper_10","Although inexperienced, chef (playername) has trained under Vincent Casteau for many years, and has worked as a line cook at restaurant Berliner under culinary heavyweight Otto Canton.","xxxx","20",,,
"Cutscene_22001_Newspaper_11","Will Le Sequoia return to its former glory? Or fall into further obscurity among the masses of failed culinary experiments?","xxxx","14",,,
"Cutscene_22001_Newspaper_12","Only time will tell if this young chef can bring back this storied restaurant.","xxxx","",,,
,,,"14",,,
"Alice_cutscene_chatbubble_22001_8","The locals have been writing about it online too. They say it's a hit.","xxxx","",,,
,,,"15",,,
"Lucius_quest_22001_1","For those who are uneducated about what it means to eat, yes, you're correct, Alice.","xxxx","21",,,
"Lucius_quest_22001_2","Chef Vincent Casteau, one of the best chef's in the world, has allowed an unknown cook to reopen his first restaurant.","xxxx",,,,
"Lucius_quest_22001_3","I'll have to plan a visit to . . . White Ash Harbor and try out Le Sequoia for myself.","xxxx",,,,
,,,,,,
"22002_INTRO_New tourists arrive in train",,,,,,
,,,"8",,,
"Tourist1_cutscene_chatbubble_22002_1","I heard this place has an amazing restaurant.","xxxx","10",,,
"Tourist2_cutscene_chatbubble_22002_1","I got a need. A need to fish! Let's gill!!!!","xxxx","6",,,
"Tourist4_cutscene_chatbubble_22002_1","Le Sequoia, yeah! Let's eat there.","xxxx","11",,,
"Tourist6_cutscene_chatbubble_22002_1","I want to explore the abandoned bathhouse. I heard it's haunted.","xxxx",,,,
,,,,,,
"22003_INTRO_Meet Hasel & Lucius Letter",,,,,,
,,,"25",,,
"Hasel_cutscene_22003_1","Good morning! Word of Le Sequoia's grand opening is spreading around. I think there are a lot more visitors than just a few weeks before.","xxxx","16",,,
"Hasel_cutscene_22003_2","I . . . I . . . bzzztttt. I really hope that this can continue!","xxxx","13",,,
"Hasel_cutscene_22003_2A_Option","All I can do is make Le Sequoia the best it can be.","xxxx","5",,,
"Hasel_cutscene_22003_2B_Option","More tourists means more money!","xxxx","13",,,
"Hasel_cutscene_22003_2A_Response","That's what I love to hear. Passion! And you've got it in spades.","xxxx","11",,,
"Hasel_cutscene_22003_2B_Response","Oh yes. The tourists will definitely help the businesses in town.","xxxx","15",,,
"Hasel_cutscene_22003_3","I can't wait to see what Le Sequoia has in store next . . .","xxxx","",,,
,,,"8",,,
"Benjamin_cutscene_chatbubble_22003_1","(playername)? Letter for you. From one Lucius Delacourt.","xxxx","4",,,
"Benjamin_cutscene_chatbubble_22003_2","I'll be off then.","xxxx","",,,
,,,"2",,,
"Cutscene_22003_Letter_1","Dear (playername),","xxxx","31",,,
"Cutscene_22003_Letter_2"," I do not know you, but you should know me. I am Lucius Delacourt, food critic for the Billboard City Tribune. My words have been known to make or break establishments.","xxxx","28",,,
"Cutscene_22003_Letter_3","I see my work as a service to the city, to help inform the public as to what is worth their time and money and what is not. ","xxxx","29",,,
"Cutscene_22003_Letter_4","I heard that Le Sequoia has returned. I've read some reviews from more pedestrian critics, and while the simplest menus easily wow them, I am not so easily impressed. ","xxxx","23",,,
"Cutscene_22003_Letter_5","I do not take the words of my colleagues seriously, so I will be coming to see what you have to offer me.","xxxx","41",,,
"Cutscene_22003_Letter_6","I challenge you to try. Try to impress me, because it is clear that while everyone else seems taken by your skill, I have yet to be in awe of anything from what I've read about your establishment and its menu.","xxxx","3",,,
"Cutscene_22003_Letter_7","See you soon,","xxxx","2",,,
"Cutscene_22003_Letter_8","Lucius Delacourt","xxxx","",,,
,,,"34",,,
"Hasel_cutscene_22003_4","Lucius Delacourt isn't someone you brush off, (playername). You're going to have to step up your game._Step up to where, I don't really know, I don't see any stairs, but it should go up. ","xxxx","9",,,
"Hasel_cutscene_22003_4A_Option","I have a couple of recipes up my sleeve.","xxxx","7",,,
"Hasel_cutscene_22003_4B_Option","Got any ideas on how to prepare?","xxxx","14",,,
"Hasel_cutscene_22003_4A_Response","How do you fit that up your sleeve? Does it get sweaty up there?","xxxx","20",,,
"Hasel_cutscene_22003_4B_Response","Well nothing in particular . . . critics are picky people. They expect good food, good service, and good decorations.","xxxx","36",,,
"Hasel_cutscene_22003_5","No matter what, you should improve your restaurant for Lucius' arrival. Adding some new drinks might help. Have you met April? She just returned from a research trip. Maybe she can share some of her findings?","xxxx","51",,,
"Hasel_cutscene_22003_6","April is a tea expert. No, no, not bubble teas. More like . . . traditional steeped teas. She says she also has . . . . psychic abilities._You will have to see it to believe it. I think she's over at the Lonely Cliffs last I saw her. Good luck!","xxxx",,,,
,,,,,,
,,,,,,
"2201 - THE TEA OF LIFE",,,,,,
,,,"33",,,
"April_quest_22010_1","My studies in the divine arts allow me to decipher the fate of our timeline._There are only a few people on this planet that have this ability, and I am one of them.","xxxx","16",,,
"April_quest_22010_2","My ability is also greatly enhanced by various tea combinations, which is why you are here.","xxxx","9",,,
"April_quest_22010_2A_Option","Hasel told me you could give tea making tips?","xxxx","5",,,
"April_quest_22010_2B_Option","I don't believe in fortune-telling.","xxxx","17",,,
"April_quest_22010_2A_Response","Ah, Hasel, such a lovely android. She's correct, I can share some entry level techniques with you.","xxxx","36",,,
"April_quest_22010_2B_Response","Coming into contact with . . . the gift, can be rather jarring at first._I understand your lack of imagination and sense of wonder have been crushed under the wheels of ultra-capitalism for far too long.","xxxx","16",,,
"April_quest_22010_3","But first, I will need some help before I can share my secrets of tea making.","xxxx","11",,,
"April_quest_22010_3A_Option","It's just tea, right? It can't be that hard to make.","xxxx","12",,,
"April_quest_22010_3B_Option","I guess I can help . . . what do you need?","xxxx","35",,,
"April_quest_22010_3A_Response","It can't be that hard to . . . ?! Different ingredients will yield amazingly beneficial results under the correct conditions._I'll chalk up your comment to ignorance and will not take it as an insult.","xxxx","13",,,
"April_quest_22010_3B_Response","Excellent. I knew you would help. I already predicted it with my abilities.","xxxx","46",,,
"April_quest_22010_4","What I need from you is 30 Sugar Cane, 30 Elderberries, and 30 Chili peppers._If you bring them to me, I can show you the secrets of tea making._I know it's a bit of a bother, but I think you can handle it. See you soon.","xxxx","",,,
,,,"26",,,
"April_quest_22011_1","Ah here we are. That took . . . some time. Let's head over to my house and I can show you how to make tea.","xxxx","",,,
,,,"18",,,
"April_cutscene_22012_1","Please ignore the mess, I've been gone for a while, and haven't had a chance to clean up.","xxxx","25",,,
"April_cutscene_22012_2","I'm not a fan of modern technology, but this Tea Dispenser just makes things so much easier, so I made an exception this one time.","xxxx","33",,,
"April_cutscene_22012_3","So all you have to do is put the ingredients into this machine, and it will do the rest._You must make sure you add enough of the primary ingredient, which is Tea Leaves.","xxxx","25",,,
"April_cutscene_22012_4","Then, you can add secondary ingredients into the mix._Just be aware that adding more ingredients will dilute the tea leaves, which will make it weaker.","xxxx","8",,,
"April_cutscene_22012_5","Take these ingredients and give it a go!","xxxx","",,,
,,,"33",,,
"April_cutscene_22013_1","Yes yes, that's not half bad. Your tea has a decent flavor. Drinking tea will always boost your stamina._Depending on which ingredients you add to the tea, you can receive additional health benefits.","xxxx","31",,,
"April_cutscene_22013_2","You know what? Why don't you take my old Tea Dispenser? I don't use this one anymore._Gather your own ingredients and see what kind of brews you can come up with.","xxxx","24",,,
"April_cutscene_22013_3","Since you are running a restaurant, you may notice your staff running out of energy._Brewing some tea for them could raise their energy levels.","xxxx","6",,,
"April_cutscene_22013_3A_Option","My staff are getting tired mid-service.","xxxx","9",,,
"April_cutscene_22013_3B_Option","That old greenhouse . . . Is that yours?","xxxx","41",,,
"April_cutscene_22013_3A_Response","Exactly! I'm sure working at a restaurant is hard work._The worst part is, you have to be working during the time you are supposed to be eating! I'm sure your staff will appreciate it if you prepare some tea for them.","xxxx","48",,,
"April_cutscene_22013_3B_Response","Yes, it is, and you can use it, so long as you know how to farm crops. If you don't know how to yet, then you can't._Don't look so shocked, I'm a psychic, I knew you were going to ask that question before you thought to ask it.","xxxx","10",,,
"April_cutscene_22013_4","Now then. Be off. I have some experiments to run.","xxxx","",,,
,,,"",,,
"VINCENT CASTEAU LETTER",,,"",,,
,,,"2",,,
"Mail_11008_Letter_Title","Settling In","xxxx","19",,,
"Mail_11008_Letter_1","Hasel informed me that you are getting settled in White Ash Harbor. It's a lovely little town isn't it?","xxxx","50",,,
"Mail_11008_Letter_2","What was the name of that kind young lady who sells drinks in the town center? In my old age I've forgotten her name. She makes some top notch drinks. I even tried to bring her on as a student, but she had her own life goals . . .","xxxx","27",,,
"Mail_11008_Letter_3","I'm very proud of you for taking this leap of faith and trying to revive Le Sequoia. I know you will make great strides with your cooking.","xxxx","",,,
,,,"",,,
"2202 - THELIO'S STOLEN GOODS",,,"",,,
,,,"13",,,
"Thelio_cutscene_22020_1","Oh . . . hi (playername). This day has just been the worst.","xxxx","6",,,
"Thelio_cutscene_22020_1A_Option","You look . . . distraught.","xxxx","6",,,
"Thelio_cutscene_22020_1B_Option","Anything I can do to help?","xxxx","16",,,
"Thelio_cutscene_22020_1A_Response","Sometimes, I just feel like I'm losing control over my life. Do you get that feeling?","xxxx","21",,,
"Thelio_cutscene_22020_1B_Response","Thanks for offering. But I know you are busy with your restaurant, and I'm not sure you can help me anyways.","xxxx","45",,,
"Thelio_cutscene_22020_2","Some thieves broke in last night and stole all my flour. It's not that valuable, but I'm afraid my boss will take it out of my pay._She checks the inventory all the time. When the count is off she always blames me for it. *Sigh*","xxxx","9",,,
"Thelio_cutscene_22020_2A_Option","That's horrible. Let's catch the thieves that did this!","xxxx","12",,,
"Thelio_cutscene_22020_2B_Option","Let's try to find these goods . . . or replace them.","xxxx","33",,,
"Thelio_cutscene_22020_2A_Response","The thieves have hit the other shops. No one has been able to catch them._Only Nabiha says she's seen them, but it was from a distance. She said they looked like shadowy racoons.","xxxx","15",,,
"Thelio_cutscene_22020_2B_Response","Well . . . I suppose we can try. Thank you for your concern (playername).","xxxx","30",,,
"Thelio_cutscene_22020_3","If you really want to look, I've heard the thieves might be hiding out in the beach caves._It's been recently reopened, so I suppose it's mostly safe. Just be careful!","xxxx","",,,
,,,"4",,,
"Player_cutscene_chatbubble_22022_1","Hello? Anyone in there?","xxxx","3",,,
"Player_cutscene_chatbubble_22022_2","You know what?","xxxx","10",,,
"Player_cutscene_chatbubble_22022_3","I'm going to tell Thelio I couldn't find the goods.","xxxx","8",,,
"Player_cutscene_chatbubble_22022_4","Hmmm. Is this one of the stolen boxes?","xxxx","6",,,
"Player_cutscene_chatbubble_22022_5","I can show this to Thelio.","xxxx","",,,
,,,"5",,,
"Thelio_quest_22023_1","So? Did you find anything?","xxxx","8",,,
"Thelio_quest_22023_1A_Option","All I could find were these leftover scraps.","xxxx","9",,,
"Thelio_quest_22023_1B_Option","There is an abandoned house with a monster inside!","xxxx","18",,,
"Thelio_quest_22023_1A_Response","I didn't even expect you to find this much. The flour is probably all gone. Thanks for trying.","xxxx","40",,,
"Thelio_quest_22023_1B_Response","You mean that old house inside the caves? It's an old mining outpost, and it's been empty forever._I heard that they used some crazy chemicals in those mines. That's why so many miners . . . you know what, nevermind.","xxxx","38",,,
"Thelio_quest_22023_2","I have an idea! I'm just gonna make some flour to replace what was taken. It'll be cheaper, but we will need a Flour Mill._Bianca would be the one person in town I know who could make one.","xxxx","",,,
,,,"9",,,
"Bianca_quest_22024_1","I was in the middle of something, what's up?","xxxx","9",,,
"Bianca_quest_22024_1A_Option","Do you know how to make a Flour Mill?","xxxx","9",,,
"Bianca_quest_22024_1B_Option","I'm helping Thelio. He needs to mill some flour.","xxxx","20",,,
"Bianca_quest_22024_1A_Response","A Flour Mill? I think I got a copy of Build Everything 1985 around here with a schematic in it.","xxxx","29",,,
"Bianca_quest_22024_1B_Response","I hope you are charging him for the help. Time is valuable, (playername). Never forget it! Anyways, I've never made a Flour Mill, but that hasn't stopped me before.","xxxx","42",,,
"Bianca_quest_22024_2","I will need some materials. 10 Iron Ore for the plating, 5 Copper Ore for the wiring, and 15 Plant Roots for the frame._Bring them to me, and I can get to work. You will need an electric drill to mine ore.","xxxx","41",,,
"Bianca_quest_22024_3","If you don't have one on hand, I have some old drills for sale. They're a bit slow unfortunately._As for my payment . . . I've been craving some Mead. 5 bottles should suffice. Bea usually sells them at her bar.","xxxx","",,,
,,,"42",,,
"Bianca_quest_22025_1","Looks like you brought all the required materials and my mead too. Good job (playername)._I'll need some time to enjoy my mead and build the mill. In the meantime, you will need some grains for the mill. See if Thelio has any.","xxxx","",,,
,,,"38",,,
"Thelio_quest_22026_1","Bianca is working on building the flour mill? Great! So . . . em . . . one more thing._I can't give you the grains we carry in the store. I'm sorry, but my boss checks the inventory.","xxxx","9",,,
"Thelio_quest_22026_2","Can you . . . go collect some grains?","xxxx","8",,,
"Thelio_quest_22026_2A_Option","Your boss doesn't sound like a good person.","xxxx","6",,,
"Thelio_quest_22026_2B_Option","I have to collect more things???","xxxx","37",,,
"Thelio_quest_22026_2A_Response","Yeah . . . well . . . it's just a temporary job. My hope is to save up and run my own shop one day._That won't happen if she is taking losses out of my pay.","xxxx","11",,,
"Thelio_quest_22026_2B_Response","You offered to help (playername). We can't leave things half finished.","xxxx","23",,,
"Thelio_quest_22026_3","I believe there's some wild Sorghum plants growing near the cliffs of the old bathhouse._30 should be enough to replace what was lost.","xxxx","",,,
,,,"37",,,
"Thelio_quest_22027_1","(playername), it looks like you got everything! I'm so glad this'll be over soon._I've been having to distract my boss and I've officially run out of annoying vendors they have to call to check on our orders.","xxxx","13",,,
"Thelio_quest_22027_2","My shift is up in a few, let's meet up at Bianca's shop.","xxxx","",,,
,,,"4",,,
"Player_cutscene_chatbubble_22028_1","Wow. This looks impressive.","xxxx","",,,
,,,"29",,,
"Bianca_cutscene_22028_1","Thelio, I know (playername) isn't the kind to say this, but I am. You owe them big. Just put the grains in and it will mill it into flour.","xxxx","30",,,
"Thelio_cutscene_22028_1","I have enough flour to replace the lost goods!_The self-help book I'm reading said to trust others in times of need and here we are! Thank you to you both!","xxxx","",,,
,,,"19",,,
"Bianca_cutscene_22028_2","No hugging. No, thank you. Glad this is over, now please leave my shop, I have work to do.","xxxx","",,,
,,,"24",,,
"Thelio_cutscene_22028_2","Hasel came by my shop while you were out and let me know about that reviewer, Lucius, that's coming by your restaurant?_Sounds crazy stressful.","xxxx","27",,,
"Thelio_cutscene_22028_3","You did me a solid, so allow me to do one for you. One of my business books said to offer criticism but then offer a solution.","xxxx","27",,,
"Thelio_cutscene_22028_4","Last time I ate at Le Sequoia I thought it was missing something._I don't know what, but that might factor into this guy's thoughts on your place.","xxxx","23",,,
"Thelio_cutscene_22028_5","Anna May, Mae Lou's sister, is not just a farmer. She's a bit of a renaissance woman._She does carving, furniture making, and painting.","xxxx","16",,,
"Thelio_cutscene_22028_6","She's crazy talented! Maybe she could help you with your decor? Just a thought! Good luck!","xxxx","",,,
,,,"",,,
,,,"",,,
"2203 - ANNA MAY'S CRAFT",,,"",,,
,,,"16",,,
"AnnaMay_quest_22030_1_Friendship","Hm? (playername), ah, hi! Sorry, I was off somewhere while I've been working on this piece.","xxxx","42",,,
"AnnaMay_quest_22030_1_NoFriendship","You must be (playername). I've heard a lot about you. My sister, Mae Lou, has a lot to say about you._She's a foodie and is pretty excited to have a chef in town._My name is Anna May, nice to finally meet you.","xxxx","4",,,
"AnnaMay_quest_22030_1A_Option","What are you doing?","xxxx","8",,,
"AnnaMay_quest_22030_1B_Option","That is a very interesting piece of art.","xxxx","33",,,
"AnnaMay_quest_22030_1A_Response","I am trying to understand . . . why I created this piece._What was the process that led me from receiving a plain tree trunk, to this strange form that stands before us?","xxxx","26",,,
"AnnaMay_quest_22030_1B_Response","Interesting? Almost anything anyone makes grabs interest and is interesting. Intriguing? Beguiling? Boring?_Those are words that say something. I'd recommend dropping interesting from your mental dictionary.","xxxx","14",,,
"AnnaMay_quest_22030_2","Tell me (playername), what do you think makes art, well . . . art?","xxxx","7",,,
"AnnaMay_quest_22030_2A_Option","Something that is beautiful to look at?","xxxx","8",,,
"AnnaMay_quest_22030_2B_Option","It should be an object of deep meaning.","xxxx","29",,,
"AnnaMay_quest_22030_2A_Response","That is a very pedestrian viewpoint. Art does not need to be beautiful, and beauty is defined within the eyes of the beholder._Art can exist in so many forms.","xxxx","28",,,
"AnnaMay_quest_22030_2B_Response","Fair enough, though art could exist as anything, and it does not necessarily possess meaning._Sometimes, it can serve a functional purpose, like a beautiful chair, or a lamp.","xxxx","21",,,
"AnnaMay_quest_22030_3","Personally, I prefer art that does something useful. The viewer will engage with the art more, and that makes me happy.","xxxx","21",,,
"AnnaMay_quest_22030_4","I got a feeling you're not here to discuss the finer points of art and the creation of it?_So, what's up?","xxxx","12",,,
"AnnaMay_quest_22030_4A_Option","Thelio said that Le Sequoia needs some . . . sprucing up.","xxxx","11",,,
"AnnaMay_quest_22030_4B_Option","I need my restaurant to look good for a food critic.","xxxx","33",,,
"AnnaMay_quest_22030_4A_Response","Thelio! I've known him since high school. He was. . . nevermind._If Thelio thinks your restaurant is lacking, he's probably not wrong. He's many things, but on that front, he's usually not wrong.","xxxx","13",,,
"AnnaMay_quest_22030_4B_Response","You have come to the right place. Welcome to my wonderland of creativity!","xxxx","26",,,
"AnnaMay_quest_22030_5","Being a farmer, I had to learn to make do with what's around me, and I had to fix things because it's cheaper than buying new.","xxxx","27",,,
"AnnaMay_quest_22030_6","I hated it growing up because it was easier to just buy something new._But now, I can make most pieces of furniture as well as paint landscapes.","xxxx","34",,,
"AnnaMay_quest_22030_7","If you're coming to me, you want some bespoke pieces made._You could've gone to a flatpack shop and be done, but you want something more. I can provide that last touch Le Sequoia needs.","xxxx","29",,,
"AnnaMay_quest_22030_8","Let's start with something simple and effective: Lighting._I'm going to need some Quartz crystals for the light bulb. Five should do. Quartz can liven up any dreary looking room.","xxxx","",,,
,,,"31",,,
"AnnaMay_quest_22031_1","Slick! In order to design artwork for your restaurant, I'm going to need to taste what you're serving._I need to experience what a customer experiences. It's for . . . inspiration.","xxxx","4",,,
"AnnaMay_quest_22031_1A_Option","Well come on by!","xxxx","4",,,
"AnnaMay_quest_22031_1B_Option","Is that really necessary?","xxxx","14",,,
"AnnaMay_quest_22031_1A_Response","Solid! It really is a necessary part of the design process. It really is!","xxxx","30",,,
"AnnaMay_quest_22031_1B_Response","How dare you question my process! I cannot understand without experiencing._If you create without understanding, then you will have hollow thoughts adorning your walls. Without inspiration, my artwork will suffer.","xxxx","37",,,
"AnnaMay_quest_22031_2","When you are ready, I will drop by and eat what you are serving._I want to feel every aspect as a customer, except paying for the food as that will hinder the creative process!_Okay? Goodbye for now.","xxxx","",,,
,,,"9",,,
"AnnaMay_restaurantService_2203_Arriving_1","Yes yes. I can see what the problem is.","xxxx","8",,,
"AnnaMay_restaurantService_2203_Ordering_1","The (dish) looks good. I'll have that one.","xxxx","1",,,
"AnnaMay_restaurantService_2203_Eating_1","Yum!","xxxx","5",,,
"AnnaMay_restaurantService_2203_Eating_2","You know what? I'm inspired.","xxxx","10",,,
"AnnaMay_restaurantService_2203_Eating_3","I haven't had a good meal in a long time.","xxxx","11",,,
"AnnaMay_restaurantService_2203_Leaving_1","Whew. It's the first time I've been full in a while.","xxxx","",,,
,,,"36",,,
"AnnaMay_quest_22033_1_Amazing","Wow (playername). That might have been the best meal I've ever had. Seriously!_You've given me a lot to think about. Yes . . . yes . . . I have some great ideas for your design.","xxxx","28",,,
"AnnaMay_quest_22033_1_Great","Whew, what a great meal! I haven't enjoyed a dinner like that in ages._Look at my belly, it's soooo full!_This gave me some ideas for your lamp design.","xxxx","24",,,
"AnnaMay_quest_22033_1_Good","That was quite a tasty meal (playername)! I definitely have some inspiration now._In fact, you could say I'm . . . full of inspiration.","xxxx","24",,,
"AnnaMay_quest_22033_1_Mid","That meal wasn't bad. At least I'm full, so there's that. Don't worry, I will still create you a pair of lamps, as promised.","xxxx","35",,,
"AnnaMay_quest_22033_1_Poor","Ummm, you know (playername), I'm going to be honest. That was not a great meal._But a deal is a deal, I will make you a pair of lamps that suits your . . . restaurant.","xxxx","12",,,
"AnnaMay_quest_22033_2","Drop by my place tomorrow. I think you will be pleasantly surprised.","xxxx","",,,
,,,"10",,,
"AnnaMay_quest_22034_1","Ah here we are (playername). So, what do you think?","xxxx","7",,,
"AnnaMay_quest_22034_1A_Option","This is it? I was expecting more.","xxxx","6",,,
"AnnaMay_quest_22034_1B_Option","You know what? I love it!","xxxx","38",,,
"AnnaMay_quest_22034_1A_Response","What . . . what!?? I put a lot of effort into this! Or perhaps, you just can't appreciate art?_This is the result from the inspiration I received at your restaurant. You can take it or leave it.","xxxx","41",,,
"AnnaMay_quest_22034_1B_Response","Slick! I knew this would really strike a chord with you. Lighting can be incredibly forgiving when applied correctly._It helps hide what you don't want seen and illuminates what you want people to focus on during their time in Le Sequoia.","xxxx","38",,,
"AnnaMay_quest_22034_2","Now that I have experienced your menu, I can make furniture that enhances what people are eating._I'm always here to help, as long as you bring the required materials . . . and payment. See you around, (playername).","xxxx","",,,
,,,"",,,
,,,"",,,
"2204 - CHEF'S NEMESIS",,,"",,,
,,,"31",,,
"Lucius_cutscene_22040_1","So, this is who Chef Casteau has entrusted to bring Le Sequoia back? A no-name line cook?_Casteau usually has vision, but from where I am standing, it's looking a bit foggy.","xxxx","38",,,
"Lucius_cutscene_22040_2","Where are my manners, I am Lucius Delacourt. I wrote to you about my arrival and the eventual review of Le Sequoia._I was hoping I would've caught you today, but alas, train delays kept me from arriving earlier.","xxxx","24",,,
"Lucius_cutscene_22040_3","It looks like I'm a little late today, since you have already closed. But no matter, I will wait for your next restaurant service.","xxxx","25",,,
"Lucius_cutscene_22040_4","No matter, let's make this a bit more sporting? I'll swing in the day after tomorrow._Give you a chance to really be ready for me.","xxxx","6",,,
"Lucius_cutscene_22040_4A_Option","I will be ready for you.","xxxx","8",,,
"Lucius_cutscene_22040_4B_Option","Do you enjoy shattering the work of chefs?","xxxx","35",,,
"Lucius_cutscene_22040_4A_Response","You may come to regret your naive confidence (playername)._I frequently dine in the greatest establishements in the nation, and Le Sequoia will be reviewed by the same standard. It will be difficult to impress me.","xxxx","23",,,
"Lucius_cutscene_22040_4B_Response","Only those that put out mediocre cuisine. Why should I allow them to take a spot that another more qualified chef could fill?","xxxx","21",,,
"Lucius_cutscene_22040_5","It's late, and I am going to get some rest. I suggest you do the same. You'll need it. Good day.","xxxx","",,,
,,,"",,,
"22003_INTRO_Meet Hasel & Lucius Letter",,,"",,,
,,,"5",,,
"Lucius_restaurantService_2204_Arriving_1","Interesting decor . . .","xxxx","5",,,
"Lucius_restaurantService_2204_Ordering_1","The (dish) piques my interest.","xxxx","8",,,
"Lucius_restaurantService_2204_Eating_1","This (dish) is quite curious . . .","xxxx","6",,,
"Lucius_restaurantService_2204_Eating_2","I have seen this one before.","xxxx","7",,,
"Lucius_restaurantService_2204_Eating_3","Will this live up to my expectations?","xxxx","11",,,
"Lucius_restaurantService_2204_Leaving_1","You've given me a lot to think about . . .","xxxx","",,,
,,,"13",,,
"Lucius_cutscene_22041_1","Ah, it's a beautiful day. I'm in the mood to review a restaurant.","xxxx","9",,,
"TrainOldMan_cutscene_chatbubble_22041_1","Hmmm, if I look closely, I'm still devilishly handsome.","xxxx","8",,,
"Tourist1_cutscene_chatbubble_22041_1","Wait. Is that who I think it is?","xxxx","10",,,
"Tourist2_cutscene_chatbubble_22041_1","Isn't he that famous critic? What is he doing here?","xxxx","8",,,
"Tourist3_cutscene_chatbubble_22041_1","Whoa, I've seen him in the news before.","xxxx","9",,,
"Tourist4_cutscene_chatbubble_22041_1","Hey, it's that famous food critic from Billboard City!","xxxx","",,,
,,,"13",,,
"Hasel_cutscene_22042_1","(playername)! (playername)! I heard that Lucius' review has arrived. Oh I'm so nervous!","xxxx","22",,,
"Hasel_cutscene_22042_2","Come! You should have received it in the mailbox. Let's look at it together._No matter what happens, I think you did amazing!","xxxx","",,,
,,,"28",,,
"Hasel_quest_22042_1_Amazing","Amazing! You got him, (playername). You hit it out of the park!_Lucius Delacourt reviews the best restaurants in Billboard City and he rarely gives out reviews like this.","xxxx","41",,,
"Hasel_quest_22042_1_Great","Hey . . . whoa . . . you know what? It sounded like he really liked it. That's amazing (playername)!_To impress a critic like Lucius Delacourt ain't easy. I think Chef Casteau really made great decision giving you Le Sequoia.","xxxx","40",,,
"Hasel_quest_22042_1_Good","It looks like he liked it! I know, I know, but his reviews are usually far more critical. I'd say this is a win._He is a big shot critic from Billboard City, so he is definitely not easy to impress!","xxxx","42",,,
"Hasel_quest_22042_1_Mid","You know what? I think you did great! You don't need to worry about Lucius._It's just his opinion, and he's snooty anyway! We all think your food is super tasty, (playername). Keep . . . keep . . . keep it up!","xxxx","38",,,
"Hasel_quest_22042_1_Poor","Well . . . well . . . you know what? He is just a snobby critic from the city that only likes high-end food._Everyone in town likes your food (playername), so don't let this get you down.","xxxx","31",,,
"Hasel_quest_22042_2_Amazing","His reviews get a lot of readers. A lot of people will see this._This means that Le Sequoia, and by extension, White Ash Harbor will only keep growing. It's sooo exciting!","xxxx","37",,,
"Hasel_quest_22042_2_Great","I think a lot of people will see this review._A positive word from him will go a long way._Even more people will visit White Ash Harbor. Whew, I better start preparing my next batch of bubble teas!","xxxx","24",,,
"Hasel_quest_22042_2_Good","You should celebrate (playername). Le Sequoia's first review, and it's a positive one!_I'm sure Le Sequoia will only get better and better from here.","xxxx","29",,,
"Hasel_quest_22042_2_Mid","This is your first review. It only get's better from here (playername)._You will grow stronger, and one day he will say that your food is delicious. I know it!","xxxx","41",,,
"Hasel_quest_22042_2_Poor","It's just a first review. I'm sure Chef Casteau had some bad reviews when he was starting out, so don't worry about it!_You'll kick Lucius Delacourt's butt one day. I'm  . . . I'm . . . I'm sure of it!","xxxx","12",,,
"Hasel_quest_22042_3","Now, get out there and be the best chef that you can.","xxxx","",,,
,,,"",,,
"11007_FLASHBACK_Culinary School",,,"",,,
,,,"26",,,
"Casteau_cutscene_11007_1","(playername), you stormed out of the classroom so fast . . ._Look, it was just some feedback from your peers. This is part of the process.","xxxx","9",,,
"Casteau_cutscene_11007_1A_Option","They didn't have to be so bitter! So critical!!","xxxx","10",,,
"Casteau_cutscene_11007_1B_Option","Today was a disaster. Maybe I shouldn't be a chef.","xxxx","10",,,
"Casteau_cutscene_11007_1A_Response","My . . . oh my . . . hahaha!","xxxx","10",,,
"Casteau_cutscene_11007_1B_Response","My . . . you are a funny student (playername).","xxxx","23",,,
"Casteau_cutscene_11007_2","Hahahahahaha! Ohhh, I am sorry, (playername). I am not laughing at you._You made me remember that I said this very same thing once.","xxxx","35",,,
"Casteau_cutscene_11007_3","That feeling in you? The anger, the doubt, every great chef has felt these feelings before._Whether it's out there or here in school, criticism is part of life._It's why we incorporate it into the curriculum.","xxxx","35",,,
"Casteau_cutscene_11007_4","My hope is you learn what they are saying and ignore how they're saying it. Besides, you made some bad dishes today._But do you know what you have that many of your classmates do not?","xxxx","5",,,
"Casteau_cutscene_11007_4A_Option","I don't know, chef. What?","xxxx","4",,,
"Casteau_cutscene_11007_4B_Option","My dashing good looks?","xxxx","19",,,
"Casteau_cutscene_11007_4A_Response","Most talented people have the same problem you have, and that shouldn't surprise me. But here I am, surprised.","xxxx","14",,,
"Casteau_cutscene_11007_4B_Response","Calm down, (playername). I am here to boost your spirits, not feed your ego.","xxxx","39",,,
"Casteau_cutscene_11007_5","Confidence. You let yourself shine through your cooking. Yes, you can follow a recipe, but anyone can do that._What makes a cook into a chef is their ability to make something only they could make and no one else.","xxxx","29",,,
"Casteau_cutscene_11007_6","To find your signature, your specialty, it takes a lot of failure to achieve._Take today's failures and grow from it. Now breathe, gather yourself, and come back to class.","xxxx","",,,
,,,"",,,
,,,"",,,
"2205 - A MYSTERIOUS REQUEST",,,"",,,
,,,"21",,,
"Lucius_note_22050_1","Meet me at Hotel Rose as soon as you get this. I have rented out the royal suite - room 201.","xxxx","1",,,
"Lucius_note_22050_2","Lucius","xxxx","",,,
,,,"6",,,
"Lucius_quest_22051_1","(playername), thank you for joining me.","xxxx","8",,,
"Lucius_quest_22051_1A_Option","I've exceed your expectations. What is this about?","xxxx","6",,,
"Lucius_quest_22051_1B_Option","Are you here to admit defeat?","xxxx","14",,,
"Lucius_quest_22051_1A_Response","Your successful review is the very reason why I wanted to speak with you.","xxxx","37",,,
"Lucius_quest_22051_1B_Response","There is no victory or defeat here (playername). I am simply doing my duty of informing the masses and speaking the plain truth._If you truly want to know, I do take some joy in eviscerating unworthy chefs. ","xxxx","25",,,
"Lucius_quest_22051_2","Talented individuals need guidance, (playername). I've been in this business for a long time, and I can tell you talent only takes you so far.","xxxx","28",,,
"Lucius_quest_22051_3","Once its been worn down, you better have a plan in place for when you are running on empty._That is why I asked you to meet me here. ","xxxx","15",,,
"Lucius_quest_22051_4","Your restaurant and cooking style have piqued my interest._Tell me (playername), why do you cook?","xxxx","4",,,
"Lucius_quest_22051_4A_Option","I simply love cooking.","xxxx","7",,,
"Lucius_quest_22051_4B_Option","I want to have a successful restaurant.","xxxx","38",,,
"Lucius_quest_22051_4A_Response","Passion for food is great. It's an important thing to have. But to become a great chef, you will need more than that._What you need is a vision, a vision of a culinary paradise you wish to achieve.","xxxx","33",,,
"Lucius_quest_22051_4B_Response","So it's prestige you are after? Rather blunt, but I admire your honesty._If you wish to have a successful restaurant that stands the test of time, you will need something greater: A vision.","xxxx","37",,,
"Lucius_quest_22051_5","I may seem like someone who just critiques restaurants for money, but I have a greater vision._The culinary industry in this nation requires a change._Therefore, I'm always on the lookout for talented chefs to join my cause.","xxxx","8",,,
"Lucius_quest_22051_5A_Option","Whatever scheme you have, I am not interested.","xxxx","12",,,
"Lucius_quest_22051_5B_Option","I may be able to help. What do you have in mind?","xxxx","14",,,
"Lucius_quest_22051_5A_Response","I don't scheme, I plan. If you change your short-sighted mind, I'll be here.","xxxx","24",,,
"Lucius_quest_22051_5B_Response","Excellent! Open mindedness. I like that in a chef. No, I will not reveal my plans to you just yet. All in due time.","xxxx","13",,,
"Lucius_quest_22051_6","Well then, off you go (playername). You have a restaurant to run, no?","xxxx","9",,,
"Lucius_quest_22051_6A_Option","Why are you staying here and not going back?","xxxx","11",,,
"Lucius_quest_22051_6B_Option","You don't look like you are here for a quick visit.","xxxx","7",,,
"Lucius_quest_22051_6A_Response","The trees are nice. Good day (playername).","xxxx","34",,,
"Lucius_quest_22051_6B_Response","Indeed. I will be staying in White Ash Harbor for an extended period of time._That is all I am willing to share at the moment, but you will see me around. Good day (playername).","xxxx",,,,
,,,,,,
,,,,,,
"ACT 3",,,,,,
,,,,,,
"23010_INTRO_Casteau Arrives",,,,,,
,,,"11",,,
"Casteau_cutscene_23010_1","Hello (playername). I see Le Sequoia is back in business again.","xxxx","2",,,
"Casteau_cutscene_23010_1A_Option","Chef Casteau!","xxxx","9",,,
"Casteau_cutscene_23010_1B_Option","I was hoping you would have come earlier chef.","xxxx","16",,,
"Casteau_cutscene_23010_1A_Response","Ho ho ho! Yes, my decision to come to White Ash Harbor was a bit sudden.","xxxx","28",,,
"Casteau_cutscene_23010_1B_Response","Well I'm a bit worse for wear I'm afraid. It's difficult for an old man like me to travel._I see you've managed everything on your own quite well.","xxxx","29",,,
"Casteau_cutscene_23010_2","I read Lucius' review, and I wanted to see Le Sequoia again._You've done a great job with it, (playername). I haven't seen it like this in a long time.","xxxx","3",,,
"Casteau_cutscene_23010_2A_Option","Thank you, Chef.","xxxx","12",,,
"Casteau_cutscene_23010_2B_Option","I think I'm getting the hang of it. Still learning a lot.","xxxx","24",,,
"Casteau_cutscene_23010_2A_Response","Ho ho ho, I haven't been your boss for some time now. Vincent is fine, but I get the habit is hard to break.","xxxx","19",,,
"Casteau_cutscene_23010_2B_Response","Being out of your depth can feel odd at first, but you're looking like you're swimming pretty well now.","xxxx","34",,,
"Casteau_cutscene_23010_3","White Ash Harbor is looking a bit nicer these days. I'm glad you believed in it enough to give it a go._Besides, I'm happy to see you flourishing rather than working for Otto Canton.","xxxx","39",,,
"Casteau_cutscene_23010_4","He is a great chef, but his drive and attitude have burned out more aspiring chefs than I can remember._Anyways, I confess that I have to ask you for another favor._Can you meet me tonight at the Peony Bathhouse?","xxxx","7",,,
"Casteau_cutscene_23010_4A_Option","The haunted place up on the hill?!","xxxx","10",,,
"Casteau_cutscene_23010_4B_Option","Chef Casteau, why do you want to meet up there?","xxxx","24",,,
"Casteau_cutscene_23010_4A_Response","Haunted eh? Perhaps I've been gone for too long . . . It's an old and storied building. Have ghosts taken over the place?","xxxx","17",,,
"Casteau_cutscene_23010_4B_Response","It's the other reason why I came to White Ash Harbor. I will tell you more later.","xxxx","24",,,
"Casteau_cutscene_23010_5","Please come alone and do not mention it to anyone. I know it's an odd ask, but I promise it will be worth it.","xxxx","",,,
,,,"",,,
"2301 - Rendevous at the Bathhouse",,,"",,,
,,,"3",,,
"Nadjet_cutscene_chatbubble_23011_1","Whoooooo, goes there?","xxxx","5",,,
"Player_cutscene_chatbubble_23011_1","(playername), chef of Le Sequoia.","xxxx","4",,,
"Player_cutscene_chatbubble_23011_2","Are you a ghost?","xxxx","",,,
,,,"43",,,
"Nadjet_cutscene_23011_1","Name's Nadjet, and if you know what's good for ya, you better not mouth off when we head inside._I work for Aylin, the owner of the bathhouse, and if you bug her at all, I will not hesitate to break your fingers. Comprende?","xxxx","20",,,
"Nadjet_cutscene_23011_2","The boss is waiting for you inside. Mind your hands and take nothing. We don't call the cops around here.","xxxx","13",,,
"Nadjet_cutscene_23011_3","Welcome to the Peony Bathhouse. Don't track any dirt inside. Follow me upstairs.","xxxx","",,,
,,,"5",,,
"Nadjet_cutscene_23012_1","Boss, our visitor has arrived.","xxxx","21",,,
"Casteau_cutscene_23012_1","(playername), you came! Sit, please. Have some tea. Allow me to introduce you to Aylin. The owner of the Peony Bathhouse.","xxxx","23",,,
"Aylin_cutscene_23012_1","A pleasure to meet you, (playername)._Has Vincent told you why you were invited to this abandoned bathhouse in the middle of the night?","xxxx","10",,,
"Aylin_cutscene_23012_1A_Option","I trust him to know that it would be important.","xxxx","3",,,
"Aylin_cutscene_23012_1B_Option","Not at all.","xxxx","18",,,
"Aylin_cutscene_23012_1A_Response","Vincent is indeed trustworthy, and I am glad that he kept the contents of this meeting a secret.","xxxx","14",,,
"Aylin_cutscene_23012_1B_Response","Good. I want to keep the contents of this meeting a secret for now.","xxxx","34",,,
"Casteau_cutscene_23012_2","I've known Aylin for a very long time. She was the first investor in Le Sequoia._Even though she's a friend, she took a chance on me, and for that I must repay the kindness.","xxxx","37",,,
"Casteau_cutscene_23012_3","Unfortunately, I am too old and frail. But I have enough trust in you that you will be able to rise up to the challenge._So (playername), would you be willing to help out Aylin in my place?","xxxx","3",,,
"Casteau_cutscene_23012_3A_Option","Bring it on!","xxxx","10",,,
"Casteau_cutscene_23012_3B_Option","A friend of yours is a friend of mine chef.","xxxx","24",,,
"Casteau_cutscene_23012_3A_Response","Ho ho ho that's the spirit! Well Aylin, it looks like my student is eager to help. I'll let you explain the situation then.","xxxx","33",,,
"Casteau_cutscene_23012_3B_Response","I am grateful (playername)._Aylin has done a lot for me, and it is with great sadness that I am unable to help her on my own._Well Aylin, I'll leave it to you then.","xxxx","37",,,
"Aylin_quest_23012_1","As you have seen (playername), the bathhouse has been abandoned for a long time._It used to be the main draw of White Ash Harbor. People from all over the world would visit and enjoy these sulfur baths.","xxxx","26",,,
"Aylin_quest_23012_2","Now that it's empty, White Ash Harbor has really felt the impact and has been struggling._As you may have guessed, we wish to reopen the bathhouse.","xxxx","2",,,
"Aylin_quest_23012_2A_Option","Why now?","xxxx","7",,,
"Aylin_quest_23012_2B_Option","I suppose you will need my help?","xxxx","27",,,
"Aylin_quest_23012_2A_Response","There is another important component of this bathhouse: the Teahouse._After a hot bath, guests love to refresh themselves by enjoying a nice beverage or a delicious meal.","xxxx","24",,,
"Aylin_quest_23012_2B_Response","Indeed. An important component of the Bathhouse's success was the Teahouse._Guests would often partake in some afternoon tea and desserts after enjoying their bath.","xxxx","32",,,
"Aylin_quest_23012_3","Your efforts in reviving Le Sequoia have been quite successful._And I believe you would make an excellent candidate to manage the Teahouse. Previously, there was no one else who could do it.","xxxx","39",,,
"Aylin_quest_23012_4","Before I can hand over such an important part of this operation, we will need some help with getting the bathhouse up and running._If you assist with rebuilding, I will be more comfortable with you taking over the Teahouse.","xxxx","12",,,
"Aylin_quest_23012_4A_Option","I've done work that isn't in a kitchen. I can help out.","xxxx","5",,,
"Aylin_quest_23012_4B_Option","You don't trust me yet?","xxxx","21",,,
"Aylin_quest_23012_4A_Response",". . . That's good to hear. I look forward to your full effort. It will be worth it, I promise.","xxxx","42",,,
"Aylin_quest_23012_4B_Response","Trust and belief are two very different things. I believe that you have abilities that are useful to this town and myself._Trust requires time. I will need to know that you have what it takes to uphold the reputation of this establishment.","xxxx","26",,,
"Aylin_quest_23012_5","Nadjet can give you the list of items we need assistance with to open the bathhouse._It is getting late. Do you have any other questions, (playername)?","xxxx","10",,,
"Aylin_quest_23012_5A_Option","Why did you shutter the bathhouse in the first place?","xxxx","7",,,
"Aylin_quest_23012_5B_Option","I do not have any more questions.","xxxx","27",,,
"Aylin_quest_23012_5A_Response","That is the one topic I am not going to discuss at this time._Perhaps one day . . . when I feel a greater trust towards you.","xxxx","15",,,
"Aylin_quest_23012_5B_Response","Good! We shall part ways for now then. I have other matters to attend to.","xxxx","18",,,
"Nadjet_cutscene_23012_2","Thank you for joining us this evening, (playername). Discretion is key during this phase of the bathhouse's revitalization.","xxxx","36",,,
"Nadjet_cutscene_23012_3","Do not mention what you are doing here with the people in town. I will give you the list of repairs we need to accomplish._Follow me downstairs. Deviate, and there will be bruising of some kind.","xxxx","6",,,
"Aylin_cutscene_23012_2","Nadjet, please, show a little civility.","xxxx","6",,,
"Nadjet_cutscene_23012_4","Sorry Aylin. Follow me downstairs, please.","xxxx","12",,,
"Casteau_cutscene_23012_4","I'll come with you, (playername). I am a bit tired as well.","xxxx","",,,
,,,"38",,,
"Nadjet_cutscene_23013_1","We are going to need some items to help fix some of the old mechnical units._First, we will need a couple of copper pipes. I heard that there was a great engineer in town. Perhaps she can help.","xxxx","35",,,
"Nadjet_cutscene_23013_2","Just make sure not to tell her what the pipes are used for. That will be all for now._I am going to bed. You know how to let yourselves out. I'll be seeing ya around.","xxxx","19",,,
"Nadjet_cutscene_23013_3","I am going to bed as well. You know how to let yourselves out. I'll be seeing you around.","xxxx","18",,,
"Casteau_cutscene_23013_1","They might not be the most amicable of crowds, but this task is important for revitalising this town.","xxxx","7",,,
"Casteau_cutscene_23013_1A_Option","Do you know more about them chef?","xxxx","5",,,
"Casteau_cutscene_23013_1B_Option","They don't seem very polite.","xxxx","23",,,
"Casteau_cutscene_23013_1A_Response","I do. But their secrets are not mine to share. Perhaps they will tell you more when you get to know them better.","xxxx","38",,,
"Casteau_cutscene_23013_1B_Response","Ho ho ho yes they can be blunt with their words, but they have been through a lot, and they have heart._At the end of the day, that is the most important, and why we should help them.","xxxx","26",,,
"Casteau_cutscene_23013_2","Truth be told, my pride is at fault here._I left for Billboard City to make a name for myself because it is the Mecca of food.","xxxx","35",,,
"Casteau_cutscene_23013_3","After everything she had done for me, I left this town, and her, behind._I shuttered Le Sequoia even though it was doing fine without me because I wanted to believe it couldn't run without me.","xxxx","28",,,
"Casteau_cutscene_23013_4","When you get to my age, you find a lot of regrets to ponder over._The bathhouse, Le Sequoia, these two must exist to help White Ash Harbor thrive.","xxxx","34",,,
"Casteau_cutscene_23013_5","That is why helping her is so important and why you shouldn't let your pride guide your way through this life._You are doing better than me, (playername), and that's all I've ever wanted._Goodnight (playername).","xxxx","",,,
,,,"28",,,
"Bianca_quest_23014_1","Hello (playername). The town is looking livelier now, no thanks to you._Unfortunately, more and more tourists are wandering through my shop, but tourists do not require my services.","xxxx","14",,,
"Bianca_quest_23014_2","I must find a way to capitalize on this increased traffic. Got any ideas?","xxxx","8",,,
"Bianca_quest_23014_2A_Option","Maybe you can make and sell smart watches?","xxxx","7",,,
"Bianca_quest_23014_2B_Option","I think you should sell beach clothes.","xxxx","38",,,
"Bianca_quest_23014_2A_Response","Hmmm . . . That's not a bad idea (playername)._A smart watch can tell time, provide navigation, predict the weather, maybe even . . . even diagnose diseases . . ._You've given me a lot to think about.","xxxx","21",,,
"Bianca_quest_23014_2B_Response","What do you take me for? Some ordinary shopgirl?_They are much greater things I can do with my time and skills.","xxxx","24",,,
"Bianca_quest_23014_3","Now then, what was the reason for coming to see me today?_Huh, you need some copper pipes made? What will you use them for?","xxxx","3",,,
"Bianca_quest_23014_3A_Option","It's a secret.","xxxx","9",,,
"Bianca_quest_23014_3B_Option","I need some copper pipes to repair the bathhouse.","xxxx","27",,,
"Bianca_quest_23014_3A_Response","You know what (playername), I do not like secrets being kept from me._But still . . . I can help you. For the right payment of course.","xxxx","20",,,
"Bianca_quest_23014_3B_Response","The Bath . . . bathhouse? Is somebody planning on repairing that old thing?_About time. Fine, I can help you.","xxxx","24",,,
"Bianca_quest_23014_4","I will need 5 Copper Ores, 5 Iron Ores, and let's say . . . 5 bottles of Vodka as payment._Let's go, chop chop.","xxxx","",,,
,,,"21",,,
"Bianca_quest_23015_1","Ah, it looks like you brought everything. Good._I will need some time to smelt these. Meet me at my shop tomorrow.","xxxx","",,,
,,,"2",,,
"Player_cutscene_chatbubble_23016_1","Hi Bianca.","xxxx","9",,,
"Bianca_cutscene_chatbubble_23016_1","Hee . . . hee . . . hee","xxxx","38",,,
"Bianca_cutscene_23016_1","Oh good. (playername) . . . I'm assuming you are here for the . . . pipes? . . ._Let's see, where did I put them . . . Huh my memory is all fuzzzzy for some reason.","xxxx","31",,,
"Bianca_cutscene_23016_2","And why do I . . . I have this headache . . . mussht the weather. Right, the pipes! The . . . They're over here if I do remember.","xxxx","17",,,
"Bianca_cutscene_23016_3","Here you go. They weren't easy to make . . . Better put 'em to good use!","xxxx","",,,
,,,"34",,,
"Nadjet_cutscene_23017_1","Ah good, you got the items? This will do for now. I will need to make some repairs today._Come back tomorrow and we can discuss the next order of business. I'll be off then.","xxxx",,,,
,,,,,,
"RIVAL LETTER 3",,,,,,
,,,"4",,,
"Mail_23018_Letter_Title","I Went For It","xxxx","32",,,
"Mail_23018_Letter_1","Hi (playername). I did something crazy today. Remember when I mentioned there was a place for rent in Billboard City? Well . . . I took the leap and signed a lease.","xxxx","27",,,
"Mail_23018_Letter_2","It's a shabby looking place, but it's mine! With some work, it could really become my culinary fortress one day. I'm calling my new restaurant Aurora Bistro!","xxxx","36",,,
"Mail_23018_Letter_3","It's exciting. It really is. But boy is it hard! I need to get a new kitchen done, hire staff, and create a new menu from scratch! When it's ready, you will come visit won't you?","xxxx",,,,
,,,,,,
"2302 - The Source of Aroma",,,,,,
,,,"7",,,
"Nadjet_cutscene_23020_1","Boss wants to see ya. Follow me.","xxxx","3",,,
"Nadjet_cutscene_23020_1A_Option","What's going on?","xxxx","6",,,
"Nadjet_cutscene_23020_1B_Option","I don't have time right now.","xxxx","7",,,
"Nadjet_cutscene_23020_1A_Response","You'll find out after you follow me.","xxxx","12",,,
"Nadjet_cutscene_23020_1B_Response","Oh, did ya think I was asking a question? Follow me, now.","xxxx","",,,
,,,"11",,,
"Nadjet_cutscene_23021_1","I got 'em, boss. Picked (playername) up from our very doorsteps.","xxxx","3",,,
"Aylin_cutscene_23021_1","Thank you Nadjet.","xxxx","6",,,
"Aylin_cutscene_23021_1A_Option","I'm not a sack of potatoes.","xxxx","7",,,
"Aylin_cutscene_23021_1B_Option","So, what's next on the to-do list?","xxxx","25",,,
"Aylin_cutscene_23021_1A_Response","I apologize about the tone my employee uses some of the time. She is curt, but a good person once you get to know her.","xxxx","13",,,
"Aylin_cutscene_23021_1B_Response","I appreciate your eagerness (playername). I think we will do great work together.","xxxx","34",,,
"Aylin_cutscene_23021_2","I asked you here today because I need help in securing something important for the bathhouse._You see, the secret of the Peony baths were the complex mixture of ingredients we added to the water.","xxxx","19",,,
"Aylin_cutscene_23021_3","One important ingredient is sulfur, specifically, sulfur from within the volcano._Without the sulfur, the baths won't be as rejuvenating.","xxxx","6",,,
"Aylin_cutscene_23021_3A_Option","Why not just buy the sulfur?","xxxx","12",,,
"Aylin_cutscene_23021_3B_Option","So I just need to go into the volcano . . .","xxxx","31",,,
"Aylin_cutscene_23021_3A_Response","Unfortunately, the LELSH Corporation have stopped sulfur mining globally._Ever since the discovery of lab-produced Selenium, a sulfur replacement, the sulfur mines have been abandoned._Sulfur is hard to come by these days.","xxxx","6",,,
"Aylin_cutscene_23021_3B_Response","Thank you for your understanding, (playername).","xxxx","37",,,
"Aylin_cutscene_23021_4","The barricade to the volcano have recently been removed. You can now reach the old sulfur mines._Peony bathhouse's sulfur have always been locally sourced, but with my fragile mechanisms and Nadjet's fear of fire . . .","xxxx","7",,,
"Nadjet_cutscene_23021_2","Hey! You said you wouldn't tell nobody!","xxxx","13",,,
"Aylin_cutscene_23021_5","Nadjet, do you want to go to the volcano and get the sulfur?","xxxx","9",,,
"Nadjet_cutscene_23021_3",". . . I, but I . . .","xxxx","27",,,
"Aylin_cutscene_23021_6","I didn't think so. (playername), only you can gather the sulfur we need._After retrieving it, Nadjet will show you our secret of creating the perfect sulfur bath.","xxxx","11",,,
"Aylin_cutscene_23021_6A_Option","Okay, I'll get the sulfur, but how do I not die?","xxxx","7",,,
"Aylin_cutscene_23021_6B_Option","Isn't it really hot inside the volcano?","xxxx","35",,,
"Aylin_cutscene_23021_6A_Response","Ah, well technology is quite amazing these days. LELSH have recently come out with these instant Ice Packs._Using one will give you temporary protection from the heat. I believe the local infirmary should sell them.","xxxx","45",,,
"Aylin_cutscene_23021_6B_Response","Yes, it is quite hot. You will need a great deal of heat resistance. You should buy a couple Instant Ice Packs from the local infirmary_Just pour one over your head and it will create a thermal layer that will protect you from the heat.","xxxx","30",,,
"Nadjet_cutscene_23021_4","Remember to use some heat resistance before entering the volcano._If you don't have any . . . well, it won't be pretty. Be safe, (playername)! We really need that sulfur!","xxxx","",,,
,,,"",,,
,,,"18",,,
"Valentina_quest_23022_1_Friendship","Hi (playername). I have a lot of patients to help and medicine to deliver today. Please be quick.","xxxx","33",,,
"Valentina_quest_23022_1_NoFriendship","(playername) right? Le Sequoia is really helping to liven up the town._You don't happen to serve blood pudding do you? . . . Ah well, that's unfortunate._Anyways, what can I help you with?","xxxx","5",,,
"Valentina_quest_23022_1A_Option","I'm heading into the volcano.","xxxx","7",,,
"Valentina_quest_23022_1B_Option","I heard you sell Instant Ice Packs.","xxxx","38",,,
"Valentina_quest_23022_1A_Response","You . . . you are doing WHAT? I swear, I am not dragging your melted corpse back into my clinic!_If you are going to go do something so crazy, you better have a TON of heat protection.","xxxx","31",,,
"Valentina_quest_23022_1B_Response","Yes . . . I do have a few lying around. They are industrial-grade, and not meant for everyday use._Why do you . . . Nevermind. I don't want to know.","xxxx","29",,,
"Valentina_quest_23022_2","I can sell you some Instant Ice Packs, but they aren't cheap._I can offer 5 of them for a discount . . . so a total of 2000 Credits.","xxxx","10",,,
"Valentina_quest_23022_2A_Option","It's expensive, but . . . alright. I'll take them.","xxxx","7",,,
"Valentina_quest_23022_2B_Option","2000 Credits is too expensive for me.","xxxx","43",,,
"Valentina_quest_23022_2A_Response","Here you go. Just don't accidentally open one. These ain't cheap._If you run out, I have more in stock. But I can't give you any more discounts I'm afraid._Running a clinic isn't cheap. Now off you go. I have more patients to help!","xxxx","10",,,
"Valentina_quest_23022_2B_Response","I understand. Well, come back if you have more Credits.","xxxx","",,,
,,,"16",,,
"Nadjet_quest_23023_1","Oh, the sulfur has a stink to it. Pahhhhh! Let's get it over to the processor.","xxxx","",,,
,,,"34",,,
"Nadjet_cutscene_23024_1","So here we are (playername). I will share to you the secret of creating a great bathing experience._Here at the Peony bathhouse, we have developed a new system for giving baths a great aroma.","xxxx","32",,,
"Nadjet_cutscene_23024_2","Using sulfur, and a couple fragrant ingredients, we create highly condensed aroma cubes called Bath Bloks._These Bath Bloks are then fed into the main bathing area to give each bath unique qualities.","xxxx","21",,,
"Nadjet_cutscene_23024_3","I'll give you a couple ingredients to start. Give the machine a whirl and see what kind of Blok you create.","xxxx","",,,
,,,"23",,,
"Nadjet_cutscene_23025_1","Not bad, but with some practice, you can create higher quality Bloks._Depending on what ingredients you mix, bath blocks will have different qualities.","xxxx","30",,,
"Nadjet_cutscene_23025_2","You should have received some Peony Tickets. Once the bathhouse is open, you can trade these in for unique items._The higher quality the Blok, the more tickets you will receive.","xxxx","28",,,
"Nadjet_cutscene_23025_3","Bathing in the baths will give health benefits, depending on the type of Blok used._Since the bathhouse is closed, we won't be able to use the baths yet.","xxxx","31",,,
"Nadjet_cutscene_23025_4","Sit tight, because we are going need a lot more Bath Bloks for the grand opening and beyond!_For now, we have a lot more work left to get the bathhouse ready.","xxxx",,,,
,,,,,,
"2303 - Teahouse Soft Opening",,,,,,
,,,"4",,,
"RestaurantGuest4_cutscene_chatbubble_23030_1","Whoa! Look at that.","xxxx","5",,,
"RestaurantGuest6_cutscene_chatbubble_23030_1","What is going on here?","xxxx","12",,,
"TrainYoungMan_cutscene_chatbubble_23030_1","Would you look at that gramps? It's . . . it's real.","xxxx","12",,,
"TrainOldMan_cutscene_chatbubble_23030_2","Oh . . . My . . . God . . .","xxxx","4",,,
"Tourist1_cutscene_chatbubble_23030_1","The Bathhouse is reopening?","xxxx","9",,,
"Prisca_cutscene_chatbubble_23030_1","C'mon folks. Keep moving. This is a construction site!","xxxx","6",,,
"Carpenter_cutscene_chatbubble_23030_1","Huh. Can I have a break?","xxxx","11",,,
"Aloys_cutscene_chatbubble_23030_1","I'm going to have a whale of a time in there.","xxxx","15",,,
"Bowie_cutscene_chatbubble_23030_1","My . . . my . . . This brings back memories . . .","xxxx","5",,,
"Nadjet_cutscene_chatbubble_23030_1","C'mon, let's go. Move it!","xxxx","",,,
,,,"24",,,
"Nadjet_cutscene_23030_1","Oh good (playername). As you can see, renovations are under way._The town is buzzing today. It seems everyone is excited about a potential reopening.","xxxx","11",,,
"Nadjet_cutscene_23030_2","Come, Aylin wishes to discuss the next order of business inside.","xxxx","",,,
,,,"16",,,
"Aylin_quest_23031_1","Ah (playername). Thank you for assisting with the various tasks to prepare for the bathhouse opening. ","xxxx","32",,,
"Aylin_quest_23031_2","As you can see, renovations are under way._This bathhouse needs to look as beautiful as it did on the day it first opened, if we want this reopening to be a success.","xxxx","30",,,
"Aylin_quest_23031_3","Although you have helped been of great help, there is something else I will need._It is an important step if I am to entrust the Teahouse to you to manage.","xxxx","4",,,
"Aylin_quest_23031_3A_Option","Anything you need Aylin.","xxxx","5",,,
"Aylin_quest_23031_3B_Option","Haven't I proved my trustworthiness?","xxxx","15",,,
"Aylin_quest_23031_3A_Response","That is what I like to hear. I think this will be a great partnership.","xxxx","34",,,
"Aylin_quest_23031_3B_Response","Managing the Teahouse is no trifle and I require someone I trust deeply to share this important part of my establishment with._If you cannot appreciate this, then perhaps you should go your seperate way.","xxxx","33",,,
"Aylin_quest_23031_4","Now then, I will need a mature and capable leader to manage the teahouse._You may have had a few successful services, but I require a chef with a reputation of excellence and consistency.","xxxx","24",,,
"Aylin_quest_23031_5","This renovation will take some time. Once you have reached a level of reputation I am content with, I will give you the teahouse.","xxxx","",,,
,,,"21",,,
"Aylin_quest_23032_1","Hi (playername). It looks like you did it. The Teahouse is yours. Why don't you go in and take a look?","xxxx","36",,,
"Aylin_quest_23032_2","The next order of business is to prepare a soft opening for the staff, and some locals, so that we can gauge the customer experience._You may start preparing the Teahouse and open when you are ready.","xxxx","6",,,
"Aylin_quest_23032_2A_Option","I won't let you down, Aylin.","xxxx","7",,,
"Aylin_quest_23032_2B_Option","Do you have any suggestions for me?","xxxx","14",,,
"Aylin_quest_23032_2A_Response","Good. This grand opening has to be perfect. Let's put in our best effort.","xxxx","37",,,
"Aylin_quest_23032_2B_Response","Customer experience is everything. Think about what this means (playername)._What would you like to experience, if you were a guest at this Bathhouse?_That is the most important advice I can give. The rest is up to you.","xxxx","",,,
,,,"7",,,
"Nadjet_cutscene_23033_1","(playername), so what's going on here now?","xxxx","10",,,
"Nadjet_cutscene_23033_1A_Option","I'm working . . . that's what's happening right now.","xxxx","6",,,
"Nadjet_cutscene_23033_1B_Option","I'm setting up my new restaurant.","xxxx","13",,,
"Nadjet_cutscene_23033_1A_Response","I get that dummy, I get that you're working. Duh, I got eyes.","xxxx","46",,,
"Nadjet_cutscene_23033_1B_Response","Aylin handed it over huh? You must have earned her trust. Good for you._It's not easy for her you know? Giving away such an important part of her operation. It's like giving away her child . . . not that she a has a real child.","xxxx","16",,,
"Nadjet_cutscene_23033_2","When are we gonna start packing in this place? Five, six months from now? A year?","xxxx","7",,,
"Nadjet_cutscene_23033_2A_Option","We should do a soft opening first.","xxxx","13",,,
"Nadjet_cutscene_23033_2B_Option","We need to test out the menu and see how it is first.","xxxx","35",,,
"Nadjet_cutscene_23033_2A_Response","A soft opening? That's a weird one. It will be more difficult to renovate the lobby if people are coming in and out . . but if the boss says it's necessary . . .","xxxx","15",,,
"Nadjet_cutscene_23033_2B_Response","Ah, I get it! You need to test drive the car before you buy it.","xxxx","40",,,
"Nadjet_cutscene_23033_3","Just make sure you don't let any weirdos in here. Boss wants to have the perfect grand opening, ya know?_She would flip out if people started messing up the decorations. Everything has been planned precisely . . . like clockwork.","xxxx","34",,,
"Nadjet_cutscene_23033_4","Also, even though this is just a trial run, I wouldn't take this service lightly. Miss Aylin has high expectations._Failure to deliver will be . . . unpleasant. Anyways, I'll leave you to it.","xxxx","",,,
,,,"16",,,
"Aylin_restaurantService_2303_Arriving_1","Yes . . . Yes . . . I see where you are going with this.","xxxx","5",,,
"Aylin_restaurantService_2303_Ordering_1","Please serve me the (dish).","xxxx","7",,,
"Aylin_restaurantService_2303_Eating_1","This is quite . . . interesting.","xxxx","10",,,
"Aylin_restaurantService_2303_Eating_2","This may not be good enough for my precious Teahouse.","xxxx","10",,,
"Aylin_restaurantService_2303_Eating_3","This dish can still be improved . . . yes.","xxxx","10",,,
"Aylin_restaurantService_2303_Leaving_1","Well, it's a decent start I suppose . . .","xxxx","",,,
,,,"6",,,
"Nadjet_restaurantService_2303_Arriving_1","Hey, this looks kinda good (playername).","xxxx","10",,,
"Nadjet_restaurantService_2303_Ordering_1","This one looks juicy. I'll take it. Better be quick!","xxxx","6",,,
"Nadjet_restaurantService_2303_Eating_1","Oh yes. That hits the spot.","xxxx","8",,,
"Nadjet_restaurantService_2303_Eating_2","This (dish) should be saltier . . .","xxxx","10",,,
"Nadjet_restaurantService_2303_Eating_3","Wish I had some hot sauce to go with this.","xxxx","10",,,
"Nadjet_restaurantService_2303_Leaving_1","It's really coming together boss. I'll really excited about this.","xxxx","",,,
,,,"10",,,
"Farhan_restaurantService_2303_Arriving_1","I like this feeling. It feels . . . cozy.","xxxx","5",,,
"Farhan_restaurantService_2303_Ordering_1","I'll have this one, please.","xxxx","6",,,
"Farhan_restaurantService_2303_Eating_1","This (dish) just warms me up.","xxxx","7",,,
"Farhan_restaurantService_2303_Eating_2","This (dish) makes me feel at home.","xxxx","7",,,
"Farhan_restaurantService_2303_Eating_3","What great grub for the working man!","xxxx","12",,,
"Farhan_restaurantService_2303_Leaving_1","I hope I can eat here for free . . . everyday.","xxxx","",,,
,,,"2",,,
"Duncan_restaurantService_2303_Arriving_1","Sick man.","xxxx","6",,,
"Duncan_restaurantService_2303_Ordering_1","Oh, I'm definitely having this one.","xxxx","7",,,
"Duncan_restaurantService_2303_Eating_1","Cheers folks! Pray to the food gods!","xxxx","8",,,
"Duncan_restaurantService_2303_Eating_2","Alright. This would go great with some beer.","xxxx","8",,,
"Duncan_restaurantService_2303_Eating_3","Whew I'm full. But I just can't stop.","xxxx","6",,,
"Duncan_restaurantService_2303_Leaving_1","I'm definitely eating here every day.","xxxx","",,,
,,,"4",,,
"Mei_restaurantService_2303_Arriving_1","Oooohh, this is exciting!","xxxx","16",,,
"Mei_restaurantService_2303_Ordering_1","I . . . Uh . . . . I'll have this one! And this one!","xxxx","6",,,
"Mei_restaurantService_2303_Eating_1","This reminds me of mom's cooking.","xxxx","1",,,
"Mei_restaurantService_2303_Eating_2","Yummy!","xxxx","11",,,
"Mei_restaurantService_2303_Eating_3","This texture is very . . . smooth. I like it.","xxxx","7",,,
"Mei_restaurantService_2303_Leaving_1","That was a great meal, right Nadjet?","xxxx","",,,
,,,"3",,,
"Casteau_restaurantService_2303_Arriving_1","Ah hello (playername).","xxxx","10",,,
"Casteau_restaurantService_2303_Ordering_1","Ah yes . . . this will do. Very promising.","xxxx","10",,,
"Casteau_restaurantService_2303_Eating_1","Yes . . . I see what you did here.","xxxx","7",,,
"Casteau_restaurantService_2303_Eating_2","Fascinating. A great take on the (dish).","xxxx","10",,,
"Casteau_restaurantService_2303_Eating_3","The flavor profile is promising, but still room for improvement.","xxxx","6",,,
"Casteau_restaurantService_2303_Leaving_1","You've come a long way (playername).","xxxx","",,,
,,,"30",,,
"Aylin_quest_23034_1_Amazing","I cannot believe that I doubted you at all. What I experienced tonight was beyond anything that I have had in my lifetime._Vincent placed his trust in the right chef.","xxxx","24",,,
"Aylin_quest_23034_1_Great","That was a great start (playername). With some improvements here and there, the Teahouse will become a guest favorite._Thank you Vincent, for recommending (playername).","xxxx","24",,,
"Aylin_quest_23034_1_Good","My experience here tonight was serviceable. The food was edible and the service was fast. I am okay with you serving this food here.","xxxx","33",,,
"Aylin_quest_23034_1_Mid","That could have gone better . . . . yes . . . much improvement is needed._(playername), this is simply not the standard for the Peony Bathhouse. You'd better get back to work.","xxxx","43",,,
"Aylin_quest_23034_1_Poor","That was simply horrendous. Is this how you run Le Sequoia? Seeing how far you have come, I think not._The grand opening isn't far. If this is how the grand opening turns out, there will be . . . repercussions . . .","xxxx","30",,,
"Nadjet_quest_23034_1_Amazing","Hey, you are alright (playername). That was some delicious grub. Maybe you can cook a private meal for me sometime huh?_Uhhhh . . . Joking boss! I'm joking of course!","xxxx","32",,,
"Nadjet_quest_23034_1_Great","I never knew this could be food. If this is food, then what have I been eating my entire life?_I am questioning my food choices because what I ate here was delicious.","xxxx","34",,,
"Nadjet_quest_23034_1_Good","This was about as good as Giuseppe's Spoon back in my old neighborhood. You could get oysters 24 hours a day._It was a good spot, better than your food today, but yours is close.","xxxx","23",,,
"Nadjet_quest_23034_1_Mid","Listen to Aylin, (playername). We have to take this seriously if we want the grand opening to go well._Better get back to work.","xxxx","28",,,
"Nadjet_quest_23034_1_Poor","Miss Aylin forbade my from using physical violence. I . . . I think it's made me a better person._But it doesn't stop me from using my imagination.","xxxx","38",,,
"Casteau_quest_23034_1_Amazing","Fantastic work (playername). I'm proud of how far you have come. I truly am. But don't get distracted!_Our main purpose is to create delicious food for guests to enjoy. That means the grand opening. That's where it counts.","xxxx","30",,,
"Casteau_quest_23034_1_Great","The time at the academy wasn't wasted no? You've come a long way (playername)._The mark of a good chef is their ability to adapt to different situations, and different ingredients.","xxxx","23",,,
"Casteau_quest_23034_1_Good","It was a good start (playername). Some tweaks in the menu here and there, and the Teahouse could become a popular spot indeed.","xxxx","32",,,
"Casteau_quest_23034_1_Mid","Ho ho, it's alright (playername). It wasn't smooth sailing at the academy either, but you managed to overcome difficult challenges._I have confidence that you can turn it around for the grand opening.","xxxx","39",,,
"Casteau_quest_23034_1_Poor","It wasn't good (playername). That's the truth. But that's ok. Remember what I said (playername)?_Finding your signature takes a long road of failures to achieve. If you are the chef I know you to be, you can fix this.","xxxx","32",,,
"Aylin_cutscene_23034_1","The grand opening isn't far off. We still have a few things to fix around bathhouse, but (playername), you should focus on the Teahouse._Before we go, anything else you need to know?","xxxx","9",,,
"Aylin_cutscene_23034_1A_Option","Why is reopening the Bathhouse so important to you?","xxxx","9",,,
"Aylin_cutscene_23034_1B_Option","What was the Bathhouse like . . . before?","xxxx","22",,,
"Aylin_cutscene_23034_1A_Response","It was a duty passed down to me from a previous generation. The Bathhouse fulfills an important role in White Ash harbor.","xxxx","23",,,
"Aylin_cutscene_23034_1B_Response","It was wonderful. People from all around the world came to visit. When it closed, the town lost a part of its soul.","xxxx","39",,,
"Aylin_cutscene_23034_2","Fishing is what made this town, tourism helped it grow, but the Peony Bathhouse is what held it all together._It was the sinew of White Ash Harbor because it's where people come to relax, chat, and know one another.","xxxx","25",,,
"Aylin_cutscene_23034_3","Human beings are . . . complicated._People are isolated more than ever, and they aren't talking with one another, instead they're talking at each other.","xxxx","37",,,
"Aylin_cutscene_23034_4","A lack of connection kills a community, and I will no longer sit by and watch this town die a slow death._This is why we must reopen because if White Ash Harbor is to have a future.","xxxx","40",,,
"Aylin_cutscene_23034_5","Now then, we all have our jobs to do. It will be hard, but if we succeed, we can deliver something truly special to our guests._Nadjet, help Vincent back to the hotel. He's having some . . . pains today.","xxxx","8",,,
"Nadjet_cutscene_23034_1","Will do boss. Come, Chef Casteau, this way.","xxxx","25",,,
"Casteau_cutscene_23034_1","Thank you dear._Oh . . . I can't wait . . . The reopening of Peony Bathhouse. Never thought I'd see it . . .","xxxx",,,,
,,,,,,
,,,,,,
"2304 - Danger at the Eleventh Hour",,,,,,
,,,"5",,,
"Nadjet_cutscene_23040_1","Can we talk? In private.","xxxx","6",,,
"Nadjet_cutscene_23040_1A_Option","Good day to you too, Nadjet.","xxxx","2",,,
"Nadjet_cutscene_23040_1B_Option","Uhhhhh, why?","xxxx","5",,,
"Nadjet_cutscene_23040_1A_Response","Yeah, nice day, birds flyin.","xxxx","5",,,
"Nadjet_cutscene_23040_1B_Response","I need a solid. Please?","xxxx","6",,,
"Nadjet_cutscene_23040_2","Let's go somewhere private and talk.","xxxx","",,,
,,,"33",,,
"Nadjet_cutscene_23041_1","Whew, this'll be easier in private, you see, I got a problem and I need help with it. I know, I know, this isn't like me, but I got nowhere else to go.","xxxx","26",,,
"Nadjet_cutscene_23041_2","You see . . . before I worked for Aylin . . ._. . . I worked for the Colombo crime family out of Billboard City.","xxxx","5",,,
"Nadjet_cutscene_23041_2A_Option","You worked for the mob?!","xxxx","9",,,
"Nadjet_cutscene_23041_2B_Option","I never inferred this from your demeanor and stories.","xxxx","9",,,
"Nadjet_cutscene_23041_2A_Response","Yeah, I did. It was a long time ago.","xxxx","11",,,
"Nadjet_cutscene_23041_2B_Response","What can I say? I'm a good actor. Subtly, that's me.","xxxx","25",,,
"Nadjet_quest_23041_1","Anyway, I was in town yesterday getting some groceries and . . . I was caught by Damien, one of the heads of the family.","xxxx","54",,,
"Nadjet_quest_23041_2","You see, two years ago, the family had sent me to steal the deed to the bathhouse, since it was abandoned and all._I . . . I was in a different place in my life. I had no one, and nowhere to go, so I obliged. I . . . just wanted a home.","xxxx","47",,,
"Nadjet_quest_23041_3","But when I arrived at the abandoned bathhouse, I . . . met Aylin._There was . . . something about her. Someone who is scary . . . but deep down very kind, you know? She thought I was just some street kid and took me in.","xxxx","47",,,
"Nadjet_quest_23041_4","Even though I had just met her, I . . . felt like I finally had a home. I . . . never told her what I was doing here._I made sure that the family received a message, informing them that I had died in an accident.","xxxx","46",,,
"Nadjet_quest_23041_5","Now my problem is me being dead is now, well, dead. Damien caught me._He told me that . . . that if I didn't steal the deed to the bathhouse and go back with him . . ._He's going to tell the Aylin about my past!","xxxx","11",,,
"Nadjet_quest_23041_5A_Option","Intriguing story, but what is it that you need from me?","xxxx","6",,,
"Nadjet_quest_23041_5B_Option","What can I do to help?","xxxx","9",,,
"Nadjet_quest_23041_5A_Response","I'm getting to that part! This story needs context!","xxxx","5",,,
"Nadjet_quest_23041_5B_Response","Good of you to offer!","xxxx","44",,,
"Nadjet_quest_23041_6","Anyway, Damien's a foodie. He only dines in restaurants run by great chefs . . ._You picking up what I'm putting down? I figure I can bribe him with a fancy dinner made by ya._Hopefully I can smooth things over with a great dinner.","xxxx","9",,,
"Nadjet_quest_23041_6A_Option","I see, and what if I don't do this?","xxxx","6",,,
"Nadjet_quest_23041_6B_Option","One time, and he's gone, right?","xxxx","20",,,
"Nadjet_quest_23041_6A_Response","Do you want this town overrun by the mob? No? Then guess what, buttercup? Ya gonna cook for the man.","xxxx","14",,,
"Nadjet_quest_23041_6B_Response","I'm sure of it. He may be pissed at me, but this will work.","xxxx","23",,,
"Nadjet_quest_23041_7","I have him coming to Le Sequoia tonight. Already got it set up._Once he's had something that knocks his socks off, he'll leave.","xxxx","7",,,
"Nadjet_quest_23041_7A_Option","You volunteered my restaurant without even asking?","xxxx","12",,,
"Nadjet_quest_23041_7B_Option","I'll make him a great meal. Don't have a choice, do I?","xxxx","35",,,
"Nadjet_quest_23041_7A_Response","Hey! Don't shout. It will be fine. I promise. If anything happens, I . . . I can take care of it. Thanks for this. Please go get Le Sequoia ready. I'll see ya soon.","xxxx","11",,,
"Nadjet_quest_23041_7B_Response","Thanks for this. Please prepare Le Sequoia. I'll see ya soon.","xxxx","",,,
,,,"5",,,
"Nadjet_cutscene_chatbubble_23042_1","They should be here soon.","xxxx","6",,,
"Nadjet_cutscene_23042_1","Damien, this is (playername). (playername), Damien.","xxxx","41",,,
"Damien_cutscene_23042_1","I've been promised a meal that will be so good that I will forget the lies spilled by Nadjet._It isn't easy to forget such a breach in trust, so I am intrigued by what I am going to eat here tonight.","xxxx","",,,
,,,"8",,,
"Damien_restaurantService_2304_Arriving_1","Le Sequoia huh? I've heard about this place.","xxxx","1",,,
"Damien_restaurantService_2304_Ordering_1","Commence.","xxxx","6",,,
"Damien_restaurantService_2304_Eating_1","Yes, this isn't bad I suppose.","xxxx","14",,,
"Damien_restaurantService_2304_Eating_2","Hmmmm . . . interesting. I think I've tasted this before . . .","xxxx","6",,,
"Damien_restaurantService_2304_Eating_3","This tastes . . . familiar.","xxxx","5",,,
"Damien_restaurantService_2304_Leaving_1","Let's speak outside. C'mon Nadjet.","xxxx","",,,
,,,"6",,,
"Nadjet_restaurantService_2304_Arriving_1","Pretty nice in here, right Damien?","xxxx","6",,,
"Nadjet_restaurantService_2304_Ordering_1","I recommend this. Looks great huh?","xxxx","18",,,
"Nadjet_restaurantService_2304_Eating_1","So . . . eh . . . about that task you asked of me . . .","xxxx","10",,,
"Nadjet_restaurantService_2304_Eating_2","I don't think the bathhouse will be useful for you.","xxxx","13",,,
"Nadjet_restaurantService_2304_Eating_3","It's been a while Damien. Eh . . . how are your kids?","xxxx","9",,,
"Nadjet_restaurantService_2304_Leaving_1","Whew. Hope you guys enjoyed that! I sure did.","xxxx","",,,
,,,"9",,,
"Goon1_restaurantService_2304_Arriving_1","Huh, I've seen better places in my back alleyway.","xxxx","6",,,
"Goon1_restaurantService_2304_Ordering_1","This better be good. Or else!","xxxx","10",,,
"Goon1_restaurantService_2304_Eating_1","Whoa, this is kinda go . . . uh gooey.","xxxx","5",,,
"Goon1_restaurantService_2304_Eating_2","Hmmhhmm . . . Hmmnnhmmmm","xxxx","17",,,
"Goon1_restaurantService_2304_Eating_3","Is there more? I . . I mean . . . The portion was too small. Yeah!","xxxx","5",,,
"Goon1_restaurantService_2304_Leaving_1","Not that good. Right boss?","xxxx","",,,
,,,"5",,,
"Goon2_restaurantService_2304_Arriving_1","This ain't impressive, right boss?","xxxx","4",,,
"Goon2_restaurantService_2304_Ordering_1","Be quick about it.","xxxx","8",,,
"Goon2_restaurantService_2304_Eating_1","Got any hot sauce to go with this?","xxxx","6",,,
"Goon2_restaurantService_2304_Eating_2","Needs more cheese. LOTS of cheese.","xxxx","5",,,
"Goon2_restaurantService_2304_Eating_3","I guess this ain't bad.","xxxx","8",,,
"Goon2_restaurantService_2304_Leaving_1","Not gonna lie. That was some good grub.","xxxx","",,,
,,,"37",,,
"Damien_quest_23044_1_Amazing","You are a great chef (playername), and it was a delicious meal. One of the best I've ever had._However Nadjet, the family never forgets. We came here for the deed, and we will not leave without it.","xxxx","23",,,
"Damien_quest_23044_1_Great","This was a memorable meal, thank you, but the family never forgets, Nadjet. You know this._You will acquire the deed for the bathhouse.","xxxx","37",,,
"Damien_quest_23044_1_Good","So, Nadjet, I have humored you with this dinner, but it's time to be serious again._The deed to the Bathhouse was your mission. Get it, or your precious Aylin will know the reason you were originally here.","xxxx","33",,,
"Damien_quest_23044_1_Mid","So Nadjet, you bring me here for this stale meal. Did you think this was enough to forgive your sins?_No . . . not even close. Bring me the deed to the Bathhouse.","xxxx","35",,,
"Damien_quest_23044_1_Poor","What? What is the meaning of this? Did you think feeding me this disgusting meal would make me forgive and forget?_Either you bring the deed, or we will pay Aylin a nice visit. Your choice.","xxxx","23",,,
"Nadjet_cutscene_23044_1","Wait . . . no! I . . . I thought we could work something out? I can't do that to Aylin! Please.","xxxx","41",,,
"Damien_cutscene_23044_1","You will do what I tell you. When you have it, the family will forgive you for the betrayal, and we can go back to the city together._You can choose to come back to us, or have no home at all.","xxxx","7",,,
"Aylin_cutscene_23044_1","No. You will do no such thing.","xxxx","1",,,
"Nadjet_cutscene_23044_2","Boss?!!","xxxx","10",,,
"Damien_cutscene_23044_2","Ah. You must be Aylin. I am . . .","xxxx","18",,,
"Aylin_cutscene_23044_2","I don't actually care, I only care about one thing: That you leave here tonight and never return.","xxxx","7",,,
"Damien_cutscene_23044_3","And why should we . . .","xxxx","38",,,
"Aylin_cutscene_23044_3","Because if you don't, I will call the authorities and inform them that you were blackmailing Nadjet._That, plus the line of work you engage in, I'm sure would only lead to your extended stay in a prison cell.","xxxx","23",,,
"Damien_cutscene_23044_4","Ha! Fine. We will leave. However . . . did your little girl tell you why we are here in the first place?","xxxx","17",,,
"Aylin_cutscene_23044_4","I already know. She was sent here 2 years ago to steal the deed to the bathhouse.","xxxx","28",,,
"Aylin_cutscene_23044_5","I always knew . . . Nadjet. But it didn't matter to me, what your past was. To me, you were a little girl who needed a home.","xxxx","3",,,
"Nadjet_cutscene_23044_3",". . ._Boss!!","xxxx","29",,,
"Aylin_cutscene_23044_6","Your gambit has failed and I am willing to not mention this to anyone so long as you leave tonight and never step foot in White Ash Harbor again.","xxxx","5",,,
"Damien_cutscene_23044_5","You're dead to me, Nadjet!","xxxx","1",,,
"Goon1_cutscene_chatbubble_23044_1","DEAD!","xxxx","1",,,
"Goon2_cutscene_chatbubble_23044_1","YEAH!","xxxx","3",,,
"Nadjet_cutscene_23044_4","I ALREADY WAS!","xxxx","27",,,
"Damien_cutscene_23044_6","Childish, just like before. Aylin . . . interesting._And (playername), a chef huh?_We will be off then. I'm sure we will meet again . . . soon.","xxxx","1",,,
"Goon1_cutscene_chatbubble_23044_2","SOON!","xxxx","1",,,
"Goon2_cutscene_chatbubble_23044_2","YEAH!","xxxx","",,,
,,,"5",,,
"Nadjet_cutscene_23045_1","How? How did you know?","xxxx","27",,,
"Aylin_cutscene_23045_1","You've been acting out of sorts and seeing you trying to sneak off tonight, I knew I had to follow. It's a good thing I did too.","xxxx","11",,,
"Nadjet_cutscene_23045_2","You knew this whole time? And you still brought me on?","xxxx","35",,,
"Aylin_cutscene_23045_2","You chose to become a different person, Nadjet. I wouldn't hold you to the beliefs of the person you were._You are trustworthy and brave and that's all that has and still does matter to me.","xxxx","12",,,
"Aylin_cutscene_23045_2A_Option","Anyone want to fill me in on the why to this story?","xxxx","4",,,
"Aylin_cutscene_23045_2B_Option","I'm lost, what's happening?","xxxx","4",,,
"Aylin_cutscene_23045_2A_Response","It doesn't matter anymore.","xxxx","6",,,
"Aylin_cutscene_23045_2B_Response","Just finishing up some old business.","xxxx","35",,,
"Nadjet_cutscene_23045_3","I can explain. The Columbo family wanted to see if the bathhouse could be used as an illegal android manufacturing base._As you have seen, they use theft, intimidation, and blackmail to get what they want","xxxx","33",,,
"Nadjet_cutscene_23045_4","I'm glad things worked out today, but I'm sure they will have something up their sleeve. We have to be careful._I'm thankful for your help today (playername), truly. And Aylin . . . ","xxxx","43",,,
"Aylin_cutscene_23045_3","Everything is fine now Nadjet. It is in the past. We have more pressing matters to focus on._The grand opening is almost upon us. It's been a long day. Let's get some rest. We have much work ahead of us . . .","xxxx","1",,,
"Nadjet_cutscene_23045_5","Yeah!","xxxx",,,,
,,,,,,
"2305 - I Bathe, Therefore I Am",,,,,,
,,,"5",,,
"Aylin_cutscene_23050_1","We are almost there (playername).","xxxx","3",,,
"Aylin_cutscene_23050_1A_Option","It looks magnificent!","xxxx","6",,,
"Aylin_cutscene_23050_1B_Option","You must be very proud, Aylin.","xxxx","15",,,
"Aylin_cutscene_23050_1A_Response","Yes . . . it does. It looked just like this . . . before.","xxxx","23",,,
"Aylin_cutscene_23050_1B_Response","Yes . . . yes you are right. I am proud. Despite the odds, and despite our past setbacks, we have come far.","xxxx","11",,,
"Carpenter_cutscene_chatbubble_23050_1","Ma'am, we are all done in there. We've cleaned up everything.","xxxx","4",,,
"Aylin_cutscene_chatbubble_23050_1","Ah yes, thank you.","xxxx","8",,,
"Aylin_cutscene_23050_2","Come (playername). Let's take a look shall we?","xxxx","",,,
,,,"6",,,
"Carpenter_cutscene_chatbubble_23051_1","So, we've installed ultramarine tile floors.","xxxx","9",,,
"Carpenter_cutscene_chatbubble_23051_2","And new copper heat pumps. Per your request ma'am.","xxxx","9",,,
"Aylin_cutscene_chatbubble_23051_1","Excellent! . . . Thank you. You may go.","xxxx","33",,,
"Aylin_cutscene_23051_1","(playername), I feel like a missing part of my body has been returned to me._This bathhouse is my life, and it pained me dearly to see it in a broken and deteriorated state.","xxxx","45",,,
"Aylin_cutscene_23051_2","Now that I think about, you helped make some Bath Bloks before, but you've never been in here yet no?_Let me give you a quick tour then. We are currently in the change room. Here, guests can use the lockers and change into bathing gear.","xxxx","41",,,
"Aylin_cutscene_23051_3","This is the main atrium, and the main baths. A lot of guests can use these baths at once, and this area becomes quite lively._On the right, we have some small private baths for guests that prefer a more intimate experience.","xxxx","30",,,
"Aylin_cutscene_23051_4","Finally, up here, we have the upper baths. It's great for small groups and parties._Ideally, each bathing area has a different aroma, meaning a different Bath Blok for each bath.","xxxx","30",,,
"Aylin_cutscene_23051_5","Now then, we want to make a great first impression for our grand opening. Every bathing area should be using a Bath Blok._So (playername), any last questions before we go?","xxxx","9",,,
"Aylin_cutscene_23051_5A_Option","Why do all the baths need to be different?","xxxx","9",,,
"Aylin_cutscene_23051_5B_Option","How often do Bath Bloks need to be refilled?","xxxx","34",,,
"Aylin_cutscene_23051_5A_Response","Guests have different preferences. Each Blok gives unique aromas and heath benefits._If you have the time, you can try out the baths yourself after creating some Bloks. I think you will be plesantly surprised.","xxxx","23",,,
"Aylin_cutscene_23051_5B_Response","Usually, we will need to change the water once a day. But if no guests are present, a Bath Blok can last longer.","xxxx","26",,,
"Aylin_cutscene_23051_6","Thank you (playername). Remember, you must be meticulous and thorough in every pursuit._We are close to the finish line, but we must not lose our focus.","xxxx","",,,
,,,"25",,,
"Aylin_quest_23052_1","It looks like the baths are ready. I can smell the aroma from here. Good work._So (playername), are you ready to begin the grand opening?","xxxx","6",,,
"Aylin_quest_23052_1A_Option","I need a little more time.","xxxx","2",,,
"Aylin_quest_23052_1B_Option","I'm ready.","xxxx","7",,,
"Aylin_quest_23052_1A_Response","It must be perfect. We can wait.","xxxx","16",,,
"Aylin_quest_23052_1B_Response","Excellent. Let's begin. When you are ready, open your Teahouse, and we will open the Bathhouse.","xxxx","",,,
,,,"4",,,
"RestaurantGuest2_cutscene_chatbubble_23053_1","Whoa! It's really happening!","xxxx","8",,,
"Nabiha_cutscene_chatbubble_23053_1","I can't wait for a hot sulfur bath!","xxxx","7",,,
"Leon_cutscene_chatbubble_23053_1","Aye matey! This be a great day.","xxxx","9",,,
"Prisca_cutscene_chatbubble_23053_1","There is hope for this town . . .","xxxx","10",,,
"Eliza_cutscene_chatbubble_23053_1","Look honey! It's Aylin! She looks . . . different.","xxxx","9",,,
"Robert_cutscene_chatbubble_23053_1","Hotel Rose will be very busy . . .","xxxx","43",,,
"Aylin_cutscene_23053_1","Most of you do not know me. I am Aylin, the owner of the Peony Bathhouse._This bathhouse is my family's legacy, and once brought great joy to the town of White Ash Harbor. Back then, people from around the nation would come visit.","xxxx","36",,,
"Aylin_cutscene_23053_2","When I closed these doors forty years ago, I felt I was doing the right thing for myself._It was only after I had sealed the bathhouse and myself from the town that I realized my mistake.","xxxx","40",,,
"Aylin_cutscene_23053_3","From afar, I watched as White Ash Harbor fell apart, and my family's heritage abandoned and deterioriated._This once lively building was empty and quiet. Despite my personal struggles, I could no longer bear to see it in such a state.","xxxx","39",,,
"Aylin_cutscene_23053_4","This Bathhouse was a place for locals and travellers alike to gather and share happy moments._Thanks to the help from people of this town, the Peony Bathhouse is open once again. Welcome to the opening of the Peony Bathhouse!","xxxx","",,,
,,,"7",,,
"Nadjet_cutscene_chatbubble_23054_1","Get those towels into the locker room!","xxxx","10",,,
"Nadjet_cutscene_chatbubble_23054_2","Make sure the salts are set at the correct intervals!","xxxx","11",,,
"Nadjet_cutscene_chatbubble_23054_3","If you need anything, please speak to one of our staff!","xxxx","5",,,
"Nadjet_cutscene_chatbubble_23054_4","No running! Enjoy the bathhouse!","xxxx","9",,,
"Hasel_cutscene_chatbubble_23054_1","We just entered a new world, haven't we Boba?","xxxx","5",,,
"Aloys_cutscene_chatbubble_23054_1","Sick. Hasel, wait for me!","xxxx","8",,,
"Uriel_cutscene_chatbubble_23054_1","Guys, can we go eat first? I'm hungry.","xxxx","12",,,
"TrainYoungMan_cutscene_chatbubble_23054_1","Hey gramps . . . this was a great trip after all.","xxxx","10",,,
"TrainOldMan_cutscene_chatbubble_23054_1","What did I tell you sonny? Don't underestimate this town!","xxxx","",,,
,,,"6",,,
"Hasel_restaurantService_2305_Arriving_1","What a nice teahouse. Right Boba?","xxxx","4",,,
"Hasel_restaurantService_2305_Ordering_1","This one looks tasty.","xxxx","7",,,
"Hasel_restaurantService_2305_Eating_1","Hey (playername), you should sell bubble teas!","xxxx","7",,,
"Hasel_restaurantService_2305_Eating_2","No no Boba. You can't have any!","xxxx","9",,,
"Hasel_restaurantService_2305_Eating_3","No. No. Boba stay away. You can't eat this!","xxxx","6",,,
"Hasel_restaurantService_2305_Leaving_1","I will remember this day forever.","xxxx","",,,
,,,"4",,,
"Thelio_restaurantService_2305_Arriving_1","I like this atmosphere.","xxxx","7",,,
"Thelio_restaurantService_2305_Ordering_1","Huh. This looks great. I'll take it.","xxxx","7",,,
"Thelio_restaurantService_2305_Eating_1","I think Bianca would like this one.","xxxx","9",,,
"Thelio_restaurantService_2305_Eating_2","It's a bit loud. Thankfully the food is great.","xxxx","10",,,
"Thelio_restaurantService_2305_Eating_3","That bath was great. I feel like a new person.","xxxx","7",,,
"Thelio_restaurantService_2305_Leaving_1","Whew. I need a nap after that.","xxxx","",,,
,,,"9",,,
"Aloys_restaurantService_2305_Arriving_1","Delicious food after a hot bath? I'm all in.","xxxx","8",,,
"Aloys_restaurantService_2305_Ordering_1","Huh. This one looks right up my alley.","xxxx","7",,,
"Aloys_restaurantService_2305_Eating_1","Hey Hasel, have you tried this (dish)?","xxxx","7",,,
"Aloys_restaurantService_2305_Eating_2","Slow down Uriel. Plenty of food here.","xxxx","3",,,
"Aloys_restaurantService_2305_Eating_3","Fantastic stuff (playername).","xxxx","10",,,
"Aloys_restaurantService_2305_Leaving_1","This place is perfect after a long day of work.","xxxx","",,,
,,,"7",,,
"Nabiha_restaurantService_2305_Arriving_1","That bath was amazing. I smell great!","xxxx","5",,,
"Nabiha_restaurantService_2305_Ordering_1","I would like something cold.","xxxx","1",,,
"Nabiha_restaurantService_2305_Eating_1","Succulent!","xxxx","4",,,
"Nabiha_restaurantService_2305_Eating_2","Just great. Just great.","xxxx","7",,,
"Nabiha_restaurantService_2305_Eating_3","Hey Bea, opening up the bar later?","xxxx","8",,,
"Nabiha_restaurantService_2305_Leaving_1","What I perfect day. I feel like dancing.","xxxx","",,,
,,,"10",,,
"Prisca_restaurantService_2305_Arriving_1","It's so great to see everyone gathered . . .","xxxx","5",,,
"Prisca_restaurantService_2305_Ordering_1","Wow. You serve this here?","xxxx","5",,,
"Prisca_restaurantService_2305_Eating_1","This (dish) is great (playername).","xxxx","4",,,
"Prisca_restaurantService_2305_Eating_2","Aylin is very strange.","xxxx","9",,,
"Prisca_restaurantService_2305_Eating_3","Oh yes, I had to approve the Bathhouse renovation.","xxxx","5",,,
"Prisca_restaurantService_2305_Leaving_1","White Ash Harbor is back!","xxxx","",,,
,,,"9",,,
"Bowie_restaurantService_2305_Arriving_1","Ah . . . I still remember this place.","xxxx","6",,,
"Bowie_restaurantService_2305_Ordering_1","I can't wait for this (dishname).","xxxx","5",,,
"Bowie_restaurantService_2305_Eating_1","Uriel, don't eat so much!","xxxx","10",,,
"Bowie_restaurantService_2305_Eating_2","This is some of the best food I've ever had.","xxxx","11",,,
"Bowie_restaurantService_2305_Eating_3","This reminds me of food I had when I was young.","xxxx","5",,,
"Bowie_restaurantService_2305_Leaving_1","Whew. Time to go home.","xxxx","",,,
,,,"11",,,
"Pomarine_restaurantService_2305_Arriving_1","Huh, I hope the meat is freshly caught . . .","xxxx","6",,,
"Pomarine_restaurantService_2305_Ordering_1","I'll take this. Thank you dear.","xxxx","9",,,
"Pomarine_restaurantService_2305_Eating_1","Yes . . . Yes I like this flavor.","xxxx","7",,,
"Pomarine_restaurantService_2305_Eating_2","I prefer something spicier. Where's the spice?","xxxx","3",,,
"Pomarine_restaurantService_2305_Eating_3","Got any peppercorns?","xxxx","10",,,
"Pomarine_restaurantService_2305_Leaving_1","It was a good meal, but I prefer the baths.","xxxx","",,,
,,,"4",,,
"MaeLou_restaurantService_2305_Arriving_1","(playername), you've come far.","xxxx","7",,,
"MaeLou_restaurantService_2305_Ordering_1","I think you would like this, grandpa.","xxxx","7",,,
"MaeLou_restaurantService_2305_Eating_1","Oh, I think these are my veggies!","xxxx","6",,,
"MaeLou_restaurantService_2305_Eating_2","Careful grandma. Remember to drink water!","xxxx","11",,,
"MaeLou_restaurantService_2305_Eating_3","Wish Anna May was here to enjoy this . . .","xxxx","12",,,
"MaeLou_restaurantService_2305_Leaving_1","That's it. I'm dragging Anna May here next time . . .","xxxx","",,,
,,,"5",,,
"Bea_restaurantService_2305_Arriving_1","I've found my new oasis.","xxxx","5",,,
"Bea_restaurantService_2305_Ordering_1","Oh yes. That looks good!","xxxx","7",,,
"Bea_restaurantService_2305_Eating_1","Aime, this reminds me of our honeymoon!","xxxx","3",,,
"Bea_restaurantService_2305_Eating_2","Amazing. Just amazing.","xxxx","6",,,
"Bea_restaurantService_2305_Eating_3","Can I just stay here forever?","xxxx","9",,,
"Bea_restaurantService_2305_Leaving_1","Uhhh Aime? I want to go for another bath.","xxxx","",,,
,,,"7",,,
"Aime_restaurantService_2305_Arriving_1","This looks like my kind of place!","xxxx","6",,,
"Aime_restaurantService_2305_Ordering_1","This will be perfect. Right Bea?","xxxx","2",,,
"Aime_restaurantService_2305_Eating_1","Seconds please!","xxxx","6",,,
"Aime_restaurantService_2305_Eating_2","I could eat this all day.","xxxx","8",,,
"Aime_restaurantService_2305_Eating_3","This is perfect after a day of gains.","xxxx","7",,,
"Aime_restaurantService_2305_Leaving_1","Bea, I'm going to need another workout!","xxxx","",,,
,,,"7",,,
"Casteau_restaurantService_2305_Arriving_1","Just like back then . . .","xxxx","5",,,
"Casteau_restaurantService_2305_Ordering_1","(playername), this menu looks great.","xxxx","10",,,
"Casteau_restaurantService_2305_Eating_1","Just fantastic. This would be great even in Billboard City.","xxxx","5",,,
"Casteau_restaurantService_2305_Eating_2","The flavors are well balanced.","xxxx","4",,,
"Casteau_restaurantService_2305_Eating_3","I'm very pround (playername).","xxxx","14",,,
"Casteau_restaurantService_2305_Leaving_1","Ah . . . I think will . . . work out after all.","xxxx","",,,
,,,"12",,,
"Uriel_restaurantService_2305_Arriving_1","A delicious meal after a hot bath? I'll come here every day!","xxxx","6",,,
"Uriel_restaurantService_2305_Ordering_1","I'm soooo hungry. I'll take anything!","xxxx","21",,,
"Uriel_restaurantService_2305_Eating_1","Oh yess . . . This . . . is . . . so . . . good . . . ","xxxx","5",,,
"Uriel_restaurantService_2305_Eating_2","Can I have more please?","xxxx","8",,,
"Uriel_restaurantService_2305_Eating_3","Good stuff (playername). I could eat this forever.","xxxx","8",,,
"Uriel_restaurantService_2305_Leaving_1","C'mon Aloys, Hasel. We're coming back tomorrow right?","xxxx","",,,
,,,"20",,,
"Nadjet_cutscene_23057_1","My feet feel like they're about to explode. You did good today, ya putts. Boss wants to talk to ya.","xxxx","3",,,
"Aylin_cutscene_23057_1","Thank you, Nadjet.","xxxx","12",,,
"Nadjet_cutscene_23057_2","I may or may not be passed out when you're finished talking.","xxxx","38",,,
"Aylin_quest_23057_1_Amazing","(playername), the grand opening was perfect, thanks to you. I've never seen the guests happier, in all the time I've managed this place._People especially enjoyed the Teahouse. I can see news of this reopening spreading far and wide.","xxxx","37",,,
"Aylin_quest_23057_1_Great","(playername), you did an excellent job with the Teahouse. The guests couldn't be happier to enjoy such a good meal, after a hot bath._I think we will do great things with this place . . . together.","xxxx","19",,,
"Aylin_quest_23057_1_Good","That was a great start (playername). As well as I could have hoped for. The guests were very happy.","xxxx","33",,,
"Aylin_quest_23057_1_Mid","It was a decent opening (playername). Guests were very happy with baths, but it seemed like the Teahouse didn't impress._We have more work to do. As I mentioned before, everything must be perfect.","xxxx","24",,,
"Aylin_quest_23057_1_Poor","(playername), the service and food at the Teahouse could have been much better. That is the honest truth. Thankfully, guests really enjoyed the baths.","xxxx","29",,,
"Aylin_quest_23057_2","(playername), seeing the bathhouse filled today was . . . beyond exciting. I sense a massive change in White Ash Harbor, and I can attribute that shift to you.","xxxx","19",,,
"Aylin_quest_23057_3","You came here, gave these people hope._You showed them that they were not forgotten by the world. Myself included.","xxxx","11",,,
"Aylin_quest_23057_3A_Option","I still have a question: Why close in the first place?","xxxx","9",,,
"Aylin_quest_23057_3B_Option","I need to know why you closed the bathhouse.","xxxx","12",,,
"Aylin_quest_23057_3A_Response","That's a fair question and I've been deflecting for far too long.","xxxx","16",,,
"Aylin_quest_23057_3B_Response","That's a rather brash attitude to take. I can see Nadjet has rubbed off on you.","xxxx","35",,,
"Aylin_quest_23057_4","You see . . . I was once human. I fell ill, and my body started to shut down._My doctor convinced me to undergo an experimental procedure and moved my brain into this android shell.","xxxx","38",,,
"Aylin_quest_23057_5","At the time, androids weren't recognized as independent beings yet._Humans saw me as a monster, and I, in turn, saw them the same way. I closed up and waited. Perhaps time would help fix hearts and change minds.","xxxx","45",,,
"Aylin_quest_23057_6","Are the people who were cruel to me then still around? A few, but it is clear that the winds have shifted._Androids walk among the people of my town and they are not run out. They are working side by side with their human counterparts.","xxxx","43",,,
"Aylin_quest_23057_7","It was a long time ago. Most of the residents in White Ash Harbor are too young to know me . . . back then._I realized my growing sadness in having closed down my family's treasured Bathhouse, so I decided to come back.","xxxx","30",,,
"Aylin_quest_23057_8","I am sorry about the secrecy surrounding my reasoning, (playername)._This is a subject no one else knows about, but I trust you now. That is something I don't give easily.","xxxx","22",,,
"Aylin_quest_23057_9","Now then (playername). It's late. Get some rest. We may have completed our grand opening, but we have much work to do.","xxxx",,,,
,,,,,,
"23058_ACT 3 END_Casteau Leaves",,,,,,
,,,"13",,,
"Hasel_cutscene_23058_1","Boba and I will miss you chef. Remember to take care of yourself!","xxxx","30",,,
"Aylin_cutscene_23058_1","Yes . . . Vincent. Thank you for coming all this way. After all this time, I'm . . . grateful that you were by my side for the reopening.","xxxx","46",,,
"Casteau_cutscene_23058_1","I'm grateful for you all. Coming here . . . has brought back so many memories. Seeing you all work together to revive the town . . ._Oh! I feel like a young man again. You guys will do great things together. I'm sure of it.","xxxx","6",,,
"Casteau_cutscene_23058_1A_Option","What will you do now chef?","xxxx","6",,,
"Casteau_cutscene_23058_1B_Option","I wish you could stay longer.","xxxx","25",,,
"Casteau_cutscene_23058_1A_Response","This old man needs to rest. Afterwards, I might take a train to Mount Santino to see my grandkids. They are growing up so fast!","xxxx","46",,,
"Casteau_cutscene_23058_1B_Response","I wish this too (playername). I wish I could jump into the kitchen and start cooking, ha! But my old age has caught up to me._It's time to go home. Who knows, I might have the energy to give a lecture or two at the academy!","xxxx","39",,,
"Casteau_cutscene_23058_2","(playername), I'm proud that you have taken the decision to come here. I know it wasn't an easy one._Seeing where you are now, I couldn't imagine Le Sequoia in better hands._You will be a great chef, I know it!","xxxx","47",,,
"Casteau_cutscene_23058_3","As an instructor, I have no more lessons to give you. Just go out there, and be your own chef._I started Le Sequoia, but now it's time for you to make it your own. Keep pushing, and discover what kind of chef you want to be (playername).","xxxx","8",,,
"Asher_cutscene_chatbubble_23058_1","Last call folks. Train will be leaving shortly!","xxxx","9",,,
"Casteau_cutscene_23058_4","Ho ho ho! Looks like it's time to go.","xxxx","1",,,
"Hasel_cutscene_chatbubble_23058_1","Bye!","xxxx","2",,,
"Aylin_cutscene_chatbubble_23058_1","Farewell, Vincent.","xxxx","12",,,
"Bowie_cutscene_chatbubble_23058_1","Hey wait . . . you didn't give me back my pipe!","xxxx",,,,
,,,,,,
"5001 - In Search of Tomatoes",,,,,,
,,,"20",,,
"MaeLou_cutscene_50010_1","Ah, good day (playername)! I hope you're getting settled in White Ash Harbor._Tell me, do you know anything about farming?","xxxx","9",,,
"MaeLou_cutscene_50010_1A_Option","I've done a lot of farming in the past.","xxxx","6",,,
"MaeLou_cutscene_50010_1B_Option","No, not much . . .","xxxx","33",,,
"MaeLou_cutscene_50010_1A_Response","Re . . .Really? I'm surprised! Not many city folk know how to farm these days. Anyhow, I've run into a small problem and I'm wondering if you could help me with something?","xxxx","31",,,
"MaeLou_cutscene_50010_1B_Response","Ah . . . I see. Well either way, maybe you will be able to learn quickly. I . . . Was wondering if you could help me with something (playername).","xxxx","35",,,
"MaeLou_cutscene_50010_2","You see, White Ash Harbor gets weekly shipments of fruits and vegetables from Timbertown up North. Mostly things we can't grow here you know?_Anyways, the farm up there has run into a shortage of Tomatoes.","xxxx","29",,,
"MaeLou_cutscene_50010_3","It's been a few weeks, and the residents here can't enjoy pizza or pasta anymore!_They come to my shop every morning looking for Tomatoes, but we've got nothing left!","xxxx","20",,,
"MaeLou_cutscene_50010_4","But . . . We may be able to grow our own . . . with your help of course.","xxxx","",,,
,,,"10",,,
"MaeLou_quest_50011_1","So (playername), are you willing to help me with this?","xxxx","6",,,
"MaeLou_quest_50011_1A_Option","Sure! I can grow some tomatoes.","xxxx","10",,,
"MaeLou_quest_50011_1B_Option","Uh . . . I have a restaurant to run.","xxxx","10",,,
"MaeLou_quest_50011_1A_Response","Fantastic! The town will be very grateful for your help.","xxxx","31",,,
"MaeLou_quest_50011_1B_Response","Oh . . . right. Sorry I got carried away. You are right, you must be very busy. Well, see you later then. Let me know if you change your mind!","xxxx","29",,,
"MaeLou_quest_50011_2","Meet me by April's House just West of your restaurant . . . it's . . . uhhhhh . . . the house with the garden and wooden fence.","xxxx","",,,
,,,"15",,,
"MaeLou_cutscene_A_50012_1","Ah, there you are (playername)._Come quick! I have to get back to my shop soon.","xxxx","5",,,
"MaeLou_cutscene_A_50012_1A_Option","What are we doing here?","xxxx","8",,,
"MaeLou_cutscene_A_50012_1B_Option","I assume we will be using this greenhouse?","xxxx","18",,,
"MaeLou_cutscene_A_50012_1A_Response","You see . . . tomatoes require less volatile conditions to grow well._That's where this greenhouse comes in.","xxxx","22",,,
"MaeLou_cutscene_A_50012_1B_Response","Exactly! Tomatoes require less volatile conditions to grow well._They will grow much better inside a greenhouse than trying to grow them outdoors.","xxxx","",,,
,,,"32",,,
"MaeLou_quest_50013_1","Unfortunately I'm far too busy to tend the farm, the shop, my grandparents . . . well, you get it._If you can help grow some tomatoes here, it would really save us.","xxxx","9",,,
"MaeLou_quest_50013_1A_Option","Did April approve of this? This is HER greenhouse.","xxxx","5",,,
"MaeLou_quest_50013_1B_Option","April said this was ok?","xxxx","33",,,
"MaeLou_quest_50013_1A_Response","She said we can use it, I promise!_She prefers that the greenhouse is being used rather than sitting here all empty. She says farming is a way of 'giving back to the earth.'","xxxx","30",,,
"MaeLou_quest_50013_1B_Response","Well of course! She doesn't really use it these days._She said it was ok, as long as we do not use the greenhouse for 'nefarious' purposes. Her words, I swear!","xxxx","15",,,
"MaeLou_quest_50013_2","Now then, let's take a look and see what we are working with, shall we?","xxxx","",,,
,,,"28",,,
"MaeLou_quest_50014_1","So . . . one thing you should know first. This greenhouse doesn't belong to me._It belongs to the woman who lives next door. Her name is April.","xxxx","11",,,
"MaeLou_quest_50014_1A_Option","Wait . . . WHAT? Shouldn't we ask for her permission?","xxxx","7",,,
"MaeLou_quest_50014_1B_Option","I assume she is ok with this?","xxxx","30",,,
"MaeLou_quest_50014_1A_Response","Yes! Well normally I would . . . But she's been gone on her trip for months and no one knows when she's coming back._The town really needs those tomatoes.","xxxx","36",,,
"MaeLou_quest_50014_1B_Response","Not exactly . . . She . . . has been away on a trip for several months. No one knows when she is coming back. Since her greenhouse isn't being used anyways . . .","xxxx","8",,,
"MaeLou_quest_50014_2",". . . I think she woudn't mind.","xxxx","6",,,
"MaeLou_quest_50014_2A_Option","Wait. Isn't this breaking and entering?","xxxx","11",,,
"MaeLou_quest_50014_2B_Option","Yes . . . I have no moral objections to this.","xxxx","34",,,
"MaeLou_quest_50014_2A_Response","Ah (playername), you worry too much! The folks in this town, we are all friends here, so it's no biggie._I . . . will just bring her some free veggies when she comes back.","xxxx","10",,,
"MaeLou_quest_50014_2B_Response","Great! Glad to know we are on the same page.","xxxx","31",,,
"MaeLou_quest_50014_3","Now then, let me just jiggle this lock here . . . and . . ._. . . Almost there . . . Got it! Let's check it out, shall we?","xxxx","",,,
,,,"18",,,
"MaeLou_cutscene_50015_1","It's a little shabby looking, but it should get the job done. Now, lets see . . .","xxxx","23",,,
"MaeLou_cutscene_50015_2","Ah great. So it looks like there's a sink to get water, and a compost box if you want to enrich your plants.","xxxx","9",,,
"MaeLou_cutscene_50015_3","And here, take these. You'll need this watering can.","xxxx","16",,,
"MaeLou_cutscene_50015_4","Also, I've managed to extract a few tomato seeds from the last few tomatoes I've saved.","xxxx","21",,,
"MaeLou_cutscene_50015_5","Just plant them in the soil and remember to water them every day, or they will not grow! Good luck (playername)!","xxxx","",,,
,,,"19",,,
"MaeLou_quest_50016_1","Perfect (playername), you did it! That should be enough tomatoes to last us until the Timbertown situation is fixed.","xxxx","28",,,
"MaeLou_quest_50016_2","Hey, why not use the greenhouse to grow some of your own ingredients to use in the restaurant? I'm sure the guests would appreciate some freshly grown produce.","xxxx","20",,,
"MaeLou_quest_50016_3","Have a couple of these seeds. I'm sure these little seedlings will be sprouting some culinary delights in no time!","xxxx",,,,
,,,,,,
"5002 - A Fluffy Dilemma",,,,,,
,,,"13",,,
"Milo_cutscene_chatbubble_50020_1","No . . . no . . . no this won't do. Ughhhh!","xxxx","16",,,
"Milo_cutscene_50020_1",". . ._. . . Oh (playername), sorry. I was lost in my train of thought.","xxxx","3",,,
"Milo_cutscene_50020_1A_Option","What's wrong Milo?","xxxx","6",,,
"Milo_cutscene_50020_1B_Option","Do you need help with something?","xxxx","33",,,
"Milo_cutscene_50020_1A_Response","It's my material suppliers. They've sent me a bad batch of low-quality cotton._We don't get another shipment for a whole month. I have a big order of sweaters that needs to be filled.","xxxx","20",,,
"Milo_cutscene_50020_1B_Response","Let me think . . . my cotton supplier sent me another bad batch. I can't use this at all!","xxxx","15",,,
"Milo_cutscene_50020_2","Come to think about it, I heard you've been using April Greenhouse to grow crops?","xxxx","16",,,
"Milo_cutscene_50020_3","Ah . . . maybe . . . you can grow some cotton in your greenhouse.","xxxx","",,,
,,,"37",,,
"Milo_quest_50021_1","I just so happen to have some cotton seeds here with me. Been saving them for a long time, just in case something like this happens._Would you be willing to help grow some cotton in your greenhouse?","xxxx","2",,,
"Milo_quest_50021_1A_Option","Sure thing!","xxxx","6",,,
"Milo_quest_50021_1B_Option","Uh . . . maybe later.","xxxx","19",,,
"Milo_quest_50021_1A_Response","Thank you (playername). Come visit me at my home later, just beside Bibi Apartments._I'll prepare the seeds for you.","xxxx","14",,,
"Milo_quest_50021_1B_Response","I see. Well, you must have something more important to do. See you then.","xxxx","",,,
,,,"28",,,
"Milo_cutscene_50022_1","There you are (playername). Welcome to my home!_Smells good right? I'm trying out this new tomato soup recipe. Maybe you can share some pointers when you have time?","xxxx","13",,,
"Milo_cutscene_50022_2","Anyways, let me get you what you came for. Just up the stairs.","xxxx","22",,,
"Milo_cutscene_50022_3","Look at this! Such low quality! All of it! Despicable . . ._How am I supposed to make quality clothing with this?","xxxx","31",,,
"Milo_cutscene_50022_4","It's all up to you now. Without some quality cotton, I'll be in trouble for my next order._My reputation will be ruined if I ship out sweaters with such poor materials.","xxxx","36",,,
"Milo_cutscene_50022_5","Here are some Cotton Seeds I've saved. If you need more, I can sell you some in my shop._If you are able to bring 40 pieces of Cotton, it should be enough to complete this order.","xxxx","",,,
,,,"25",,,
"Milo_quest_50023_1","Excellent! These are very good quality. You were a big help (playername)._I no longer need to rely on those scrubs from The Old Fabric Factory.","xxxx","33",,,
"Milo_quest_50023_2","Now I can return to expanding my fashion empire, one sweater at a time!_Take some fresh veggies I'ved saved up. Till next time! Come see me if you need some custom clothing made.","xxxx",,,,
,,,,,,
"5003 - Brewing a Beer",,,,,,
,,,"8",,,
"Bea_quest_50030_1_Friendship","Ah bonjour (playername)! Getting settled in town oui?","xxxx","18",,,
"Bea_quest_50030_1_NoFriendship","Ah bonjour! (playername) right? I heard about a savvy young chef stirring things up in White Ash Harbor.","xxxx","31",,,
"Bea_quest_50030_2"," Let me give you a piece of advice : avoid those pinching little monsters on the beach._It got my Sophia yesterday right on the toes. She cried for the entire night!","xxxx","17",,,
"Bea_quest_50030_3","Crabs are evil little things if I do say so myself._Anyways, how goes things with your restaurant?","xxxx","7",,,
"Bea_quest_50030_3A_Option","Not bad. It's a lot of work.","xxxx","6",,,
"Bea_quest_50030_3B_Option","Fantastic! Customers are digging the menu.","xxxx","17",,,
"Bea_quest_50030_3A_Response","Tell me about it! Running a bar gives me anxiety sometimes._I can't imagine managing a whole restaurant!","xxxx","13",,,
"Bea_quest_50030_3B_Response","Great to hear! I'd better get Aime and come eat there more often.","xxxx","",,,
,,,"22",,,
"Bea_quest_50031_1","On that topic, have you thought about brewing your own alcohol?_If you are willing, I can teach you how to get started.","xxxx","6",,,
"Bea_quest_50031_1A_Option","I would love to try it!","xxxx","4",,,
"Bea_quest_50031_1B_Option","I don't like alcohol.","xxxx","33",,,
"Bea_quest_50031_1A_Response","Excellent! How about this. Meet me at my house in the afternoon. I will show you how to brew._And you can help me out with something as well. Favor for a favor, ha!","xxxx","37",,,
"Bea_quest_50031_1B_Response","Oh! . . . wait . . . you don't like alcohol? Not even a little wine in the evening?_Not even a whisky break at noon? No four O'clock Gin and Tonic? Jeez. You aren't living (playername)!","xxxx","",,,
,,,"23",,,
"Bea_cutscene_50032_1","Ah there you are (playername). Welcome to my humble home!_I won't keep you for too long, but I want to show you this.","xxxx","33",,,
"Bea_cutscene_50032_2","Here is a Boiling Vat and a Fermentation tank I use for brewing. We don't use these too often at the bar nowadays, so who better to give them to?_How do they look?","xxxx","8",,,
"Bea_cutscene_50032_2A_Option","Whoa, you are giving me these for free?","xxxx","5",,,
"Bea_cutscene_50032_2B_Option","I love it! Thanks Bea!","xxxx","8",,,
"Bea_cutscene_50032_2A_Response","Well . . . technically not for free.","xxxx","18",,,
"Bea_cutscene_50032_2B_Response","Hold you horses there (playername). Not so fast!_I just need one little favor in exchange for these beauties.","xxxx","40",,,
"Bea_cutscene_50032_3","The bar is a little short on Beer this week. Between managing the bar and taking care of the kids, I'm too busy to brew them myself._How about it? Give them a test run and brew Bea some Beer! Ha!","xxxx","34",,,
"Bea_cutscene_50032_4","To brew Beer, you will need to start with some Barley._Next, boil the Barley to obtain some Wort. Still following? Oui? After that, pour the Wort in the Fermentation tank and let it ferment.","xxxx","16",,,
"Bea_cutscene_50032_5","Easy peasy! Got everything? So I will need another . . . 20 bottles of Beer.","xxxx","5",,,
"Bea_cutscene_50032_5A_Option","No . . . wait!","xxxx","12",,,
"Bea_cutscene_50032_5B_Option","Yes . . . I think I understand. I'll get to it.","xxxx","19",,,
"Bea_cutscene_50032_5A_Response","Ah don't worry about it! I'll give you the recipe. You'll be fine. I have faith in you (playername)!","xxxx","17",,,
"Bea_cutscene_50032_5B_Response","Fantastic. You'll be brewing up a storm in no time. I'll be the first to taste test!","xxxx","",,,
,,,"40",,,
"Bea_quest_50033_1","Manifique! It looks like you've got 20 bottles of Beer here._Since you're here, I've got one last gift for you. It's a Distiller. For brewing certain alcohols, like Vodka and Whisky, you will need to distill the liquid after fermenting.","xxxx","17",,,
"Bea_quest_50033_2","Feel free to try out different combinations with the machines. You might be surprised what you get.","xxxx","25",,,
"Bea_quest_50033_3","If you need additional machines, I'd speak to Bianca._I'm sure she can craft some great machines if you bring her the required resources. Happy brewing!","xxxx",,,,
,,,,,,
,,,,,,
"5004 - Memory of a Drink",,,,,,
,,,"19",,,
"Nacim_cutscene_50040_1","What . . . what if . . . Where did I put it?_. . ._Ughhhhhhh . . .","xxxx","35",,,
"Nacim_cutscene_50040_2","Oh hey there (playername). Just the person I wanted to see._Uhhhh . . . So I've got a question for you._Do you ever forget something really important, but you are on the edge of remembering?","xxxx","11",,,
"Nacim_cutscene_50040_2A_Option","I forget things all the time, but . . . no.","xxxx","7",,,
"Nacim_cutscene_50040_2B_Option","No, because I'm a very organized person.","xxxx","26",,,
"Nacim_cutscene_50040_2A_Response","Totally lost in spacetime huh? I get that. But I hope I don't forget what I'm trying to remember. It . . . will be devastating.","xxxx","15",,,
"Nacim_cutscene_50040_2B_Response","I wish I had your discipline (playername), then I wouldn't be in my current dilemma.","xxxx","35",,,
"Nacim_cutscene_50040_3","You see, there's a maintence room . . . right underneath Le Sequoia actually._We used to do some piping work down there, but we've stopped using it 2 years ago and it's since been abandoned.","xxxx","21",,,
"Nacim_cutscene_50040_4","I just realized today that I . . . left something down there. It's . . . very important to me.","xxxx","5",,,
"Nacim_cutscene_50040_4A_Option","So let's go get it!","xxxx","7",,,
"Nacim_cutscene_50040_4B_Option","I assume we can't get to it?","xxxx","22",,,
"Nacim_cutscene_50040_4A_Response","Unfortunately therein lies my dilemma. I've missplaced the key to the maintence room, and I no longer remember where I put it.","xxxx","15",,,
"Nacim_cutscene_50040_4B_Response","Ah you read my mind! Exactly. I no longer remember where I put this key.","xxxx","32",,,
"Nacim_cutscene_50040_5","The night I had lost the key, I was having drinks with Bowie by the docks._That old man can chat up a storm. Anyways, we were drinking a lot . . .","xxxx","29",,,
"Nacim_cutscene_50040_6",". . . next thing I knew . . . I woke up face down on the ground, in the middle of town square, and the key was gone!","xxxx","",,,
,,,"12",,,
"Nacim_quest_50041_1","So (playername). Would you be willing to help me find my key?","xxxx","7",,,
"Nacim_quest_50041_1A_Option","That key is as good as found!","xxxx","8",,,
"Nacim_quest_50041_1B_Option","Uh . . . sorry maybe another time.","xxxx","31",,,
"Nacim_quest_50041_1A_Response","Ah many thanks (playername). I knew you were a kind-hearted person!_First things first. You could start out by talking to Bowie. He might remember something from that night we were drinking.","xxxx","26",,,
"Nacim_quest_50041_1B_Response","Oh . . . I see. Well let me know if you change your mind. In the meantime . . . I'll dig around some more.","xxxx","",,,
,,,"13",,,
"Bowie_quest_50042_1_Friendship","Ahoy there (playername). What can I do ya for on this fine day?","xxxx","37",,,
"Bowie_quest_50042_1_NoFriendship","(playername) right? The towns been buzzing about a hotshot chef cooking up a storm in town. Oh . . . we've met before haven't we?_Come to hear about that time I fought off a great white shark?","xxxx","5",,,
"Bowie_quest_50042_1A_Option","Actually, Nacim needs your help.","xxxx","9",,,
"Bowie_quest_50042_1B_Option","Do you remember drinking with Nacim a while back?","xxxx","39",,,
"Bowie_quest_50042_1A_Response","Ah Nacim! Poor kid . . . Lost his wife a few years ago and takes care of two kids all by himself . . ._He's still one of the cheeriest people in town. After myself of course! Hohoho!","xxxx","43",,,
"Bowie_quest_50042_1B_Response","Ah Nacim! Great fellow. Yes, I do believe we had a drink by these very docks. To be honest with you, I don't remember a lot . . ._Except for the drink we had. Man, that was some strong stuff I tell ya!","xxxx","53",,,
"Bowie_quest_50042_2","So there I was . . . telling him about that time I climbed the Eiffel Tower, not using the stairs mind you, when this . . ._. . . this GIANT . . . eagle lands right next to me. I almost lost my grip! Never seen something so . . .","xxxx","4",,,
"Bowie_quest_50042_2A_Option","Uh Bowie? About Nacim?","xxxx","11",,,
"Bowie_quest_50042_2B_Option","I think we are detracting from our topic . . .","xxxx","39",,,
"Bowie_quest_50042_2A_Response","Oh right! Sorry. My bad. It's a bad habit of mine. Too many stories in this old head. Gotta let it out sometimes you know?_Mhmmmm . . . so I see. Nacim can't find the maintence room key huh?","xxxx","30",,,
"Bowie_quest_50042_2B_Response","Ah sorry. I'll tell you about that next time . . ._. . . Hmmmmm . . . Mhmmmm . . . I see. Nacim lost the maintence key huh?","xxxx","38",,,
"Bowie_quest_50042_3","Unfortunately, I have no idea where he put it. I don't have much of a memory of that night myself._When I woke up, I was laying face down on the beach! A little crab was pinching my beard!","xxxx","39",,,
"Bowie_quest_50042_4","But . . . I do have a . . . special way of remembering things that happened on drunken nights._All you have to do . . . is drink the same drink that made you drunk that night!","xxxx","10",,,
"Bowie_quest_50042_4A_Option","Wait . . . what? Wouldn't you forget more things?","xxxx","3",,,
"Bowie_quest_50042_4B_Option","Isn't that alcoholism?","xxxx","21",,,
"Bowie_quest_50042_4A_Response","Well . . . Just drink a little bit. Just experience the taste so your senses get transported back in time.","xxxx","27",,,
"Bowie_quest_50042_4B_Response","Not at all (playername)! Not at all! The taste is all you need. Flavors can trigger emotions and memories! I read it in a science article once.","xxxx","39",,,
"Bowie_quest_50042_5","Trust me on this! Experience never lies. Now I believe the alcohol we had was called . . . Cachaca!_A strong spirit from south America if I remember correctly._Unfortunately bottles are very hard to come by . . .","xxxx","27",,,
"Bowie_quest_50042_6","Ah wait! Last I head, you've been brewing your own drinks for the restaurant. Maybe you will be able to brew a bottom of Cachaca for Nacim! ","xxxx","18",,,
"Bowie_quest_50042_7",". . . Let me see . . . hohoho . . . here's a recipe. Good luck!","xxxx","",,,
,,,"8",,,
"Nacim_quest_50043_1","Hi (playername). Learn anything from chatting with Bowie?","xxxx","7",,,
"Nacim_quest_50043_1A_Option","Yes, in fact I did. Drink this.","xxxx","9",,,
"Nacim_quest_50043_1B_Option","Yes. He has a peculiar solution . . .","xxxx","35",,,
"Nacim_quest_50043_1A_Response","Wait what is that? . . . Oh I see . . . A bottle of Cachaca, the same as from that night huh? He said this will work?_. . . Alright then. Bottoms up!","xxxx","36",,,
"Nacim_quest_50043_1B_Response","Huh? . . . What? You want me to drink this? Is this such a good idea . . ._. . .I see. That Bowie. He'll regret it if this goes badly. Well, here goes nothing.","xxxx","",,,
,,,"17",,,
"Nacim_cutscene_chatbubble_50044_1","I feeeeeel a tad dizzy . . . Justa tad. Ah . . . This feels familiar.","xxxx","9",,,
"Nacim_cutscene_chatbubble_50044_2"," Now, what was I supposed to be doing again?","xxxx","4",,,
"Nacim_cutscene_chatbubble_50044_3","Whoaaaa!! This tree biiiiggggg!!!","xxxx","6",,,
"Nacim_cutscene_chatbubble_50044_4",". . . Like really biiiigggggg!!!!","xxxx","10",,,
"Nacim_cutscene_chatbubble_50044_5","Oh hellowww there baby. Quite the looker there aren't ya?","xxxx","",,,
,,,"32",,,
"Nacim_cutscene_50045_1","Ah (playername), I found it! It really worked._That bottle of Cachaca got me waddling around town for a while. But when I began recovering, I finally remembered where I placed the key!","xxxx","13",,,
"Nacim_cutscene_50045_2","This is fantastic! I can finally . . . here, come with me.","xxxx","26",,,
"Nacim_cutscene_50045_3","Here we are. This is the entrance to the maintence room._. . . And here we are. Finally open after two whole years . . .","xxxx","2",,,
"Nacim_cutscene_50045_3A_Option","What's wrong?","xxxx","6",,,
"Nacim_cutscene_50045_3B_Option","Is there something I should know?","xxxx","26",,,
"Nacim_cutscene_50045_3A_Response","Uhhhh . . . It's just that, this place holds some . . . bad memories for me. I'd prefer not to awaken those feelings again.","xxxx","41",,,
"Nacim_cutscene_50045_3B_Response","No . . . No . . . It's just that . . . I don't have the best memories of this place. It was a dark time in my life._Would you be so kind to do me one last favor?","xxxx","38",,,
"Nacim_cutscene_50045_4","Would you be willing to go down and find the item for me? It's . . . an old photo albulm._It might be dusty down there, so you might need to search around a bit._Be careful down there!","xxxx","",,,
,,,"10",,,
"Player_cutscene_chatbubble_50046_1","This place looks like it's been abandoned for a while.","xxxx","6",,,
"Player_cutscene_chatbubble_50046_2","Now where is that photo albulm?","xxxx","",,,
,,,"9",,,
"found_photo_album","This must be Nacim's photo album. Let's show him.","xxxx","6",,,
"no_photo_album_1","Don't see a photo album here.","xxxx","4",,,
"no_photo_album_2","Just some dirt here.","xxxx","5",,,
"no_photo_album_3","Ah . . . nevermind.","xxxx","",,,
,,,"41",,,
"Nacim_quest_50047_1","Ah . . . I was right. There it is. Thank you (playername). You don't know how much this means to me . . . I . . . I . . . ah, maybe some things are best left unsaid.","xxxx","33",,,
"Nacim_quest_50047_2","Why don't you hold onto the keys. You can use the room for anything you like. The maintence room also has a back entrance, which you can use to directly access Le Sequoia. ","xxxx","29",,,
"Nacim_quest_50047_3","In order to do so, you'll need this to use the backdoor. Thank you (playername). I need to spend some time on my own . . . with this.","xxxx",,,,
,,,,,,
,,,,,,
"5005 - Into the Mines",,,,,,
,,,"1",,,
"Worker1_cutscene_chatbubble_50050_1","Huh.","65","1",,,
"Worker2_cutscene_chatbubble_50050_1","Huff.","65","1",,,
"Worker1_cutscene_chatbubble_50050_2","Huh.","65","1",,,
"Worker2_cutscene_chatbubble_50050_2","Huff.","65","5",,,
"Worker1_cutscene_chatbubble_50050_3","There ya go. All done.","65","7",,,
"Gavin_cutscene_chatbubble_50050_1","Exciting day! The mines are open again!","65","9",,,
"Hugo_cutscene_chatbubble_50050_1","Not exactly. We won't be restarting the mining operations.","65","5",,,
"Hugo_cutscene_chatbubble_50050_2","Anyways, here is your payment.","65","11",,,
"Prisca_cutscene_chatbubble_50050_1","Uh . . . Gavin sir, are you sure about this?","65","12",,,
"Gavin_cutscene_chatbubble_50050_2","Right right. Thank you! Let me know if you need anything else!","65","6",,,
"Sahil_cutscene_chatbubble_50050_1","Need a hand in there sir?","65","9",,,
"Duri_cutscene_chatbubble_50050_1","Ohhhhh it's very dark. Are you sure about this?","65","7",,,
"Hugo_cutscene_chatbubble_50050_3","No . . . no it's fine.","65","5",,,
"Hugo_cutscene_chatbubble_50050_4","Well then, I'll be off.","65","13",,,
"Gavin_cutscene_chatbubble_50050_3","Quite a productive day eh Prisca? I feel like celebrating with a drink.","65","13",,,
"Gavin_cutscene_chatbubble_50050_4","Oh, the garbage is starting to pile up in the square. Chop chop!","65","7",,,
"Prisca_cutscene_50050_1","Oh (playername)? You saw that didn't you?","245","4",,,
"Prisca_cutscene_50050_1A_Option","What's going on here?","50","3",,,
"Prisca_cutscene_50050_1B_Option"," Are you alright?","50","11",,,
"Prisca_cutscene_50050_1A_Response","The Mayor made a deal with LELSH to reopen the mines.","245","24",,,
"Prisca_cutscene_50050_1B_Response","Oh . . . me? I'm fine. Well actually, I'm worried for the town._LELSH made a deal with the Mayor to reopen the mines.","245","19",,,
"Prisca_cutscene_50050_2","I'm concerned about LELSH's increasing influence in White Ash Harbor. It's bad enough they have a permanent station here.","245","41",,,
"Prisca_cutscene_50050_3","Problem is, they aren't telling us why they want to reopen the mines. Everything is done in secret. I have no idea what they want with the mines now._LELSH . . . They've destroyed small towns like ours in the past.","245","32",,,
"Prisca_cutscene_50050_4","Have you heard the story of Tidehaven? . . . No? Well, I'll tell you about it some other time._In a nutshell, Tidehaven . . . is an abandoned ghost town now.","245","45",,,
"Prisca_cutscene_50050_5","Now that the mines are open, we might as well make use of it. You may be able to find some valuable resources in there._If you have the time, could you gather some minerals for me? I'm working on . . . a little project.","245","43",,,
"Prisca_cutscene_50050_6","If you are able to bring me 5 pieces of Iron ore and 2 pieces of Copper Ore, I'll be able to complete my project._They should be fairly easy to find inside the mines. Take this old drill. It might come in handy.","245",,,,
,,,"11",,,
"Prisca_quest_50051_1","Ah thank you (playername). This will do. Come check this out.","245",,,,
,,,"8",,,
"Prisca_cutscene_50052_1","Not bad huh? I'm not even a carpenter!","245","29",,,
"Prisca_cutscene_50052_2","In case you are wondering what this is, it's a donations box._I want to repair some things around White Ash Harbor, but Gavin says the budget is too tight.","245","23",,,
"Prisca_cutscene_50052_3","So one day, I had a great idea. Why not let the townsfolk make contributions, and they can decide what we will fix!","245","25",,,
"Prisca_cutscene_50052_4","You can contribute credits, resources, or help the residents using the Bulletin Board. The more you contribute, the bigger the project we can work on.","245","28",,,
"Prisca_cutscene_50052_5","Since you have been helpful already, I'll start you off with 100 Contribution Points._Use this box to select a project, and let me know when you have chosen!","245",,,,
,,,"29",,,
"Prisca_quest_50053_1","Excellent! This should be an excellent addition to the town. You can select a new project after the current one is complete._Remember, larger projects will require more Contribution Points","245","32",,,
"Prisca_quest_50053_2","That reminds me, since you are using the mines now, you should take this._Raw minerals can be useful in many cases, but higher quality materials may be needed to craft better items.","245","34",,,
"Prisca_quest_50053_3","Take this blueprint for a Furnace. If you gather the required resources, Bianca should be able to craft this for you._A Furnace can help remove impurities from raw minerals, and produce high quality Plates.","245","29",,,
"Prisca_quest_50053_4","If you are willing to donate some refined metal plates, it would be extremely helpful for repairing the town._Now then, off you go. The town won't be cleaning itself.","245",,,,
,,,,,,
,,,,,,
,,,,,,
,,,,,,
,,,,,,
"6020 - CHEAPER BY THE DOZEN",,,,,,
,,,"31",,,
"Pomarine_cutscene_60200_1","Ah, yes, how are you, (playername)? Me, I've been thinking. Been thinking about children._Wipe that look off your face, not with you! I got 12 already and you're not my type!","xxxx","38",,,
"Pomarine_cutscene_60200_2","No, I was thinking about how best to show my children how much I love each and every one of them._I was thinking I could make them each a basket with some of White Ash Harbor's freshest ingredients.","xxxx","",,,
,,,"34",,,
"Pomarine_quest_60201_1","I want the basket to contain a variety of the local meats. Unfortunatetly, but I'm recovering from a procedure with my shoulder, and can't hunt right now._Could you help me gather up these meats?","xxxx","8",,,
"Pomarine_quest_60201_1A_Option","Help you make gifts for your kids? Sure.","xxxx","6",,,
"Pomarine_quest_60201_1B_Option","I don't have time, maybe later?","xxxx","26",,,
"Pomarine_quest_60201_1A_Response","I would rather die than ask for help, but this one is for the kids. It will be a few weeks before I can hunt again.","xxxx","13",,,
"Pomarine_quest_60201_1B_Response","That's unexpected . . . come back if you change your mind then.","xxxx","50",,,
"Pomarine_quest_60201_2","For each child, I was thinking of giving them 2 cuts of each ingredient._Let's see . . . How about . . . Some Boar Meat, some Salmon, some Mushrooms, and some Mint Leaves. Yes . . . I think they will be able to do a lot with that.","xxxx","22",,,
"Pomarine_quest_60201_3","So in total, we will need 24 pieces of Boar Meat, 24 pieces of Salmon, 24 wild Mushrooms, and 24 Mint Leaves.","xxxx","23",,,
"Pomarine_quest_60201_4","That should do it! Thank you again, (playername) for assisting. Once you have the supplies, come find me, we'll put it all together.","xxxx","",,,
,,,"25",,,
"Pomarine_quest_60202_1","Ah ha! Yes, these will be perfect! They will love these baskets! Thank you, and for helping me out, allow me to do the same. ","xxxx","24",,,
"Pomarine_quest_60202_2","Here's a pair of leather bracers I crafted in my spare time. Frequently using hunting tools will wear out your hands. These should help.","xxxx","",,,
,,,"",,,
"6021 - POMARINE'S FINAL HUNT",,,"",,,
,,,"29",,,
"Pomarine_cutscene_60210_1","(playername), oh, hello . . . sorry, you caught me thinking._Have you ever had something you've always wanted, but never achieved?_Something . . . that got away from you?","xxxx","4",,,
"Pomarine_cutscene_60210_1A_Option","Like a lost love?","xxxx","5",,,
"Pomarine_cutscene_60210_1B_Option","Like something I couldn't achieve?","xxxx","37",,,
"Pomarine_cutscene_60210_1A_Response","No no no . . . that . . . yes, but no. More . . . like something you could never accomplish. And at my old age, I realized that my chance has finally slipped away.","xxxx","30",,,
"Pomarine_cutscene_60210_1B_Response","Exactly! Especially with this blasted hip, my hunting days are coming to an end I'm afraid. It's sad to think  . . . I couldn't do it . . .","xxxx","45",,,
"Pomarine_cutscene_60210_2","You must be confused as to what this old woman is blabbering about. You see, there's a creature in the woods . . . a monstrosity know as the ancient razorback._A creature I've been trying to hunt my whole life, but has always eluded me.","xxxx","55",,,
"Pomarine_cutscene_60210_3","I haven't seen it for years. I thought it had died of old age, but the other day, I saw it in the deep woods!_I picked up my bow, and I . . . I just couldn't. I realized that if I tried to take it own, it would be over for this old lady.","xxxx","",,,
,,,"19",,,
"Pomarine_quest_60211_1","So (playername), do you think you could do it?_Take down the Ancient Razorback and put my heart at rest?","xxxx","5",,,
"Pomarine_quest_60211_1A_Option","I can help you, Pomarine.","xxxx","9",,,
"Pomarine_quest_60211_1B_Option","I don't think I'm strong enough to fight it.","xxxx","45",,,
"Pomarine_quest_60211_1A_Response",". . . That's a relief to hear. As much as I usually don't need anyone . . . I do need help this time. Thank you._We leave tomorrow. Get any gear you'll need and meet me at my home in the morning. LETS HUNT!","xxxx","18",,,
"Pomarine_quest_60211_1B_Response","I see. It's true. That beast requires an extraordinary hunter to take down._Come back when you are stronger.","xxxx","",,,
,,,"2",,,
"Pomarine_quest_60212_1","Ready (playername)?","xxxx","5",,,
"Pomarine_quest_60212_1A_Option","Let's go for a hunt!","xxxx","7",,,
"Pomarine_quest_60212_1B_Option","On second thought, I need more time.","xxxx","7",,,
"Pomarine_quest_60212_1A_Response","Alright. Follow me. You better keep up!","xxxx","5",,,
"Pomarine_quest_60212_1B_Response","Don't keep me waiting (playername).","xxxx","",,,
,,,"3",,,
"Pomarine_cutscene_chatbubble_60213_1","Keep up slowpoke!","xxxx","6",,,
"Player_cutscene_chatbubble_60213_2","Can we have a rest please?","xxxx","10",,,
"Pomarine_cutscene_chatbubble_60213_3","I love these woods. So calm, so peaceful. Keep up.","xxxx","7",,,
"Player_cutscene_chatbubble_60213_4",". . . Alright . . .","xxxx","9",,,
"Pomarine_cutscene_chatbubble_60213_5","Notice how the birds spread the seeds around? Amazing.","xxxx","9",,,
"Player_cutscene_chatbubble_60213_6","You are awfully calm before hunting . . .","xxxx","",,,
,,,"9",,,
"Pomarine_cutscene_chatbubble_60214_1","This beast is vicious. Don't let your guard down.","xxxx","8",,,
"Player_cutscene_chatbubble_60214_2","I don't remember my knees being this tired.","xxxx","14",,,
"Pomarine_cutscene_chatbubble_60214_3","One wrong move . . . well . . . it won't be pretty.","xxxx","12",,,
"Player_cutscene_chatbubble_60214_4","I'll be okay, just moving at your speed is frightening to me.","xxxx","14",,,
"Pomarine_cutscene_chatbubble_60214_5","Shhhh . . . There it is! Let's move quiet, closer, before you attack.","xxxx","8",,,
"Player_cutscene_chatbubble_60214_6","WHAT THE??? That's the biggest . . .","xxxx","",,,
,,,"27",,,
"Pomarine_cutscene_60214_1","There it is (playername). Isn't she a beauty?_If you take her down, I may have to pass down the mantle of this town's greatest hunter._Are you ready?","xxxx","4",,,
"Pomarine_cutscene_60214_1A_Option","WHAT!!!?? That thing's huge!!!","xxxx","8",,,
"Pomarine_cutscene_60214_1B_Option","I . . . I think I'm ready.","xxxx","34",,,
"Pomarine_cutscene_60214_1A_Response","The largest I've ever seen (playername). But not impossible to beat. It may be big, so you have to be smart._Try not to stay too close to it. Use the environment to your advantage.","xxxx","30",,,
"Pomarine_cutscene_60214_1B_Response","That's the spirit. Now remember, avoid the tusks, obviously. It's also got a pretty deadly stomp too._So try not to stay too close to it, or you will be sorry.","xxxx","34",,,
"Pomarine_cutscene_60214_2","Onwards (playername). I'm too old to be battling that thing. I'll be over there . . . in the woods . . . awaiting your victory. Don't want to get hurt, now do I?","xxxx","",,,
,,,"42",,,
"Pomarine_cutscene_60215_1","She was a worthy opponent. I thank you for your life . . . what is this? And ID tag?_This . . . this is from LELSH! I always wondered how The Ancient Razorback was so big and red . . .","xxxx","30",,,
"Pomarine_cutscene_60215_2","It must have escaped some facility or something . . . or maybe they set it loose here? No, that would be . . . humans are the worst, regardless.","xxxx","29",,,
"Pomarine_cutscene_60215_3","Except for you. I'm glad we were able to end this creature's life because it was invasive to the area, clearly. Now nature will find balance in its absence. ","xxxx","26",,,
"Pomarine_cutscene_60215_4","My hip is also telling me that this is my last time being up here for a hunt . . . It's been a good run.","xxxx","37",,,
"Pomarine_cutscene_60215_5","As a show of gratitude, I want to give you something, my bow. I no longer need it for the game I'll be hunting. But you, you're still young. It will be better off in your hands.","xxxx","38",,,
"Pomarine_cutscene_60215_6","You can go anywhere you please, and that bow will keep you safe no matter where you end up._Now, if you'll excuse me, I have a cup of tea waiting for me at the bathhouse. Thank you, (playername).","xxxx",,,,
,,,,,,
"6022 - ONE WITH THE SEEDS",,,,,,
,,,,,,
"April_cutscene_60220_1","I knew we would speak today and it would be about this grave matter that is clouding my thoughts. I am . . . LOW ON SEEDS! ","xxxx",,,,
"April_cutscene_60220_2","(playername), I want to send my most organic seeds to Regrow the Planet, a non-profit that is trying to reclaim the Earth from the exploitations of mankind one plant at a time.","xxxx",,,,
,,,,,,
"April_quest_60221_1","My harvest from the greenhouse has been rather meager, I wasn't able to chant as much to the plants this season because business in the shop has picked up so much._I was curious if you could help me find the seeds I need to send?","xxxx",,,,
"April_quest_60221_1A_Option","Who doesn't want to help save the planet? Sure.","xxxx",,,,
"April_quest_60221_1B_Option","I mean, I want to help out, but I can't at the moment.","xxxx",,,,
"April_quest_60221_1A_Response","I knew you would be helpful in this endeavor. Thank you.","xxxx",,,,
"April_quest_60221_1B_Response","I . . . I didn't foresee this . . . I mean, that's okay, let me know when you can.","xxxx",,,,
"April_quest_60221_2","I need 5 Potato Seeds, 5 Orange Tree Seeds, and 5 Grape Seeds._I'll be at the shop when you have them all.","xxxx",,,,
,,,,,,
"April_cutscene_60222_1","Perfect, these will help save the planet, (playername)! You watch and see! You know what, for helping me, you can have some of these great tea-making ingredients I've collected!","xxxx",,,,
"April_cutscene_60222_2","You will be able to make a pretty great brew with this. Your staff will thank me, I'm sure!","xxxx",,,,
,,,,,,
"6023 - APRIL'S CRYSTAL BALL",,,,,,
,,,,,,
,,,"22",,,
"April_cutscene_60230_1","(playername)!, this is a disaster! I can't believe this. Everything . . . everything is ruined!_What am I supposed to do now! ","245","3",,,
"April_cutscene_60230_1A_Option","What happened here!?","xxxx","4",,,
"April_cutscene_60230_1B_Option","April! Pull yourself together!","xxxx","18",,,
"April_cutscene_60230_1A_Response","It was a Boar! A sloppy, disgusting, rancid, rascal of an animal! It somehow broke through the door.","245","20",,,
"April_cutscene_60230_1B_Response","Sorry . . . Yes . . . I lost myself there. A boar came through here. It destroyed everything!","245","23",,,
"April_cutscene_60230_2","The worst part is, it destroyed my crystal gazing ball. Without it, I can no longer commune with the spirts of the forest.","245","",,,
,,,"15",,,
"April_quest_60231_1","I cannot perform my readings without my crystal ball! What am I supposed to do?","245","9",,,
"April_quest_60231_1A_Option","Maybe I can help you create a new one?","50","8",,,
"April_quest_60231_1B_Option","Can't you use some cards or something instead?","50","47",,,
"April_quest_60231_1A_Response","Can you do that? Yes . . . I think it is possible. We would first need to collect a perfect quartz crystal._They are very hard to find and extract. I think you should talk to Bianca. I believe she knowns how to extract such a mineral.","245","25",,,
"April_quest_60231_1B_Response","No no no! You don't understand! My crystal gazing ball was blessed by the spirits of the forest!_Uggghh . . . You non-telepaths never understand!","245","",,,
,,,"12",,,
"Bianca_quest_60232_1","Ehhh . . . I'm a little busy today. Make it quick.","245","40",,,
"Bianca_quest_60232_2","So you are looking to extract a perfect quartz crystal huh? It requires a very powerful drill to get through that dense silica._Luckily, I do have a tool that is powerful enough to drill through. It won't come cheap though.","245","17",,,
"Bianca_quest_60232_3_Friendship","I'll offer it to you for a discount. How does 1500 Credits and 5 Power Cells sound?","245","15",,,
"Bianca_quest_60232_3_NoFriendship","It will cost you 4000 Credits and 10 Power Cells. Does that work for you?","245","3",,,
"Bianca_quest_60232_3A_Option","I'll take it!","50","11",,,
"Bianca_quest_60232_3B_Option","Um . . . It's too expensive for me right now.","50","35",,,
"Bianca_quest_60232_3A_Response","Here you go. This is an advanced diamond drill that will melt through rocks like butter._As for perfect quartz crystals, I believe they sometimes appear in the beach caves. Look for large, continuous crystalline structures.","245","9",,,
"Bianca_quest_60232_3B_Response","Come back to me if you change your mind.","245","",,,
,,,"38",,,
"April_quest_60233_1","Great (playername)! It looks like you got a fantastic quartz crystal there. We can definitely work with this._Next, we need to polish it into a perfect sphere. The only sculptor in town is Anna-May. Perhaps she can help?","245","36",,,
"April_quest_60233_2","After you have a perfect crystal ball, the next step is very important. So listen carefully._You must bring the crystal ball into the deep woods, to a stone pedestral in front of the Great Sequoia Tree.","245","32",,,
"April_quest_60233_3","You must also bring some food offerings to the spirits of the forest, or else they will not help us._The crystal and food offerings must be left on the stone altar overnight.","245","9",,,
"April_quest_60233_3A_Option","Well this makes sense. Even spirits need to eat.","50","9",,,
"April_quest_60233_3B_Option","Is all this necessary? We even need an offering?","50","48",,,
"April_quest_60233_3A_Response","Exactly! The food is also a sign of respect to the spirits of the forest. Food is one of the few things in which we can connect to the other realm with._The spirits don't often get to eat delicious food, especially from a skilled chef such as yourself.","245","31",,,
"April_quest_60233_3B_Response","Of course it's necessary! Food is one of the few things in which we can connect to the other realm with._It also a sign of respect for asking for their help.","245","11",,,
"April_quest_60233_4","Now let's get on shall we? People need their fortunes told!","245","",,,
,,,"21",,,
"AnnaMay_quest_60234_1","Hey (playername). Hope you are having a better day than I. I have a headache from playing video games all night.","245","30",,,
"AnnaMay_quest_60234_2","What's that? You need a crystal polished? That sounds quite difficult and requires a lot of precision._Unfortunately I cannot work until my headache is cured._Can you bring me some medicine?","245","",,,
,,,"46",,,
"AnnaMay_quest_60235_1","Ah thank you (playername). That feels much better. Now let me see your crystal._. . . _ . . . _ Mhhhmmm I see. Yes . . . This should be no problem. Meet me back at my studio and I will help polish the crystal.","245","",,,
,,,"31",,,
"AnnaMay_cutscene_60236_1","And here you go! One perfectly spherical quartz ball!_What?? You are heading into the deep woods? Be careful out here. I heard there are large beasts that roam around at night.","245","",,,
,,,"8",,,
"QuestSleep_Chat_60230","I should go check on the crystal ball.","65","",,,
,,,"42",,,
"April_quest_60237_1","Ah (playername) my saviour! You did it! It looks as good as new! And yes, I can feel the energy of the spirit flowing within._The dishes you made them must have been delicious to the spirits._You must be wanting your reward then? ","245","38",,,
"April_quest_60237_2","I possess a couple of very powerful amulets, passed down from my family through generations._Like the gazing crystal, they are infused with the blessings of forest spirits. Since you really saved me, you can pick one to keep!","245",,,,
,,,,,,
,,,,,,
"MISC CUTSCENES",,,,,,
,,,,,,
"1006 - PET STORE OPENING",,,,,,
,,,"9",,,
"Henrietta_cutscene_chatbubble_1006_1","Hello all! Welcome to Bark & Meow's grand opening!","65","11",,,
"Henrietta_cutscene_chatbubble_1006_2","We have some super-cute cats and dogs for you to adopt.","65","11",,,
"Henrietta_cutscene_chatbubble_1006_3","I hope you can find your perfect pet to bring home!","65","6",,,
"Tourist1_cutscene_chatbubble_1006_1","Oh my god. I'm sooo ready.","65","5",,,
"Tourist2_cutscene_chatbubble_1006_1","New shop opening? That's unexpected.","65","7",,,
"TrainYoungMan_cutscene_chatbubble_1006_1","Hey gramps. Do you want a puppy?","65","6",,,
"TrainOldMan_cutscene_chatbubble_1006_1","I just want a drink sonny.","65","13",,,
"Hasel_cutscene_chatbubble_1006_1","This is so exciting! But be careful in there Boba. Don't run off!","65","12",,,
"Thelio_cutscene_chatbubble_1006_1","Haven't seen a new shop open in a while . . .","65",,,,
,,,,,,
,,,,,,
"1007 - Meet Hugo",,,,,,
,,,"10",,,
"Hugo_cutscene_chatbubble_1007_1","Not bad . . . not bad . . .","65","1",,,
"Player_cutscene_chatbubble_1007_1","Hello.","65","19",,,
"Hugo_cutscene_1007_1","Don't see many people around this area . . ._I'm Hugo, B-Level Officer of the LELSH corporation. Need something?","245","7",,,
"Hugo_cutscene_1007_1A_Option","Not really. What are you doing here?","50","7",,,
"Hugo_cutscene_1007_1B_Option","I'm (playername). I've never seen you around?","50","9",,,
"Hugo_cutscene_1007_1A_Response","Sorry, that's classified. Info for top LELSH personnel only.","245","11",,,
"Hugo_cutscene_1007_1B_Response","I'm from the city. I'm here on a classified LELSH assignment.","245","42",,,
"Hugo_cutscene_1007_2","Since you are scouting the Volcano, may I presume you are in search of minerals? I have to collect rock samples for my . . . job._I can let you take some off my hands . . . for the right price.","245","6",,,
"Hugo_cutscene_1007_2A_Option","I thought LELSH abandoned these mines?","50","7",,,
"Hugo_cutscene_1007_2B_Option","Are you supposed to be doing that?","50","25",,,
"Hugo_cutscene_1007_2A_Response","They have. There is no more need for sulfur mining._But LELSH still has a use for this place. I cannot say any more than that.","245","29",,,
"Hugo_cutscene_1007_2B_Response","No, but you don't look like someone who will tell on me. Right friend?_If we keep this a secret, it can be mutually beneficial for the both of us.","245","38",,,
"Hugo_cutscene_1007_3","I'm just here on weekends. Find me if you need some raw materials._You can always go in and get them yourself, but it can be . . . dangerous in there. Anyways, I'm heading in. See you later.","245",,,,
,,,,,,
"1008 - First time entering hotel",,,,,,
,,,"44",,,
"Nacim_cutscene_1008_1","Hi, are you new here or do I really need to go out more often?_Oh I see. You are the new chef taking over Le Sequoia! I mistook you for a tourist. My apologies._My name is Nacim by the way. Pleased to meet you.","245","50",,,
"Nacim_cutscene_1008_2","I remember eating at Le Sequoia when I was a little boy. It was one of the best memories of my life. It's a shame that it's been closed for so long._I'm confident I speak for the whole town when I say that we can't wait to see it reopen!","245","25",,,
"Nacim_cutscene_1008_3","Chef Casteau has already reserved a room for you to stay in. Room 1B, just up the stairs._Please enjoy your time in White Ash Harbor!","245",,,,
,,,,,,
"1009 - PomPom Parlour Opening",,,,,,
,,,"3",,,
"Poppy_cutscene_chatbubble_1009_1","Hello! I'm Poppy!","65","6",,,
"Penny_cutscene_chatbubble_1009_1",". . . And I'm Penny!","65","5",,,
"Poppy_cutscene_chatbubble_1009_2","Residents of White Ash Harbor!","65","3",,,
"Penny_cutscene_chatbubble_1009_2","THAT MEANS YOU!","65","8",,,
"Poppy_cutscene_chatbubble_1009_3","Welcome to the cutest shop in the nation!","65","9",,,
"Penny_cutscene_chatbubble_1009_3","PomPom Parlour has everything you need . . .","65","9",,,
"Poppy_cutscene_chatbubble_1009_4",". . . to make your home suuuper cute!","65","7",,,
"Penny_cutscene_chatbubble_1009_4","Come join us for the grand opening!","65","8",,,
"Poppy_cutscene_chatbubble_1009_5",". . . Of PomPom Studios' latest store!","65","3",,,
"Penny_cutscene_chatbubble_1009_5","Now prepare yourself!","65","8",,,
"Poppy_cutscene_chatbubble_1009_6","And enter the whole new world of cute!","65","",,,
,,"65","6",,,
"Prisca_cutscene_chatbubble_1009_1","That renovation wasn't easy, you know?","65","10",,,
"Milo_cutscene_chatbubble_1009_1","Quite stylish . . . Yes, not bad at all.","65","8",,,
"Casper_cutscene_chatbubble_1009_1","Errrrr, what's this? Maybe Lou-Lou will like this.","65","3",,,
"Bianca_cutscene_chatbubble_1009_1","WHAT is THIS?","65","5",,,
"Bianca_cutscene_chatbubble_1009_2","Ughhhh that's it, I'm out.","65","4",,,
"RestaurantGuest1_cutscene_chatbubble_1009_1","Whoa, aren't they famous?","65","9",,,
"RestaurantGuest2_cutscene_chatbubble_1009_1","Yeaaaa, it's those twins! I've seen them on TV.","65","10",,,
"RestaurantGuest3_cutscene_chatbubble_1009_1","I can't believe they are opening a PomPom shop here!","65","8",,,
"Uriel_cutscene_chatbubble_1009_1","Happy to see a new store in town!","65",,,,
,,,,,,
"1010 - Barber Shop Opening",,,,,,
,,,"2",,,
"Antonio_cutscene_chatbubble_1010_1","Haircut sir?","65","3",,,
"Milo_cutscene_chatbubble_1010_1","Nah I'm good.","65","2",,,
"Antonio_cutscene_chatbubble_1010_2","Haircut, ma'am?","65","1",,,
"Bianca_cutscene_chatbubble_1010_1","Nope.","65","14",,,
"Antonio_cutscene_chatbubble_1010_3","Ah how about you sir? I could do a great do . . .","65","7",,,
"Aloys_cutscene_chatbubble_1010_1","No thanks man. I like my hair.","65","3",,,
"Antonio_cutscene_chatbubble_1010_4","Hey! Hey you!","65","6",,,
"Antonio_cutscene_chatbubble_1010_5","Ah yes you! What great hair!","65","6",,,
"Player_cutscene_chatbubble_1010_1","Uhhhhhh . . . wow really?","65","12",,,
"Antonio_cutscene_chatbubble_1010_6","With the help of an expert like myself, it can look amazing!","65","7",,,
"Player_cutscene_chatbubble_1010_2","Have you given anyone a haircut yet?","65","13",,,
"Antonio_cutscene_chatbubble_1010_7","Not yet . . . but you could be this salon's first customer!","65","5",,,
"Antonio_cutscene_chatbubble_1010_8","So, what do you say?","65",,,,
,,,,,,
,,,,,,
"1011 - Rec Center Opening",,,,,,
,,,"19",,,
"Aime_cutscene_1011_1","Finally! This is the day I've been waiting for!_A perfect place to train my biceps! They're gonna be HUUUGE!","65","15",,,
"Bea_cutscene_1011_1","Alright babe, settle down. Don't scare off everyone before they've gotten a chance to train.","65","29",,,
"Aime_cutscene_1011_2","Ha! Apologies, I got a little carried away there._But don't you know what this means?_No more lifting boulders by the beach. It's nice to have some proper gym equipment!","65","21",,,
"Bea_cutscene_1011_2","Maybe I'll drop in sometime. My abs could use a bit more definition._A bit heavy on the carbs lately, you know?","65","3",,,
"Bonnie_cutscene_chatbubble_1011_1","Have fun daddy!","65","7",,,
"Simon_cutscene_chatbubble_1011_1","Can I come work out too dad?","65","12",,,
"Bea_cutscene_chatbubble_1011_1","No no not now Simon. We are meeting your teacher right now.","65","11",,,
"Louis_cutscene_chatbubble_1011_1","I want to train too, so I can become super strong!","65","27",,,
"Aime_cutscene_1011_3","That's enough Louis. Kids, go with your mom. You can train with dad when your older. Dad can teach you all the best tricks to become strong!","65","6",,,
"Simon_cutscene_chatbubble_1011_2","Yay! I'm gonna kick Oliver's butt!","65","7",,,
"Bea_cutscene_chatbubble_1011_2","C'mon kids. Let's leave dad to it.","65","9",,,
"Louis_cutscene_chatbubble_1011_2","Ok, I want to become strong like Omega Man!","65",,,,
,,,,,"TOTAL",
,,,"85036",,,
